Date,Workout Name,Duration,Exercise Name,Set Order,Weight,Reps,Distance,Seconds,Notes,Workout Notes,RPE
2023-01-09 13:38:48,"Early Morning Workout",49m,"Bench Press (Dumbbell)",1,27.22,8.0,0,0.0,"","first time back in nyc :’)",
2023-01-09 13:38:48,"Early Morning Workout",49m,"Bench Press (Dumbbell)",2,27.22,6.0,0,0.0,,,
2023-01-09 13:38:48,"Early Morning Workout",49m,"Bench Press (Dumbbell)",3,27.22,6.0,0,0.0,,,
2023-01-09 13:38:48,"Early Morning Workout",49m,"Bench Press (Dumbbell)",4,27.22,6.0,0,0.0,,,
2023-01-09 13:38:48,"Early Morning Workout",49m,"Triceps Extension (Dumbbell)",1,27.22,6.0,0,0.0,"Shoulder felt a bit weird make sure form is right",,
2023-01-09 13:38:48,"Early Morning Workout",49m,"Triceps Extension (Dumbbell)",2,27.22,8.0,0,0.0,,,
2023-01-09 13:38:48,"Early Morning Workout",49m,"Triceps Extension (Dumbbell)",3,27.22,8.0,0,0.0,,,
2023-01-09 13:38:48,"Early Morning Workout",49m,"Incline Bench Press (Dumbbell)",1,15.88,10.0,0,0.0,"",,
2023-01-09 13:38:48,"Early Morning Workout",49m,"Incline Bench Press (Dumbbell)",2,15.88,10.0,0,0.0,,,
2023-01-09 13:38:48,"Early Morning Workout",49m,"Incline Bench Press (Dumbbell)",3,15.88,10.0,0,0.0,,,
2023-01-09 13:38:48,"Early Morning Workout",49m,"Side Bend (Dumbbell)",1,60.0,8.0,0,0.0,"",,
2023-01-09 13:38:48,"Early Morning Workout",49m,"Side Bend (Dumbbell)",2,60.0,8.0,0,0.0,,,
2023-01-09 13:38:48,"Early Morning Workout",49m,"Side Bend (Dumbbell)",3,60.0,10.0,0,0.0,,,
2023-01-09 13:38:48,"Early Morning Workout",49m,"Triceps Extension",1,22.68,10.0,0,0.0,"",,
2023-01-09 13:38:48,"Early Morning Workout",49m,"Triceps Extension",2,26.08,8.0,0,0.0,,,
2023-01-09 13:38:48,"Early Morning Workout",49m,"Triceps Extension",3,19.28,10.0,0,0.0,,,
2023-01-09 13:38:48,"Early Morning Workout",49m,"Cable Crossover",1,10.0,10.0,0,0.0,"",,
2023-01-09 13:38:48,"Early Morning Workout",49m,"Cable Crossover",2,15.0,5.0,0,0.0,,,
2023-01-09 13:38:48,"Early Morning Workout",49m,"Cable Crossover",3,10.0,6.0,0,0.0,,,
2023-01-11 14:26:48,"Morning Workout",37m,"Lat Pulldown (Cable)",1,140.0,6.0,0,0.0,"","Hands were kinda hurting from grip even w gloves",
2023-01-11 14:26:48,"Morning Workout",37m,"Lat Pulldown (Cable)",2,130.0,6.0,0,0.0,,,
2023-01-11 14:26:48,"Morning Workout",37m,"Lat Pulldown (Cable)",3,120.0,8.0,0,0.0,,,
2023-01-11 14:26:48,"Morning Workout",37m,"Seated Row (Cable)",1,54.43,8.0,0,0.0,"",,
2023-01-11 14:26:48,"Morning Workout",37m,"Seated Row (Cable)",2,54.43,10.0,0,0.0,,,
2023-01-11 14:26:48,"Morning Workout",37m,"Seated Row (Cable)",3,54.43,10.0,0,0.0,,,
2023-01-11 14:26:48,"Morning Workout",37m,"Side Bend (Dumbbell)",1,60.0,8.0,0,0.0,"",,
2023-01-11 14:26:48,"Morning Workout",37m,"Side Bend (Dumbbell)",2,60.0,10.0,0,0.0,,,
2023-01-11 14:26:48,"Morning Workout",37m,"Side Bend (Dumbbell)",3,60.0,10.0,0,0.0,,,
2023-01-11 14:26:48,"Morning Workout",37m,"Bicep Curl (Cable)",1,50.0,10.0,0,0.0,"",,
2023-01-11 14:26:48,"Morning Workout",37m,"Bicep Curl (Cable)",2,57.5,5.0,0,0.0,,,
2023-01-11 14:26:48,"Morning Workout",37m,"Bicep Curl (Cable)",3,55.0,7.0,0,0.0,,,
2023-01-11 14:26:48,"Morning Workout",37m,"Front Raise (Plate)",1,25.0,8.0,0,0.0,"",,
2023-01-11 14:26:48,"Morning Workout",37m,"Front Raise (Plate)",2,25.0,8.0,0,0.0,,,
2023-01-11 14:26:48,"Morning Workout",37m,"Front Raise (Plate)",3,25.0,6.0,0,0.0,,,
2023-01-14 17:28:40,"Morning Workout",48m,"Triceps Extension (Dumbbell)",1,27.22,8.0,0,0.0,"","Need to do better w dumbbells bench",
2023-01-14 17:28:40,"Morning Workout",48m,"Triceps Extension (Dumbbell)",2,27.22,8.0,0,0.0,,,
2023-01-14 17:28:40,"Morning Workout",48m,"Triceps Extension (Dumbbell)",3,27.22,8.0,0,0.0,,,
2023-01-14 17:28:40,"Morning Workout",48m,"Bench Press (Dumbbell)",1,27.22,6.0,0,0.0,"",,
2023-01-14 17:28:40,"Morning Workout",48m,"Bench Press (Dumbbell)",2,27.22,5.0,0,0.0,,,
2023-01-14 17:28:40,"Morning Workout",48m,"Bench Press (Dumbbell)",3,27.22,3.0,0,0.0,,,
2023-01-14 17:28:40,"Morning Workout",48m,"Bench Press (Dumbbell)",4,27.22,5.0,0,0.0,,,
2023-01-14 17:28:40,"Morning Workout",48m,"Incline Bench Press (Dumbbell)",1,15.88,10.0,0,0.0,"Shoulder hurt take it easy on the way down",,
2023-01-14 17:28:40,"Morning Workout",48m,"Incline Bench Press (Dumbbell)",2,15.88,6.0,0,0.0,,,
2023-01-14 17:28:40,"Morning Workout",48m,"Incline Bench Press (Dumbbell)",3,15.88,10.0,0,0.0,,,
2023-01-14 17:28:40,"Morning Workout",48m,"Skullcrusher (Barbell)",1,50.0,10.0,0,0.0,"",,
2023-01-14 17:28:40,"Morning Workout",48m,"Skullcrusher (Barbell)",2,50.0,10.0,0,0.0,,,
2023-01-14 17:28:40,"Morning Workout",48m,"Skullcrusher (Barbell)",3,50.0,10.0,0,0.0,,,
2023-01-14 17:28:40,"Morning Workout",48m,"Side Bend (Dumbbell)",1,55.0,10.0,0,0.0,"Make sure to go lower next time",,
2023-01-14 17:28:40,"Morning Workout",48m,"Side Bend (Dumbbell)",2,55.0,10.0,0,0.0,,,
2023-01-14 17:28:40,"Morning Workout",48m,"Side Bend (Dumbbell)",3,60.0,10.0,0,0.0,,,
2023-01-17 14:01:28,"Morning Workout",45m,"Bench Press (Dumbbell)",1,27.22,6.0,0,0.0,"","",
2023-01-17 14:01:28,"Morning Workout",45m,"Bench Press (Dumbbell)",2,27.22,6.0,0,0.0,,,
2023-01-17 14:01:28,"Morning Workout",45m,"Bench Press (Dumbbell)",3,27.22,5.0,0,0.0,,,
2023-01-17 14:01:28,"Morning Workout",45m,"Bench Press (Dumbbell)",4,27.22,6.0,0,0.0,,,
2023-01-17 14:01:28,"Morning Workout",45m,"Triceps Extension (Dumbbell)",1,29.48,8.0,0,0.0,"",,
2023-01-17 14:01:28,"Morning Workout",45m,"Triceps Extension (Dumbbell)",2,29.48,8.0,0,0.0,,,
2023-01-17 14:01:28,"Morning Workout",45m,"Triceps Extension (Dumbbell)",3,29.48,8.0,0,0.0,,,
2023-01-17 14:01:28,"Morning Workout",45m,"Incline Bench Press (Dumbbell)",1,15.88,10.0,0,0.0,"You can go up lol",,
2023-01-17 14:01:28,"Morning Workout",45m,"Incline Bench Press (Dumbbell)",2,15.88,10.0,0,0.0,,,
2023-01-17 14:01:28,"Morning Workout",45m,"Incline Bench Press (Dumbbell)",3,15.88,10.0,0,0.0,,,
2023-01-17 14:01:28,"Morning Workout",45m,"Tricep kickback (dumbbell)",1,9.07,10.0,0,0.0,"You can go up lol",,
2023-01-17 14:01:28,"Morning Workout",45m,"Tricep kickback (dumbbell)",2,9.07,10.0,0,0.0,,,
2023-01-17 14:01:28,"Morning Workout",45m,"Tricep kickback (dumbbell)",3,9.07,10.0,0,0.0,,,
2023-01-17 14:01:28,"Morning Workout",45m,"Triceps Extension",1,22.68,10.0,0,0.0,"",,
2023-01-17 14:01:28,"Morning Workout",45m,"Triceps Extension",2,19.28,6.0,0,0.0,,,
2023-01-17 14:01:28,"Morning Workout",45m,"Triceps Extension",3,19.28,6.0,0,0.0,,,
2023-01-18 17:46:38,"Morning Workout",36m,"Squat (Barbell)",W,20.41,8.0,0,0.0,"","",
2023-01-18 17:46:38,"Morning Workout",36m,"Squat (Barbell)",1,61.23,6.0,0,0.0,,,
2023-01-18 17:46:38,"Morning Workout",36m,"Squat (Barbell)",2,83.91,3.0,0,0.0,,,
2023-01-18 17:46:38,"Morning Workout",36m,"Squat (Barbell)",3,83.91,3.0,0,0.0,,,
2023-01-18 17:46:38,"Morning Workout",36m,"Squat (Barbell)",4,92.99,3.0,0,0.0,,,
2023-01-18 17:46:38,"Morning Workout",36m,"Leg Press",1,169.19,6.0,0,0.0,"",,
2023-01-18 17:46:38,"Morning Workout",36m,"Leg Press",2,169.19,6.0,0,0.0,,,
2023-01-18 17:46:38,"Morning Workout",36m,"Leg Press",3,169.19,8.0,0,0.0,,,
2023-01-18 17:46:38,"Morning Workout",36m,"Deadlift (Barbell)",1,61.23,6.0,0,0.0,"",,
2023-01-18 17:46:38,"Morning Workout",36m,"Deadlift (Barbell)",2,61.23,6.0,0,0.0,,,
2023-01-18 17:46:38,"Morning Workout",36m,"Deadlift (Barbell)",3,83.91,2.0,0,0.0,,,
2023-01-18 17:46:38,"Morning Workout",36m,"Deadlift (Barbell)",4,83.91,5.0,0,0.0,,,
2023-01-20 14:42:03,"Morning Workout",33m,"Lat Pulldown - Wide Grip (Cable)",1,140.0,6.0,0,0.0,"","",
2023-01-20 14:42:03,"Morning Workout",33m,"Lat Pulldown - Wide Grip (Cable)",2,120.0,10.0,0,0.0,,,
2023-01-20 14:42:03,"Morning Workout",33m,"Lat Pulldown - Wide Grip (Cable)",3,125.0,8.0,0,0.0,,,
2023-01-20 14:42:03,"Morning Workout",33m,"Side Bend (Dumbbell)",1,50.0,10.0,0,0.0,"",,
2023-01-20 14:42:03,"Morning Workout",33m,"Side Bend (Dumbbell)",2,50.0,10.0,0,0.0,,,
2023-01-20 14:42:03,"Morning Workout",33m,"Side Bend (Dumbbell)",3,50.0,10.0,0,0.0,,,
2023-01-20 14:42:03,"Morning Workout",33m,"Seated Row (Cable)",1,54.43,10.0,0,0.0,"",,
2023-01-20 14:42:03,"Morning Workout",33m,"Seated Row (Cable)",2,54.43,8.0,0,0.0,,,
2023-01-20 14:42:03,"Morning Workout",33m,"Seated Row (Cable)",3,54.43,8.0,0,0.0,,,
2023-01-20 14:42:03,"Morning Workout",33m,"Bicep Curl (Barbell)",1,40.0,10.0,0,0.0,"",,
2023-01-20 14:42:03,"Morning Workout",33m,"Bicep Curl (Barbell)",2,40.0,10.0,0,0.0,,,
2023-01-20 14:42:03,"Morning Workout",33m,"Bicep Curl (Barbell)",3,40.0,10.0,0,0.0,,,
2023-01-20 14:42:03,"Morning Workout",33m,"Bench Dip",1,0.0,10.0,0,0.0,"",,
2023-01-20 14:42:03,"Morning Workout",33m,"Bench Dip",2,0.0,10.0,0,0.0,,,
2023-01-20 14:42:03,"Morning Workout",33m,"Bench Dip",3,0.0,10.0,0,0.0,,,
2023-01-23 14:33:19,"Morning Workout",34m,"Triceps Extension (Dumbbell)",1,31.75,6.0,0,0.0,"","",
2023-01-23 14:33:19,"Morning Workout",34m,"Triceps Extension (Dumbbell)",2,31.75,6.0,0,0.0,,,
2023-01-23 14:33:19,"Morning Workout",34m,"Triceps Extension (Dumbbell)",3,31.75,6.0,0,0.0,,,
2023-01-23 14:33:19,"Morning Workout",34m,"Bench Press (Dumbbell)",1,31.75,4.0,0,0.0,"",,
2023-01-23 14:33:19,"Morning Workout",34m,"Bench Press (Dumbbell)",2,31.75,3.0,0,0.0,,,
2023-01-23 14:33:19,"Morning Workout",34m,"Bench Press (Dumbbell)",3,31.75,4.0,0,0.0,,,
2023-01-23 14:33:19,"Morning Workout",34m,"Bench Press (Dumbbell)",4,31.75,2.0,0,0.0,,,
2023-01-23 14:33:19,"Morning Workout",34m,"Incline Bench Press (Dumbbell)",1,18.14,10.0,0,0.0,"",,
2023-01-23 14:33:19,"Morning Workout",34m,"Incline Bench Press (Dumbbell)",2,18.14,10.0,0,0.0,,,
2023-01-23 14:33:19,"Morning Workout",34m,"Incline Bench Press (Dumbbell)",3,18.14,8.0,0,0.0,,,
2023-01-23 14:33:19,"Morning Workout",34m,"Tricep kickback (dumbbell)",1,10.21,10.0,0,0.0,"",,
2023-01-23 14:33:19,"Morning Workout",34m,"Tricep kickback (dumbbell)",2,10.21,10.0,0,0.0,,,
2023-01-23 14:33:19,"Morning Workout",34m,"Tricep kickback (dumbbell)",3,10.21,10.0,0,0.0,,,
2023-01-30 13:58:04,"Early Morning Workout",48m,"Bench Press (Dumbbell)",1,29.48,5.0,0,0.0,"","",
2023-01-30 13:58:04,"Early Morning Workout",48m,"Bench Press (Dumbbell)",2,29.48,3.0,0,0.0,,,
2023-01-30 13:58:04,"Early Morning Workout",48m,"Bench Press (Dumbbell)",3,27.22,6.0,0,0.0,,,
2023-01-30 13:58:04,"Early Morning Workout",48m,"Bench Press (Dumbbell)",4,27.22,6.0,0,0.0,,,
2023-01-30 13:58:04,"Early Morning Workout",48m,"Incline Bench Press (Dumbbell)",1,20.41,7.0,0,0.0,"",,
2023-01-30 13:58:04,"Early Morning Workout",48m,"Incline Bench Press (Dumbbell)",2,20.41,8.0,0,0.0,,,
2023-01-30 13:58:04,"Early Morning Workout",48m,"Incline Bench Press (Dumbbell)",3,20.41,9.0,0,0.0,,,
2023-01-30 13:58:04,"Early Morning Workout",48m,"Triceps Extension (Dumbbell)",1,29.48,10.0,0,0.0,"",,
2023-01-30 13:58:04,"Early Morning Workout",48m,"Triceps Extension (Dumbbell)",2,29.48,10.0,0,0.0,,,
2023-01-30 13:58:04,"Early Morning Workout",48m,"Triceps Extension (Dumbbell)",3,29.48,10.0,0,0.0,,,
2023-01-30 13:58:04,"Early Morning Workout",48m,"Tricep kickback (dumbbell)",1,11.34,10.0,0,0.0,"",,
2023-01-30 13:58:04,"Early Morning Workout",48m,"Tricep kickback (dumbbell)",2,11.34,10.0,0,0.0,,,
2023-01-30 13:58:04,"Early Morning Workout",48m,"Tricep kickback (dumbbell)",3,11.34,10.0,0,0.0,,,
2023-01-30 13:58:04,"Early Morning Workout",48m,"Triceps Extension",1,19.28,8.0,0,0.0,"",,
2023-01-30 13:58:04,"Early Morning Workout",48m,"Triceps Extension",2,15.88,8.0,0,0.0,,,
2023-01-30 13:58:04,"Early Morning Workout",48m,"Triceps Extension",3,19.28,6.0,0,0.0,,,
2023-01-30 13:58:04,"Early Morning Workout",48m,"Bicep Curl (Cable)",1,42.5,8.0,0,0.0,"",,
2023-01-30 13:58:04,"Early Morning Workout",48m,"Bicep Curl (Cable)",2,50.0,6.0,0,0.0,,,
2023-01-30 13:58:04,"Early Morning Workout",48m,"Bicep Curl (Cable)",3,42.5,8.0,0,0.0,,,
2023-01-31 14:26:36,"Morning Workout",34m,"Seated Row (Cable)",1,54.43,10.0,0,0.0,"","",
2023-01-31 14:26:36,"Morning Workout",34m,"Seated Row (Cable)",2,56.7,10.0,0,0.0,,,
2023-01-31 14:26:36,"Morning Workout",34m,"Seated Row (Cable)",3,63.5,8.0,0,0.0,,,
2023-01-31 14:26:36,"Morning Workout",34m,"Bench Dip",1,0.0,10.0,0,0.0,"",,
2023-01-31 14:26:36,"Morning Workout",34m,"Bench Dip",2,0.0,10.0,0,0.0,,,
2023-01-31 14:26:36,"Morning Workout",34m,"Bench Dip",3,0.0,10.0,0,0.0,,,
2023-01-31 14:26:36,"Morning Workout",34m,"Side Bend (Dumbbell)",1,60.0,10.0,0,0.0,"",,
2023-01-31 14:26:36,"Morning Workout",34m,"Side Bend (Dumbbell)",2,60.0,10.0,0,0.0,,,
2023-01-31 14:26:36,"Morning Workout",34m,"Side Bend (Dumbbell)",3,60.0,10.0,0,0.0,,,
2023-01-31 14:26:36,"Morning Workout",34m,"Cable side pull",1,4.54,10.0,0,0.0,"",,
2023-01-31 14:26:36,"Morning Workout",34m,"Cable side pull",2,4.54,15.0,0,0.0,,,
2023-01-31 14:26:36,"Morning Workout",34m,"Cable side pull",3,4.54,15.0,0,0.0,,,
2023-01-31 14:26:36,"Morning Workout",34m,"Lat Pulldown (Cable)",1,130.0,8.0,0,0.0,"",,
2023-01-31 14:26:36,"Morning Workout",34m,"Lat Pulldown (Cable)",2,130.0,8.0,0,0.0,,,
2023-01-31 14:26:36,"Morning Workout",34m,"Lat Pulldown (Cable)",3,130.0,6.0,0,0.0,,,
2023-02-03 14:21:24,"Morning Workout",1h 15m,"Squat (Barbell)",W,20.41,8.0,0,0.0,"","",
2023-02-03 14:21:24,"Morning Workout",1h 15m,"Squat (Barbell)",1,61.23,8.0,0,0.0,,,
2023-02-03 14:21:24,"Morning Workout",1h 15m,"Squat (Barbell)",2,83.91,3.0,0,0.0,,,
2023-02-03 14:21:24,"Morning Workout",1h 15m,"Squat (Barbell)",3,92.99,3.0,0,0.0,,,
2023-02-03 14:21:24,"Morning Workout",1h 15m,"Squat (Barbell)",4,92.99,3.0,0,0.0,,,
2023-02-03 14:21:24,"Morning Workout",1h 15m,"Leg Press",1,169.19,8.0,0,0.0,"",,
2023-02-03 14:21:24,"Morning Workout",1h 15m,"Leg Press",2,169.19,8.0,0,0.0,,,
2023-02-03 14:21:24,"Morning Workout",1h 15m,"Leg Press",3,169.19,8.0,0,0.0,,,
2023-02-03 14:21:24,"Morning Workout",1h 15m,"Deadlift (Barbell)",1,61.23,6.0,0,0.0,"",,
2023-02-03 14:21:24,"Morning Workout",1h 15m,"Deadlift (Barbell)",2,83.91,4.0,0,0.0,,,
2023-02-03 14:21:24,"Morning Workout",1h 15m,"Deadlift (Barbell)",3,83.91,6.0,0,0.0,,,
2023-02-03 14:21:24,"Morning Workout",1h 15m,"Deadlift (Barbell)",4,92.99,1.0,0,0.0,,,
2023-02-03 14:21:24,"Morning Workout",1h 15m,"Deadlift (Barbell)",5,92.99,3.0,0,0.0,,,
2023-02-06 14:29:37,"Morning Workout",45m,"Bench Press (Dumbbell)",1,31.75,4.0,0,0.0,"","",
2023-02-06 14:29:37,"Morning Workout",45m,"Bench Press (Dumbbell)",2,31.75,3.0,0,0.0,,,
2023-02-06 14:29:37,"Morning Workout",45m,"Bench Press (Dumbbell)",3,31.75,3.0,0,0.0,,,
2023-02-06 14:29:37,"Morning Workout",45m,"Triceps Extension (Dumbbell)",1,31.75,8.0,0,0.0,"",,
2023-02-06 14:29:37,"Morning Workout",45m,"Triceps Extension (Dumbbell)",2,31.75,8.0,0,0.0,,,
2023-02-06 14:29:37,"Morning Workout",45m,"Triceps Extension (Dumbbell)",3,31.75,6.0,0,0.0,,,
2023-02-06 14:29:37,"Morning Workout",45m,"Incline Bench Press (Dumbbell)",1,15.88,10.0,0,0.0,"",,
2023-02-06 14:29:37,"Morning Workout",45m,"Incline Bench Press (Dumbbell)",2,20.41,8.0,0,0.0,,,
2023-02-06 14:29:37,"Morning Workout",45m,"Incline Bench Press (Dumbbell)",3,20.41,8.0,0,0.0,,,
2023-02-06 14:29:37,"Morning Workout",45m,"Tricep kickback (dumbbell)",1,13.61,10.0,0,0.0,"",,
2023-02-06 14:29:37,"Morning Workout",45m,"Tricep kickback (dumbbell)",2,13.61,10.0,0,0.0,,,
2023-02-06 14:29:37,"Morning Workout",45m,"Tricep kickback (dumbbell)",3,13.61,10.0,0,0.0,,,
2023-02-06 14:29:37,"Morning Workout",45m,"Side Bend (Dumbbell)",1,65.0,10.0,0,0.0,"",,
2023-02-06 14:29:37,"Morning Workout",45m,"Side Bend (Dumbbell)",2,65.0,8.0,0,0.0,,,
2023-02-06 14:29:37,"Morning Workout",45m,"Side Bend (Dumbbell)",3,65.0,8.0,0,0.0,,,
2023-02-12 16:35:34,"Morning Workout",1h 5m,"Bench Press (Barbell)",1,61.23,8.0,0,0.0,"","",
2023-02-12 16:35:34,"Morning Workout",1h 5m,"Bench Press (Barbell)",2,61.23,8.0,0,0.0,,,
2023-02-12 16:35:34,"Morning Workout",1h 5m,"Bench Press (Barbell)",3,70.31,3.0,0,0.0,,,
2023-02-12 16:35:34,"Morning Workout",1h 5m,"Bench Press (Barbell)",4,70.31,4.0,0,0.0,,,
2023-02-12 16:35:34,"Morning Workout",1h 5m,"Triceps Extension",1,18.14,10.0,0,0.0,"",,
2023-02-12 16:35:34,"Morning Workout",1h 5m,"Triceps Extension",2,22.68,7.0,0,0.0,,,
2023-02-12 16:35:34,"Morning Workout",1h 5m,"Triceps Extension",3,22.68,4.0,0,0.0,,,
2023-02-12 16:35:34,"Morning Workout",1h 5m,"Triceps Extension",D,20.41,4.0,0,0.0,,,
2023-02-12 16:35:34,"Morning Workout",1h 5m,"Incline Bench Press (Dumbbell)",1,22.68,8.0,0,0.0,"",,
2023-02-12 16:35:34,"Morning Workout",1h 5m,"Incline Bench Press (Dumbbell)",2,22.68,8.0,0,0.0,,,
2023-02-12 16:35:34,"Morning Workout",1h 5m,"Incline Bench Press (Dumbbell)",3,22.68,7.0,0,0.0,,,
2023-02-12 16:35:34,"Morning Workout",1h 5m,"Triceps Extension (Dumbbell)",1,31.75,8.0,0,0.0,"",,
2023-02-12 16:35:34,"Morning Workout",1h 5m,"Triceps Extension (Dumbbell)",2,31.75,5.0,0,0.0,,,
2023-02-12 16:35:34,"Morning Workout",1h 5m,"Triceps Extension (Dumbbell)",3,31.75,4.0,0,0.0,,,
2023-02-12 16:35:34,"Morning Workout",1h 5m,"Skullcrusher (Barbell)",1,55.0,7.0,0,0.0,"",,
2023-02-12 16:35:34,"Morning Workout",1h 5m,"Skullcrusher (Barbell)",2,55.0,6.0,0,0.0,,,
2023-02-12 16:35:34,"Morning Workout",1h 5m,"Skullcrusher (Barbell)",3,55.0,5.0,0,0.0,,,
2023-02-12 16:35:34,"Morning Workout",1h 5m,"Tricep kickback (dumbbell)",1,11.34,10.0,0,0.0,"",,
2023-02-12 16:35:34,"Morning Workout",1h 5m,"Tricep kickback (dumbbell)",2,11.34,10.0,0,0.0,,,
2023-02-12 16:35:34,"Morning Workout",1h 5m,"Tricep kickback (dumbbell)",3,11.34,10.0,0,0.0,,,
2023-02-27 14:43:08,"Morning Workout",24m,"Bench Press (Dumbbell)",1,29.48,4.0,0,0.0,"","",
2023-02-27 14:43:08,"Morning Workout",24m,"Bench Press (Dumbbell)",2,29.48,2.0,0,0.0,,,
2023-02-27 14:43:08,"Morning Workout",24m,"Bench Press (Dumbbell)",3,27.22,5.0,0,0.0,,,
2023-02-27 14:43:08,"Morning Workout",24m,"Triceps Extension (Dumbbell)",1,29.48,10.0,0,0.0,"",,
2023-02-27 14:43:08,"Morning Workout",24m,"Triceps Extension (Dumbbell)",2,29.48,8.0,0,0.0,,,
2023-02-27 14:43:08,"Morning Workout",24m,"Triceps Extension (Dumbbell)",3,27.22,8.0,0,0.0,,,
2023-02-27 14:43:08,"Morning Workout",24m,"Incline Bench Press (Dumbbell)",1,15.88,8.0,0,0.0,"",,
2023-02-27 14:43:08,"Morning Workout",24m,"Incline Bench Press (Dumbbell)",2,15.88,8.0,0,0.0,,,
2023-02-28 14:31:20,"Morning Workout",35m,"Side Bend (Dumbbell)",1,60.0,10.0,0,0.0,"","",
2023-02-28 14:31:20,"Morning Workout",35m,"Side Bend (Dumbbell)",2,60.0,10.0,0,0.0,,,
2023-02-28 14:31:20,"Morning Workout",35m,"Side Bend (Dumbbell)",3,60.0,10.0,0,0.0,,,
2023-02-28 14:31:20,"Morning Workout",35m,"Bicep Curl (Dumbbell)",1,30.0,8.0,0,0.0,"",,
2023-02-28 14:31:20,"Morning Workout",35m,"Bicep Curl (Dumbbell)",2,30.0,6.0,0,0.0,,,
2023-02-28 14:31:20,"Morning Workout",35m,"Bicep Curl (Dumbbell)",3,30.0,6.0,0,0.0,,,
2023-02-28 14:31:20,"Morning Workout",35m,"Tricep kickback (dumbbell)",1,11.34,10.0,0,0.0,"",,
2023-02-28 14:31:20,"Morning Workout",35m,"Tricep kickback (dumbbell)",2,11.34,10.0,0,0.0,,,
2023-02-28 14:31:20,"Morning Workout",35m,"Tricep kickback (dumbbell)",3,11.34,10.0,0,0.0,,,
2023-02-28 14:31:20,"Morning Workout",35m,"Bicep Curl (Cable)",1,42.5,10.0,0,0.0,"",,
2023-02-28 14:31:20,"Morning Workout",35m,"Bicep Curl (Cable)",2,42.5,8.0,0,0.0,,,
2023-02-28 14:31:20,"Morning Workout",35m,"Bicep Curl (Cable)",3,42.5,8.0,0,0.0,,,
2023-02-28 14:31:20,"Morning Workout",35m,"Triceps Pushdown (Cable - Straight Bar)",1,19.28,10.0,0,0.0,"",,
2023-02-28 14:31:20,"Morning Workout",35m,"Triceps Pushdown (Cable - Straight Bar)",2,19.28,10.0,0,0.0,,,
2023-02-28 14:31:20,"Morning Workout",35m,"Triceps Pushdown (Cable - Straight Bar)",3,19.28,10.0,0,0.0,,,
2023-03-01 14:49:10,"Morning Workout",30m,"Lat Pulldown (Cable)",1,120.0,8.0,0,0.0,"","",
2023-03-01 14:49:10,"Morning Workout",30m,"Lat Pulldown (Cable)",2,120.0,8.0,0,0.0,,,
2023-03-01 14:49:10,"Morning Workout",30m,"Lat Pulldown (Cable)",3,120.0,8.0,0,0.0,,,
2023-03-01 14:49:10,"Morning Workout",30m,"Side Bend (Dumbbell)",1,60.0,10.0,0,0.0,"",,
2023-03-01 14:49:10,"Morning Workout",30m,"Side Bend (Dumbbell)",2,60.0,10.0,0,0.0,,,
2023-03-01 14:49:10,"Morning Workout",30m,"Side Bend (Dumbbell)",3,60.0,10.0,0,0.0,,,
2023-03-01 14:49:10,"Morning Workout",30m,"Seated Row (Cable)",1,54.43,10.0,0,0.0,"",,
2023-03-01 14:49:10,"Morning Workout",30m,"Seated Row (Cable)",2,54.43,10.0,0,0.0,,,
2023-03-01 14:49:10,"Morning Workout",30m,"Seated Row (Cable)",3,63.5,8.0,0,0.0,,,
2023-03-01 14:49:10,"Morning Workout",30m,"Triceps Dip",1,0,10.0,0,0.0,"",,
2023-03-01 14:49:10,"Morning Workout",30m,"Triceps Dip",2,0,10.0,0,0.0,,,
2023-03-01 14:49:10,"Morning Workout",30m,"Triceps Dip",3,0,10.0,0,0.0,,,
2023-03-07 16:50:54,"Early Morning Workout",21m,"Chest Fly (Band)",1,17.5,10.0,0,0.0,"","",
2023-03-07 16:50:54,"Early Morning Workout",21m,"Chest Fly (Band)",2,22.5,8.0,0,0.0,,,
2023-03-07 16:50:54,"Early Morning Workout",21m,"Chest Fly (Band)",3,22.5,10.0,0,0.0,,,
2023-03-07 16:50:54,"Early Morning Workout",21m,"Triceps Extension (Dumbbell)",1,22.68,10.0,0,0.0,"",,
2023-03-07 16:50:54,"Early Morning Workout",21m,"Triceps Extension (Dumbbell)",2,22.68,8.0,0,0.0,,,
2023-03-07 16:50:54,"Early Morning Workout",21m,"Triceps Extension (Dumbbell)",3,22.68,8.0,0,0.0,,,
2023-03-07 16:50:54,"Early Morning Workout",21m,"Bench Press (Dumbbell)",1,22.68,6.0,0,0.0,"",,
2023-03-07 16:50:54,"Early Morning Workout",21m,"Bench Press (Dumbbell)",2,22.68,10.0,0,0.0,,,
2023-03-07 16:50:54,"Early Morning Workout",21m,"Bench Press (Dumbbell)",3,22.68,5.0,0,0.0,,,
2023-03-14 21:22:00,"Afternoon Workout",1h,"Triceps Extension (Dumbbell)",1,18.14,10.0,0,0.0,"","",
2023-03-14 21:22:00,"Afternoon Workout",1h,"Triceps Extension (Dumbbell)",2,27.22,10.0,0,0.0,,,
2023-03-14 21:22:00,"Afternoon Workout",1h,"Triceps Extension (Dumbbell)",3,27.22,10.0,0,0.0,,,
2023-03-14 21:22:00,"Afternoon Workout",1h,"Triceps Pushdown (Cable - Straight Bar)",1,18.14,10.0,0,0.0,"",,
2023-03-14 21:22:00,"Afternoon Workout",1h,"Triceps Pushdown (Cable - Straight Bar)",2,22.68,10.0,0,0.0,,,
2023-03-14 21:22:00,"Afternoon Workout",1h,"Triceps Pushdown (Cable - Straight Bar)",3,22.68,10.0,0,0.0,,,
2023-03-14 21:22:00,"Afternoon Workout",1h,"Bicep Curl (Barbell)",1,60.0,7.0,0,0.0,"Did 21s",,
2023-03-14 21:22:00,"Afternoon Workout",1h,"Bicep Curl (Barbell)",2,60.0,7.0,0,0.0,,,
2023-03-14 21:22:00,"Afternoon Workout",1h,"Bicep Curl (Barbell)",3,60.0,7.0,0,0.0,,,
2023-03-14 21:22:00,"Afternoon Workout",1h,"Side Bend (Dumbbell)",1,60.0,10.0,0,0.0,"",,
2023-03-14 21:22:00,"Afternoon Workout",1h,"Side Bend (Dumbbell)",2,60.0,10.0,0,0.0,,,
2023-03-14 21:22:00,"Afternoon Workout",1h,"Side Bend (Dumbbell)",3,60.0,10.0,0,0.0,,,
2023-03-14 21:22:00,"Afternoon Workout",1h,"Push Up",1,0.0,20.0,0,0.0,"",,
2023-03-14 21:22:00,"Afternoon Workout",1h,"Push Up",2,0.0,15.0,0,0.0,,,
2023-03-14 21:22:00,"Afternoon Workout",1h,"Push Up",3,0.0,10.0,0,0.0,,,
2023-03-14 21:22:00,"Afternoon Workout",1h,"Cable side pull",1,6.8,8.0,0,0.0,"",,
2023-03-14 21:22:00,"Afternoon Workout",1h,"Cable side pull",2,6.8,6.0,0,0.0,,,
2023-03-14 21:22:00,"Afternoon Workout",1h,"Cable side pull",3,4.54,10.0,0,0.0,,,
2023-03-14 21:22:00,"Afternoon Workout",1h,"Plank",1,0,0.0,0,90.0,"",,
2023-03-14 21:22:00,"Afternoon Workout",1h,"Plank",2,0,0.0,0,90.0,,,
2023-03-21 13:09:22,"Morning Workout",56m,"Bench Press (Dumbbell)",1,29.48,6.0,0,0.0,"","",
2023-03-21 13:09:22,"Morning Workout",56m,"Bench Press (Dumbbell)",2,29.48,4.0,0,0.0,,,
2023-03-21 13:09:22,"Morning Workout",56m,"Bench Press (Dumbbell)",3,29.48,4.0,0,0.0,,,
2023-03-21 13:09:22,"Morning Workout",56m,"Triceps Extension (Dumbbell)",1,24.95,10.0,0,0.0,"",,
2023-03-21 13:09:22,"Morning Workout",56m,"Triceps Extension (Dumbbell)",2,29.48,8.0,0,0.0,,,
2023-03-21 13:09:22,"Morning Workout",56m,"Triceps Extension (Dumbbell)",3,29.48,10.0,0,0.0,,,
2023-03-21 13:09:22,"Morning Workout",56m,"Tricep kickback (dumbbell)",1,11.34,10.0,0,0.0,"",,
2023-03-21 13:09:22,"Morning Workout",56m,"Tricep kickback (dumbbell)",2,11.34,10.0,0,0.0,,,
2023-03-21 13:09:22,"Morning Workout",56m,"Tricep kickback (dumbbell)",3,11.34,10.0,0,0.0,,,
2023-03-21 13:09:22,"Morning Workout",56m,"Side Bend (Dumbbell)",1,65.0,10.0,0,0.0,"",,
2023-03-21 13:09:22,"Morning Workout",56m,"Side Bend (Dumbbell)",2,65.0,10.0,0,0.0,,,
2023-03-21 13:09:22,"Morning Workout",56m,"Side Bend (Dumbbell)",3,65.0,10.0,0,0.0,,,
2023-03-21 13:09:22,"Morning Workout",56m,"Incline Bench Press (Dumbbell)",1,18.14,10.0,0,0.0,"",,
2023-03-21 13:09:22,"Morning Workout",56m,"Incline Bench Press (Dumbbell)",2,18.14,8.0,0,0.0,,,
2023-03-21 13:09:22,"Morning Workout",56m,"Incline Bench Press (Dumbbell)",3,18.14,6.0,0,0.0,,,
2023-03-21 13:09:22,"Morning Workout",56m,"Triceps Extension",1,19.28,10.0,0,0.0,"",,
2023-03-21 13:09:22,"Morning Workout",56m,"Triceps Extension",2,22.68,8.0,0,0.0,,,
2023-03-21 13:09:22,"Morning Workout",56m,"Triceps Extension",3,22.68,8.0,0,0.0,,,
2023-03-21 13:09:22,"Morning Workout",56m,"Bicep Curl (Cable)",1,42.5,10.0,0,0.0,"",,
2023-03-21 13:09:22,"Morning Workout",56m,"Bicep Curl (Cable)",2,50.0,8.0,0,0.0,,,
2023-03-21 13:09:22,"Morning Workout",56m,"Bicep Curl (Cable)",3,50.0,8.0,0,0.0,,,
2023-03-25 14:14:26,"Morning Workout",1h 10m,"Triceps Extension (Dumbbell)",1,29.48,8.0,0,0.0,"","",
2023-03-25 14:14:26,"Morning Workout",1h 10m,"Triceps Extension (Dumbbell)",2,29.48,8.0,0,0.0,,,
2023-03-25 14:14:26,"Morning Workout",1h 10m,"Triceps Extension (Dumbbell)",3,29.48,8.0,0,0.0,,,
2023-03-25 14:14:26,"Morning Workout",1h 10m,"Bench Press (Dumbbell)",1,29.48,6.0,0,0.0,"",,
2023-03-25 14:14:26,"Morning Workout",1h 10m,"Bench Press (Dumbbell)",2,29.48,3.0,0,0.0,,,
2023-03-25 14:14:26,"Morning Workout",1h 10m,"Bench Press (Dumbbell)",3,29.48,3.0,0,0.0,,,
2023-03-25 14:14:26,"Morning Workout",1h 10m,"Squat (Barbell)",W,20.41,5.0,0,0.0,"",,
2023-03-25 14:14:26,"Morning Workout",1h 10m,"Squat (Barbell)",1,61.23,5.0,0,0.0,,,
2023-03-25 14:14:26,"Morning Workout",1h 10m,"Squat (Barbell)",2,83.91,3.0,0,0.0,,,
2023-03-25 14:14:26,"Morning Workout",1h 10m,"Squat (Barbell)",3,83.91,3.0,0,0.0,,,
2023-03-25 14:14:26,"Morning Workout",1h 10m,"Squat (Barbell)",4,83.91,3.0,0,0.0,,,
2023-03-25 14:14:26,"Morning Workout",1h 10m,"Deadlift (Barbell)",1,83.91,5.0,0,0.0,"",,
2023-03-25 14:14:26,"Morning Workout",1h 10m,"Deadlift (Barbell)",2,83.91,5.0,0,0.0,,,
2023-03-25 14:14:26,"Morning Workout",1h 10m,"Deadlift (Barbell)",3,83.91,5.0,0,0.0,,,
2023-03-25 14:14:26,"Morning Workout",1h 10m,"Deadlift (Barbell)",4,83.91,6.0,0,0.0,,,
2023-03-25 14:14:26,"Morning Workout",1h 10m,"Deadlift (Barbell)",5,83.91,6.0,0,0.0,,,
2023-03-28 14:21:27,"Morning Workout",43m,"Seated Row (Cable)",1,54.43,10.0,0,0.0,"","",
2023-03-28 14:21:27,"Morning Workout",43m,"Seated Row (Cable)",2,56.7,10.0,0,0.0,,,
2023-03-28 14:21:27,"Morning Workout",43m,"Seated Row (Cable)",3,63.5,6.0,0,0.0,,,
2023-03-28 14:21:27,"Morning Workout",43m,"Lat Pulldown (Cable)",1,120.0,8.0,0,0.0,"",,
2023-03-28 14:21:27,"Morning Workout",43m,"Lat Pulldown (Cable)",2,125.0,6.0,0,0.0,,,
2023-03-28 14:21:27,"Morning Workout",43m,"Lat Pulldown (Cable)",3,125.0,8.0,0,0.0,,,
2023-03-28 14:21:27,"Morning Workout",43m,"Side Bend (Dumbbell)",1,60.0,10.0,0,0.0,"",,
2023-03-28 14:21:27,"Morning Workout",43m,"Side Bend (Dumbbell)",2,60.0,10.0,0,0.0,,,
2023-03-28 14:21:27,"Morning Workout",43m,"Side Bend (Dumbbell)",3,60.0,10.0,0,0.0,,,
2023-03-28 14:21:27,"Morning Workout",43m,"Bench Dip",1,0.0,10.0,0,0.0,"",,
2023-03-28 14:21:27,"Morning Workout",43m,"Bench Dip",2,0.0,10.0,0,0.0,,,
2023-03-28 14:21:27,"Morning Workout",43m,"Bench Dip",3,0.0,10.0,0,0.0,,,
2023-03-28 14:21:27,"Morning Workout",43m,"Plank",1,0,0.0,0,120.0,"",,
2023-03-28 14:21:27,"Morning Workout",43m,"Plank",2,0,0.0,0,60.0,,,
2023-03-28 14:21:27,"Morning Workout",43m,"Kettlebell Swing",1,52.9,8.0,0,0.0,"",,
2023-03-28 14:21:27,"Morning Workout",43m,"Kettlebell Swing",2,52.9,10.0,0,0.0,,,
2023-03-28 14:21:27,"Morning Workout",43m,"Push Up",1,0.0,15.0,0,0.0,"",,
2023-03-28 14:21:27,"Morning Workout",43m,"Push Up",2,0.0,15.0,0,0.0,,,
2023-04-01 02:58:08,"Evening Workout",44m,"Triceps Extension (Dumbbell)",1,31.75,5.0,0,0.0,"","",
2023-04-01 02:58:08,"Evening Workout",44m,"Triceps Extension (Dumbbell)",2,31.75,8.0,0,0.0,,,
2023-04-01 02:58:08,"Evening Workout",44m,"Triceps Extension (Dumbbell)",3,31.75,8.0,0,0.0,,,
2023-04-01 02:58:08,"Evening Workout",44m,"Bench Press (Dumbbell)",1,31.75,4.0,0,0.0,"",,
2023-04-01 02:58:08,"Evening Workout",44m,"Bench Press (Dumbbell)",2,31.75,4.0,0,0.0,,,
2023-04-01 02:58:08,"Evening Workout",44m,"Bench Press (Dumbbell)",D,31.75,3.0,0,0.0,,,
2023-04-01 02:58:08,"Evening Workout",44m,"Triceps Extension",1,22.68,8.0,0,0.0,"",,
2023-04-01 02:58:08,"Evening Workout",44m,"Triceps Extension",2,22.68,8.0,0,0.0,,,
2023-04-01 02:58:08,"Evening Workout",44m,"Triceps Extension",3,22.68,7.0,0,0.0,,,
2023-04-01 02:58:08,"Evening Workout",44m,"Tricep kickback (dumbbell)",1,11.34,10.0,0,0.0,"",,
2023-04-01 02:58:08,"Evening Workout",44m,"Tricep kickback (dumbbell)",2,11.34,10.0,0,0.0,,,
2023-04-01 02:58:08,"Evening Workout",44m,"Tricep kickback (dumbbell)",3,11.34,10.0,0,0.0,,,
2023-04-01 02:58:08,"Evening Workout",44m,"Incline Bench Press (Dumbbell)",1,18.14,8.0,0,0.0,"",,
2023-04-01 02:58:08,"Evening Workout",44m,"Incline Bench Press (Dumbbell)",2,18.14,8.0,0,0.0,,,
2023-04-01 02:58:08,"Evening Workout",44m,"Incline Bench Press (Dumbbell)",3,18.14,8.0,0,0.0,,,
2023-04-10 13:54:20,"Early Morning Workout",38m,"Incline Bench Press (Dumbbell)",1,20.41,8.0,0,0.0,"","",
2023-04-10 13:54:20,"Early Morning Workout",38m,"Incline Bench Press (Dumbbell)",2,20.41,6.0,0,0.0,,,
2023-04-10 13:54:20,"Early Morning Workout",38m,"Incline Bench Press (Dumbbell)",3,20.41,5.0,0,0.0,,,
2023-04-10 13:54:20,"Early Morning Workout",38m,"Triceps Extension",1,22.68,8.0,0,0.0,"",,
2023-04-10 13:54:20,"Early Morning Workout",38m,"Triceps Extension",2,22.68,8.0,0,0.0,,,
2023-04-10 13:54:20,"Early Morning Workout",38m,"Triceps Extension",3,22.68,8.0,0,0.0,,,
2023-04-10 13:54:20,"Early Morning Workout",38m,"Bench Press (Dumbbell)",1,29.48,4.0,0,0.0,"",,
2023-04-10 13:54:20,"Early Morning Workout",38m,"Bench Press (Dumbbell)",2,29.48,5.0,0,0.0,,,
2023-04-10 13:54:20,"Early Morning Workout",38m,"Bench Press (Dumbbell)",3,29.48,8.0,0,0.0,,,
2023-04-10 13:54:20,"Early Morning Workout",38m,"Triceps Extension (Dumbbell)",1,29.48,6.0,0,0.0,"",,
2023-04-10 13:54:20,"Early Morning Workout",38m,"Triceps Extension (Dumbbell)",2,29.48,5.0,0,0.0,,,
2023-04-10 13:54:20,"Early Morning Workout",38m,"Triceps Extension (Dumbbell)",F,29.48,3.0,0,0.0,,,
2023-04-10 13:54:20,"Early Morning Workout",38m,"Tricep kickback (dumbbell)",1,13.61,10.0,0,0.0,"",,
2023-04-10 13:54:20,"Early Morning Workout",38m,"Tricep kickback (dumbbell)",2,13.61,10.0,0,0.0,,,
2023-04-10 13:54:20,"Early Morning Workout",38m,"Tricep kickback (dumbbell)",3,13.61,10.0,0,0.0,,,
2023-04-10 13:54:20,"Early Morning Workout",38m,"Chest Fly (Band)",1,17.5,10.0,0,0.0,"",,
2023-04-10 13:54:20,"Early Morning Workout",38m,"Chest Fly (Band)",2,27.5,10.0,0,0.0,,,
2023-04-10 13:54:20,"Early Morning Workout",38m,"Chest Fly (Band)",3,27.5,9.0,0,0.0,,,
2023-04-11 14:49:53,"Morning Workout",33m,"Lat Pulldown (Cable)",1,120.0,10.0,0,0.0,"","",
2023-04-11 14:49:53,"Morning Workout",33m,"Lat Pulldown (Cable)",2,140.0,5.0,0,0.0,,,
2023-04-11 14:49:53,"Morning Workout",33m,"Lat Pulldown (Cable)",3,130.0,10.0,0,0.0,,,
2023-04-11 14:49:53,"Morning Workout",33m,"Bent Over One Arm Row (Dumbbell)",1,20.41,8.0,0,0.0,"",,
2023-04-11 14:49:53,"Morning Workout",33m,"Bent Over One Arm Row (Dumbbell)",2,20.41,8.0,0,0.0,,,
2023-04-11 14:49:53,"Morning Workout",33m,"Bent Over One Arm Row (Dumbbell)",3,20.41,8.0,0,0.0,,,
2023-04-11 14:49:53,"Morning Workout",33m,"Seated Row (Cable)",1,54.43,10.0,0,0.0,"",,
2023-04-11 14:49:53,"Morning Workout",33m,"Seated Row (Cable)",2,58.97,8.0,0,0.0,,,
2023-04-11 14:49:53,"Morning Workout",33m,"Seated Row (Cable)",3,58.97,8.0,0,0.0,,,
2023-04-11 14:49:53,"Morning Workout",33m,"Side Bend (Dumbbell)",1,45.0,10.0,0,0.0,"",,
2023-04-11 14:49:53,"Morning Workout",33m,"Side Bend (Dumbbell)",2,45.0,10.0,0,0.0,,,
2023-04-11 14:49:53,"Morning Workout",33m,"Side Bend (Dumbbell)",3,45.0,10.0,0,0.0,,,
2023-04-11 14:49:53,"Morning Workout",33m,"Bench Dip",1,0.0,10.0,0,0.0,"",,
2023-04-11 14:49:53,"Morning Workout",33m,"Bench Dip",2,0.0,10.0,0,0.0,,,
2023-04-11 14:49:53,"Morning Workout",33m,"Bench Dip",3,0.0,10.0,0,0.0,,,
2023-05-04 13:55:28,"Early Morning Workout",46m,"Bench Press (Dumbbell)",1,27.22,5.0,0,0.0,"","",
2023-05-04 13:55:28,"Early Morning Workout",46m,"Bench Press (Dumbbell)",2,27.22,4.0,0,0.0,,,
2023-05-04 13:55:28,"Early Morning Workout",46m,"Bench Press (Dumbbell)",3,27.22,3.0,0,0.0,,,
2023-05-04 13:55:28,"Early Morning Workout",46m,"Triceps Extension (Dumbbell)",1,27.22,6.0,0,0.0,"",,
2023-05-04 13:55:28,"Early Morning Workout",46m,"Triceps Extension (Dumbbell)",2,27.22,8.0,0,0.0,,,
2023-05-04 13:55:28,"Early Morning Workout",46m,"Triceps Extension (Dumbbell)",3,27.22,8.0,0,0.0,,,
2023-05-04 13:55:28,"Early Morning Workout",46m,"Incline Bench Press (Dumbbell)",1,20.41,8.0,0,0.0,"",,
2023-05-04 13:55:28,"Early Morning Workout",46m,"Incline Bench Press (Dumbbell)",2,20.41,5.0,0,0.0,,,
2023-05-04 13:55:28,"Early Morning Workout",46m,"Incline Bench Press (Dumbbell)",3,20.41,3.0,0,0.0,,,
2023-05-04 13:55:28,"Early Morning Workout",46m,"Tricep kickback (dumbbell)",1,13.61,10.0,0,0.0,"",,
2023-05-04 13:55:28,"Early Morning Workout",46m,"Tricep kickback (dumbbell)",2,13.61,10.0,0,0.0,,,
2023-05-04 13:55:28,"Early Morning Workout",46m,"Tricep kickback (dumbbell)",3,13.61,10.0,0,0.0,,,
2023-05-04 13:55:28,"Early Morning Workout",46m,"Side Bend (Dumbbell)",1,65.0,10.0,0,0.0,"",,
2023-05-04 13:55:28,"Early Morning Workout",46m,"Side Bend (Dumbbell)",2,65.0,10.0,0,0.0,,,
2023-05-04 13:55:28,"Early Morning Workout",46m,"Side Bend (Dumbbell)",3,65.0,10.0,0,0.0,,,
2023-05-04 13:55:28,"Early Morning Workout",46m,"Bench Dip",1,0.0,10.0,0,0.0,"",,
2023-05-04 13:55:28,"Early Morning Workout",46m,"Bench Dip",2,0.0,10.0,0,0.0,,,
2023-05-04 13:55:28,"Early Morning Workout",46m,"Bench Dip",3,0.0,10.0,0,0.0,,,
2023-05-04 13:55:28,"Early Morning Workout",46m,"Bicep Curl (Dumbbell)",1,30.0,8.0,0,0.0,"",,
2023-05-04 13:55:28,"Early Morning Workout",46m,"Bicep Curl (Dumbbell)",2,30.0,8.0,0,0.0,,,
2023-05-04 13:55:28,"Early Morning Workout",46m,"Bicep Curl (Dumbbell)",3,30.0,6.0,0,0.0,,,
2023-05-11 14:18:56,"Morning Workout",58m,"Lat Pulldown (Single Arm)",W,40.0,10.0,0,0.0,"","",
2023-05-11 14:18:56,"Morning Workout",58m,"Lat Pulldown (Single Arm)",1,70.0,8.0,0,0.0,,,
2023-05-11 14:18:56,"Morning Workout",58m,"Lat Pulldown (Single Arm)",2,70.0,6.0,0,0.0,,,
2023-05-11 14:18:56,"Morning Workout",58m,"Lat Pulldown (Cable)",1,120.0,8.0,0,0.0,"",,
2023-05-11 14:18:56,"Morning Workout",58m,"Lat Pulldown (Cable)",2,120.0,6.0,0,0.0,,,
2023-05-11 14:18:56,"Morning Workout",58m,"Lat Pulldown (Cable)",3,120.0,6.0,0,0.0,,,
2023-05-11 14:18:56,"Morning Workout",58m,"Bent Over One Arm Row (Dumbbell)",1,20.41,10.0,0,0.0,"",,
2023-05-11 14:18:56,"Morning Workout",58m,"Bent Over One Arm Row (Dumbbell)",2,20.41,10.0,0,0.0,,,
2023-05-11 14:18:56,"Morning Workout",58m,"Bent Over One Arm Row (Dumbbell)",3,20.41,10.0,0,0.0,,,
2023-05-11 14:18:56,"Morning Workout",58m,"Bent Over One Arm Row (Dumbbell)",4,20.41,10.0,0,0.0,,,
2023-05-11 14:18:56,"Morning Workout",58m,"Side Bend (Dumbbell)",1,65.0,10.0,0,0.0,"",,
2023-05-11 14:18:56,"Morning Workout",58m,"Side Bend (Dumbbell)",2,65.0,10.0,0,0.0,,,
2023-05-11 14:18:56,"Morning Workout",58m,"Side Bend (Dumbbell)",3,65.0,10.0,0,0.0,,,
2023-05-11 14:18:56,"Morning Workout",58m,"Side Bend (Dumbbell)",4,65.0,8.0,0,0.0,,,
2023-05-11 14:18:56,"Morning Workout",58m,"Bicep Curl (Dumbbell)",1,35.0,8.0,0,0.0,"",,
2023-05-11 14:18:56,"Morning Workout",58m,"Bicep Curl (Dumbbell)",2,35.0,4.0,0,0.0,,,
2023-05-11 14:18:56,"Morning Workout",58m,"Bicep Curl (Dumbbell)",3,35.0,4.0,0,0.0,,,
2023-05-11 14:18:56,"Morning Workout",58m,"Bench Dip",1,0.0,10.0,0,0.0,"",,
2023-05-11 14:18:56,"Morning Workout",58m,"Bench Dip",2,0.0,10.0,0,0.0,,,
2023-05-11 14:18:56,"Morning Workout",58m,"Bench Dip",3,0.0,10.0,0,0.0,,,
2023-05-14 15:51:58,"Morning Workout",50m,"Leg Extension (Machine)",1,49.9,12.0,0,0.0,"","",
2023-05-14 15:51:58,"Morning Workout",50m,"Leg Extension (Machine)",2,49.9,12.0,0,0.0,,,
2023-05-14 15:51:58,"Morning Workout",50m,"Leg Extension (Machine)",3,49.9,12.0,0,0.0,,,
2023-05-14 15:51:58,"Morning Workout",50m,"Seated Leg Press (Machine)",1,150.0,10.0,0,0.0,"",,
2023-05-14 15:51:58,"Morning Workout",50m,"Seated Leg Press (Machine)",2,135.0,12.0,0,0.0,,,
2023-05-14 15:51:58,"Morning Workout",50m,"Seated Leg Press (Machine)",3,135.0,12.0,0,0.0,,,
2023-05-14 15:51:58,"Morning Workout",50m,"Hanging Knee Raise",1,0,12.0,0,0.0,"",,
2023-05-14 15:51:58,"Morning Workout",50m,"Hanging Knee Raise",2,0,12.0,0,0.0,,,
2023-05-14 15:51:58,"Morning Workout",50m,"Hanging Knee Raise",3,0,12.0,0,0.0,,,
2023-05-14 15:51:58,"Morning Workout",50m,"Goblet Squat (Kettlebell)",1,35.0,12.0,0,0.0,"",,
2023-05-14 15:51:58,"Morning Workout",50m,"Goblet Squat (Kettlebell)",2,30.0,12.0,0,0.0,,,
2023-05-14 15:51:58,"Morning Workout",50m,"Goblet Squat (Kettlebell)",F,30.0,5.0,0,0.0,,,
2023-05-14 15:51:58,"Morning Workout",50m,"Pull Up",1,0,5.0,0,0.0,"",,
2023-05-14 15:51:58,"Morning Workout",50m,"Pull Up",2,0,5.0,0,0.0,,,
2023-05-14 15:51:58,"Morning Workout",50m,"Pull Up",3,0,3.0,0,0.0,,,
2023-05-14 15:51:58,"Morning Workout",50m,"Bench Dip",1,0.0,10.0,0,0.0,"",,
2023-05-14 15:51:58,"Morning Workout",50m,"Bench Dip",2,0.0,12.0,0,0.0,,,
2023-05-14 15:51:58,"Morning Workout",50m,"Bench Dip",3,0.0,12.0,0,0.0,,,
2023-05-29 15:16:23,"Morning Workout",1h 14m,"Bench Press (Dumbbell)",1,27.22,6.0,0,0.0,"","",
2023-05-29 15:16:23,"Morning Workout",1h 14m,"Bench Press (Dumbbell)",2,27.22,4.0,0,0.0,,,
2023-05-29 15:16:23,"Morning Workout",1h 14m,"Bench Press (Dumbbell)",3,27.22,3.0,0,0.0,,,
2023-05-29 15:16:23,"Morning Workout",1h 14m,"Bench Press (Dumbbell)",4,27.22,3.0,0,0.0,,,
2023-05-29 15:16:23,"Morning Workout",1h 14m,"Triceps Extension (Dumbbell)",1,27.22,8.0,0,0.0,"",,
2023-05-29 15:16:23,"Morning Workout",1h 14m,"Triceps Extension (Dumbbell)",2,27.22,10.0,0,0.0,,,
2023-05-29 15:16:23,"Morning Workout",1h 14m,"Triceps Extension (Dumbbell)",3,27.22,10.0,0,0.0,,,
2023-05-29 15:16:23,"Morning Workout",1h 14m,"Incline Bench Press (Dumbbell)",1,20.41,8.0,0,0.0,"",,
2023-05-29 15:16:23,"Morning Workout",1h 14m,"Incline Bench Press (Dumbbell)",2,20.41,7.0,0,0.0,,,
2023-05-29 15:16:23,"Morning Workout",1h 14m,"Incline Bench Press (Dumbbell)",3,20.41,5.0,0,0.0,,,
2023-05-29 15:16:23,"Morning Workout",1h 14m,"Bicep Curl (Dumbbell)",1,30.0,8.0,0,0.0,"",,
2023-05-29 15:16:23,"Morning Workout",1h 14m,"Bicep Curl (Dumbbell)",2,30.0,4.0,0,0.0,,,
2023-05-29 15:16:23,"Morning Workout",1h 14m,"Bicep Curl (Dumbbell)",3,30.0,3.0,0,0.0,,,
2023-05-29 15:16:23,"Morning Workout",1h 14m,"Bent Over One Arm Row (Dumbbell)",1,27.22,6.0,0,0.0,"",,
2023-05-29 15:16:23,"Morning Workout",1h 14m,"Bent Over One Arm Row (Dumbbell)",2,27.22,8.0,0,0.0,,,
2023-05-29 15:16:23,"Morning Workout",1h 14m,"Bent Over One Arm Row (Dumbbell)",3,27.22,8.0,0,0.0,,,
2023-05-29 15:16:23,"Morning Workout",1h 14m,"Bent Over One Arm Row (Dumbbell)",4,27.22,6.0,0,0.0,,,
2023-05-30 17:12:14,"Morning Workout",54m,"Bench Press (Barbell)",1,52.16,8.0,0,0.0,"","",
2023-05-30 17:12:14,"Morning Workout",54m,"Bench Press (Barbell)",2,74.84,3.0,0,0.0,,,
2023-05-30 17:12:14,"Morning Workout",54m,"Bench Press (Barbell)",3,74.84,2.0,0,0.0,,,
2023-05-30 17:12:14,"Morning Workout",54m,"Bench Press (Barbell)",F,61.23,8.0,0,0.0,,,
2023-05-30 17:12:14,"Morning Workout",54m,"Seated Row (Cable)",1,54.43,8.0,0,0.0,"",,
2023-05-30 17:12:14,"Morning Workout",54m,"Seated Row (Cable)",2,54.43,8.0,0,0.0,,,
2023-05-30 17:12:14,"Morning Workout",54m,"Seated Row (Cable)",3,54.43,8.0,0,0.0,,,
2023-05-30 17:12:14,"Morning Workout",54m,"Chest Fly (Band)",1,25.0,8.0,0,0.0,"",,
2023-05-30 17:12:14,"Morning Workout",54m,"Chest Fly (Band)",2,35.0,7.0,0,0.0,,,
2023-05-30 17:12:14,"Morning Workout",54m,"Chest Fly (Band)",3,22.5,4.0,0,0.0,,,
2023-05-30 17:12:14,"Morning Workout",54m,"Lat Pulldown (Cable)",1,100.0,10.0,0,0.0,"",,
2023-05-30 17:12:14,"Morning Workout",54m,"Lat Pulldown (Cable)",2,120.0,6.0,0,0.0,,,
2023-05-30 17:12:14,"Morning Workout",54m,"Lat Pulldown (Cable)",3,120.0,8.0,0,0.0,,,
2023-06-01 14:59:59,"Morning Workout",3m,"Push Up",1,0.0,25.0,0,0.0,"","",
2023-06-01 14:59:59,"Morning Workout",3m,"Push Up",2,0.0,15.0,0,0.0,,,
2023-06-01 14:59:59,"Morning Workout",3m,"Flat Leg Raise",1,0,10.0,0,0.0,"",,
2023-06-01 14:59:59,"Morning Workout",3m,"Flat Leg Raise",2,0,10.0,0,0.0,,,
2023-06-01 14:59:59,"Morning Workout",3m,"Incline Bench Press (Dumbbell)",1,15.88,15.0,0,0.0,"",,
2023-06-01 14:59:59,"Morning Workout",3m,"Incline Bench Press (Dumbbell)",2,18.14,7.0,0,0.0,,,
2023-06-01 14:59:59,"Morning Workout",3m,"Pull Up (Band)",1,0.0,5.0,0,0.0,"",,
2023-06-01 14:59:59,"Morning Workout",3m,"Pull Up (Band)",2,5.0,10.0,0,0.0,,,
2023-06-01 14:59:59,"Morning Workout",3m,"Pull Up (Band)",3,5.0,8.0,0,0.0,,,
2023-06-01 14:59:59,"Morning Workout",3m,"Lat Pulldown (Single Arm)",1,45.0,8.0,0,0.0,"",,
2023-06-01 14:59:59,"Morning Workout",3m,"Lat Pulldown (Single Arm)",2,60.0,8.0,0,0.0,,,
2023-06-01 14:59:59,"Morning Workout",3m,"Lat Pulldown (Single Arm)",3,60.0,8.0,0,0.0,,,
2023-06-01 14:59:59,"Morning Workout",3m,"Push Up (Band)",1,0,3.0,0,0.0,"",,
2023-06-01 14:59:59,"Morning Workout",3m,"Push Up (Band)",2,0,5.0,0,0.0,,,
2023-06-01 14:59:59,"Morning Workout",3m,"Push Up (Band)",3,0,5.0,0,0.0,,,
2023-06-03 15:17:13,"Morning Workout",1h 8m,"Front Raise (Dumbbell)",1,22.5,10.0,0,0.0,"","",
2023-06-03 15:17:13,"Morning Workout",1h 8m,"Front Raise (Dumbbell)",2,22.5,10.0,0,0.0,,,
2023-06-03 15:17:13,"Morning Workout",1h 8m,"Front Raise (Dumbbell)",3,22.5,10.0,0,0.0,,,
2023-06-03 15:17:13,"Morning Workout",1h 8m,"Squat (Barbell)",1,20.41,10.0,0,0.0,"Knee be dying",,
2023-06-03 15:17:13,"Morning Workout",1h 8m,"Squat (Barbell)",2,61.23,3.0,0,0.0,,,
2023-06-03 15:17:13,"Morning Workout",1h 8m,"Deadlift (Barbell)",1,61.23,5.0,0,0.0,"",,
2023-06-03 15:17:13,"Morning Workout",1h 8m,"Deadlift (Barbell)",2,83.91,4.0,0,0.0,,,
2023-06-03 15:17:13,"Morning Workout",1h 8m,"Deadlift (Barbell)",3,83.91,5.0,0,0.0,,,
2023-06-03 15:17:13,"Morning Workout",1h 8m,"Deadlift (Barbell)",4,83.91,6.0,0,0.0,,,
2023-06-03 15:17:13,"Morning Workout",1h 8m,"Side Bend (Dumbbell)",1,60.0,10.0,0,0.0,"",,
2023-06-03 15:17:13,"Morning Workout",1h 8m,"Side Bend (Dumbbell)",2,60.0,10.0,0,0.0,,,
2023-06-03 15:17:13,"Morning Workout",1h 8m,"Side Bend (Dumbbell)",3,60.0,10.0,0,0.0,,,
2023-06-03 15:17:13,"Morning Workout",1h 8m,"Chest Fly (Band)",1,32.5,10.0,0,0.0,"",,
2023-06-03 15:17:13,"Morning Workout",1h 8m,"Chest Fly (Band)",2,32.5,10.0,0,0.0,,,
2023-06-03 15:17:13,"Morning Workout",1h 8m,"Chest Fly (Band)",3,27.5,8.0,0,0.0,,,
2023-06-03 15:17:13,"Morning Workout",1h 8m,"Leg Press",1,128.37,8.0,0,0.0,"",,
2023-06-03 15:17:13,"Morning Workout",1h 8m,"Leg Press",2,169.19,8.0,0,0.0,,,
2023-06-03 15:17:13,"Morning Workout",1h 8m,"Leg Press",3,169.19,8.0,0,0.0,,,
2023-06-03 15:17:13,"Morning Workout",1h 8m,"Leg Extension (Machine)",1,63.5,10.0,0,0.0,"",,
2023-06-03 15:17:13,"Morning Workout",1h 8m,"Leg Extension (Machine)",2,77.11,10.0,0,0.0,,,
2023-06-03 15:17:13,"Morning Workout",1h 8m,"Leg Extension (Machine)",3,77.11,10.0,0,0.0,,,
2023-06-05 17:18:36,"Morning Workout",1h 42m,"Triceps Extension (Dumbbell)",1,29.48,6.0,0,0.0,"","",
2023-06-05 17:18:36,"Morning Workout",1h 42m,"Triceps Extension (Dumbbell)",2,29.48,5.0,0,0.0,,,
2023-06-05 17:18:36,"Morning Workout",1h 42m,"Triceps Extension (Dumbbell)",3,29.48,10.0,0,0.0,,,
2023-06-05 17:18:36,"Morning Workout",1h 42m,"Bench Press (Dumbbell)",1,29.48,5.0,0,0.0,"",,
2023-06-05 17:18:36,"Morning Workout",1h 42m,"Bench Press (Dumbbell)",2,29.48,3.0,0,0.0,,,
2023-06-05 17:18:36,"Morning Workout",1h 42m,"Bench Press (Dumbbell)",3,29.48,3.0,0,0.0,,,
2023-06-05 17:18:36,"Morning Workout",1h 42m,"Incline Bench Press (Dumbbell)",1,18.14,10.0,0,0.0,"",,
2023-06-05 17:18:36,"Morning Workout",1h 42m,"Incline Bench Press (Dumbbell)",2,18.14,10.0,0,0.0,,,
2023-06-05 17:18:36,"Morning Workout",1h 42m,"Incline Bench Press (Dumbbell)",3,18.14,10.0,0,0.0,,,
2023-06-05 17:18:36,"Morning Workout",1h 42m,"Tricep kickback (dumbbell)",1,10.21,15.0,0,0.0,"",,
2023-06-05 17:18:36,"Morning Workout",1h 42m,"Tricep kickback (dumbbell)",2,10.21,10.0,0,0.0,,,
2023-06-05 17:18:36,"Morning Workout",1h 42m,"Tricep kickback (dumbbell)",3,10.21,15.0,0,0.0,,,
2023-06-05 17:18:36,"Morning Workout",1h 42m,"Triceps Extension",1,22.68,10.0,0,0.0,"",,
2023-06-05 17:18:36,"Morning Workout",1h 42m,"Triceps Extension",2,22.68,10.0,0,0.0,,,
2023-06-05 17:18:36,"Morning Workout",1h 42m,"Cable Kickback",1,15.0,6.0,0,0.0,"",,
2023-06-05 17:18:36,"Morning Workout",1h 42m,"Cable Kickback",2,10.0,8.0,0,0.0,,,
2023-06-06 14:32:15,"Morning Workout",42m,"Seated Row (Cable)",1,63.5,6.0,0,0.0,"","",
2023-06-06 14:32:15,"Morning Workout",42m,"Seated Row (Cable)",2,63.5,7.0,0,0.0,,,
2023-06-06 14:32:15,"Morning Workout",42m,"Seated Row (Cable)",3,63.5,6.0,0,0.0,,,
2023-06-06 14:32:15,"Morning Workout",42m,"Bench Dip",1,0.0,10.0,0,0.0,"",,
2023-06-06 14:32:15,"Morning Workout",42m,"Bench Dip",2,0.0,10.0,0,0.0,,,
2023-06-06 14:32:15,"Morning Workout",42m,"Lat Pulldown (Cable)",1,100.0,10.0,0,0.0,"",,
2023-06-06 14:32:15,"Morning Workout",42m,"Lat Pulldown (Cable)",2,120.0,8.0,0,0.0,,,
2023-06-06 14:32:15,"Morning Workout",42m,"Lat Pulldown (Cable)",3,120.0,8.0,0,0.0,,,
2023-06-06 14:32:15,"Morning Workout",42m,"Bicep Curl (Cable)",1,50.0,10.0,0,0.0,"",,
2023-06-06 14:32:15,"Morning Workout",42m,"Bicep Curl (Cable)",2,50.0,8.0,0,0.0,,,
2023-06-06 14:32:15,"Morning Workout",42m,"Bicep Curl (Cable)",3,57.5,3.0,0,0.0,,,
2023-06-06 14:32:15,"Morning Workout",42m,"Reverse Grip Concentration Curl (Dumbbell)",1,25.0,5.0,0,0.0,"",,
2023-06-06 14:32:15,"Morning Workout",42m,"Reverse Grip Concentration Curl (Dumbbell)",2,25.0,6.0,0,0.0,,,
2023-06-06 14:32:15,"Morning Workout",42m,"Reverse Grip Concentration Curl (Dumbbell)",3,25.0,6.0,0,0.0,,,
2023-06-08 17:45:11,"Morning Workout",56m,"Squat (Barbell)",1,61.23,6.0,0,0.0,"","",
2023-06-08 17:45:11,"Morning Workout",56m,"Squat (Barbell)",2,83.91,2.0,0,0.0,,,
2023-06-08 17:45:11,"Morning Workout",56m,"Squat (Barbell)",3,83.91,2.0,0,0.0,,,
2023-06-08 17:45:11,"Morning Workout",56m,"Squat (Barbell)",4,83.91,4.0,0,0.0,,,
2023-06-08 17:45:11,"Morning Workout",56m,"Squat (Barbell)",5,83.91,3.0,0,0.0,,,
2023-06-08 17:45:11,"Morning Workout",56m,"Bench Press (Barbell)",1,52.16,8.0,0,0.0,"",,
2023-06-08 17:45:11,"Morning Workout",56m,"Bench Press (Barbell)",2,61.23,8.0,0,0.0,,,
2023-06-08 17:45:11,"Morning Workout",56m,"Bench Press (Barbell)",3,61.23,8.0,0,0.0,,,
2023-06-08 17:45:11,"Morning Workout",56m,"Bench Press (Barbell)",4,70.31,3.0,0,0.0,,,
2023-06-08 17:45:11,"Morning Workout",56m,"Leg Extension (Machine)",1,63.5,10.0,0,0.0,"",,
2023-06-08 17:45:11,"Morning Workout",56m,"Leg Extension (Machine)",2,63.5,10.0,0,0.0,,,
2023-06-08 17:45:11,"Morning Workout",56m,"Leg Extension (Machine)",3,77.11,8.0,0,0.0,,,
2023-06-09 14:00:16,"Morning Workout",1h 3m,"Push Up",1,0.0,20.0,0,0.0,"","",
2023-06-09 14:00:16,"Morning Workout",1h 3m,"Incline Bench Press (Dumbbell)",1,11.34,15.0,0,0.0,"",,
2023-06-09 14:00:16,"Morning Workout",1h 3m,"Incline Bench Press (Dumbbell)",2,15.88,12.0,0,0.0,,,
2023-06-09 14:00:16,"Morning Workout",1h 3m,"Incline Bench Press (Dumbbell)",3,20.41,10.0,0,0.0,,,
2023-06-09 14:00:16,"Morning Workout",1h 3m,"Incline Bench Press (Dumbbell)",4,24.95,6.0,0,0.0,,,
2023-06-09 14:00:16,"Morning Workout",1h 3m,"Incline Bench Press (Dumbbell)",D,13.61,5.0,0,0.0,,,
2023-06-09 14:00:16,"Morning Workout",1h 3m,"Bent Over Row (Dumbbell)",1,30.0,15.0,0,0.0,"",,
2023-06-09 14:00:16,"Morning Workout",1h 3m,"Bent Over Row (Dumbbell)",2,40.0,12.0,0,0.0,,,
2023-06-09 14:00:16,"Morning Workout",1h 3m,"Bent Over Row (Dumbbell)",3,50.0,10.0,0,0.0,,,
2023-06-09 14:00:16,"Morning Workout",1h 3m,"Bent Over Row (Dumbbell)",4,60.0,6.0,0,0.0,,,
2023-06-09 14:00:16,"Morning Workout",1h 3m,"Chest Fly (Band)",1,20.0,15.0,0,0.0,"",,
2023-06-09 14:00:16,"Morning Workout",1h 3m,"Chest Fly (Band)",2,20.0,15.0,0,0.0,,,
2023-06-09 14:00:16,"Morning Workout",1h 3m,"Chest Fly (Band)",3,20.0,15.0,0,0.0,,,
2023-06-09 14:00:16,"Morning Workout",1h 3m,"Bent Over Row - Underhand (Barbell)",1,70.0,15.0,0,0.0,"",,
2023-06-09 14:00:16,"Morning Workout",1h 3m,"Bent Over Row - Underhand (Barbell)",2,80.0,15.0,0,0.0,,,
2023-06-09 14:00:16,"Morning Workout",1h 3m,"Bent Over Row - Underhand (Barbell)",3,90.0,15.0,0,0.0,,,
2023-06-09 14:00:16,"Morning Workout",1h 3m,"Lat Pulldown (Single Arm)",1,45.0,12.0,0,0.0,"",,
2023-06-09 14:00:16,"Morning Workout",1h 3m,"Lat Pulldown (Single Arm)",2,45.0,12.0,0,0.0,,,
2023-06-09 14:00:16,"Morning Workout",1h 3m,"Bicep Curl (Dumbbell)",1,20.0,12.0,0,0.0,"",,
2023-06-09 14:00:16,"Morning Workout",1h 3m,"Bicep Curl (Dumbbell)",2,20.0,12.0,0,0.0,,,
2023-06-12 14:14:23,"Morning Workout",57m,"Bench Press (Dumbbell)",1,27.22,10.0,0,0.0,"","",
2023-06-12 14:14:23,"Morning Workout",57m,"Bench Press (Dumbbell)",2,27.22,10.0,0,0.0,,,
2023-06-12 14:14:23,"Morning Workout",57m,"Bench Press (Dumbbell)",3,27.22,4.0,0,0.0,,,
2023-06-12 14:14:23,"Morning Workout",57m,"Skullcrusher (Barbell)",1,50.0,10.0,0,0.0,"",,
2023-06-12 14:14:23,"Morning Workout",57m,"Skullcrusher (Barbell)",2,60.0,6.0,0,0.0,,,
2023-06-12 14:14:23,"Morning Workout",57m,"Skullcrusher (Barbell)",3,60.0,6.0,0,0.0,,,
2023-06-12 14:14:23,"Morning Workout",57m,"Incline Bench Press (Dumbbell)",1,20.41,10.0,0,0.0,"",,
2023-06-12 14:14:23,"Morning Workout",57m,"Incline Bench Press (Dumbbell)",2,20.41,10.0,0,0.0,,,
2023-06-12 14:14:23,"Morning Workout",57m,"Incline Bench Press (Dumbbell)",3,20.41,6.0,0,0.0,,,
2023-06-12 14:14:23,"Morning Workout",57m,"Incline Bench Press (Dumbbell)",D,13.61,4.0,0,0.0,,,
2023-06-12 14:14:23,"Morning Workout",57m,"Incline Curl (Dumbbell)",1,30.0,8.0,0,0.0,"",,
2023-06-12 14:14:23,"Morning Workout",57m,"Incline Curl (Dumbbell)",2,30.0,8.0,0,0.0,,,
2023-06-12 14:14:23,"Morning Workout",57m,"Incline Curl (Dumbbell)",3,30.0,6.0,0,0.0,,,
2023-06-12 14:14:23,"Morning Workout",57m,"Triceps Extension",1,22.68,8.0,0,0.0,"",,
2023-06-12 14:14:23,"Morning Workout",57m,"Triceps Extension",2,22.68,7.0,0,0.0,,,
2023-06-12 14:14:23,"Morning Workout",57m,"Triceps Extension",3,19.28,8.0,0,0.0,,,
2023-06-12 14:14:23,"Morning Workout",57m,"Cable side pull",1,6.8,8.0,0,0.0,"",,
2023-06-12 14:14:23,"Morning Workout",57m,"Cable side pull",2,6.8,5.0,0,0.0,,,
2023-06-12 14:14:23,"Morning Workout",57m,"Cable side pull",3,4.54,6.0,0,0.0,,,
2023-06-12 14:14:23,"Morning Workout",57m,"Chest Press (Machine)",1,38.56,10.0,0,0.0,"",,
2023-06-12 14:14:23,"Morning Workout",57m,"Chest Press (Machine)",2,38.56,8.0,0,0.0,,,
2023-06-12 14:14:23,"Morning Workout",57m,"Chest Press (Machine)",3,38.56,8.0,0,0.0,,,
2023-06-13 14:23:18,"Morning Workout",59m,"Seated Row (Cable)",1,63.5,8.0,0,0.0,"","",
2023-06-13 14:23:18,"Morning Workout",59m,"Seated Row (Cable)",2,63.5,8.0,0,0.0,,,
2023-06-13 14:23:18,"Morning Workout",59m,"Seated Row (Cable)",3,63.5,7.0,0,0.0,,,
2023-06-13 14:23:18,"Morning Workout",59m,"Concentration Curl (Dumbbell)",1,30.0,6.0,0,0.0,"",,
2023-06-13 14:23:18,"Morning Workout",59m,"Concentration Curl (Dumbbell)",2,25.0,8.0,0,0.0,,,
2023-06-13 14:23:18,"Morning Workout",59m,"Concentration Curl (Dumbbell)",3,25.0,6.0,0,0.0,,,
2023-06-13 14:23:18,"Morning Workout",59m,"Lat Pulldown (Cable)",1,120.0,8.0,0,0.0,"",,
2023-06-13 14:23:18,"Morning Workout",59m,"Lat Pulldown (Cable)",2,120.0,8.0,0,0.0,,,
2023-06-13 14:23:18,"Morning Workout",59m,"Lat Pulldown (Cable)",3,120.0,8.0,0,0.0,,,
2023-06-13 14:23:18,"Morning Workout",59m,"Bicep Curl (Barbell)",1,55.0,10.0,0,0.0,"",,
2023-06-13 14:23:18,"Morning Workout",59m,"Bicep Curl (Barbell)",2,55.0,8.0,0,0.0,,,
2023-06-13 14:23:18,"Morning Workout",59m,"Bicep Curl (Barbell)",3,55.0,8.0,0,0.0,,,
2023-06-13 14:23:18,"Morning Workout",59m,"Bicep Curl (Cable)",1,50.0,6.0,0,0.0,"",,
2023-06-13 14:23:18,"Morning Workout",59m,"Bicep Curl (Cable)",2,50.0,8.0,0,0.0,,,
2023-06-13 14:23:18,"Morning Workout",59m,"Bicep Curl (Cable)",3,57.5,5.0,0,0.0,,,
2023-06-13 14:23:18,"Morning Workout",59m,"Leg Extension (Machine)",1,63.5,10.0,0,0.0,"",,
2023-06-13 14:23:18,"Morning Workout",59m,"Leg Extension (Machine)",2,77.11,10.0,0,0.0,,,
2023-06-13 14:23:18,"Morning Workout",59m,"Leg Extension (Machine)",3,63.5,10.0,0,0.0,,,
2023-06-14 15:58:34,"Morning Workout",42m,"Seated Leg Curl (Machine)",1,115.0,10.0,0,0.0,"","",
2023-06-14 15:58:34,"Morning Workout",42m,"Seated Leg Curl (Machine)",2,130.0,10.0,0,0.0,,,
2023-06-14 15:58:34,"Morning Workout",42m,"Seated Leg Curl (Machine)",3,130.0,10.0,0,0.0,,,
2023-06-14 15:58:34,"Morning Workout",42m,"Leg Extension (Machine)",1,77.11,10.0,0,0.0,"",,
2023-06-14 15:58:34,"Morning Workout",42m,"Leg Extension (Machine)",2,77.11,10.0,0,0.0,,,
2023-06-14 15:58:34,"Morning Workout",42m,"Leg Extension (Machine)",3,77.11,10.0,0,0.0,,,
2023-06-14 15:58:34,"Morning Workout",42m,"Goblet Squat (Kettlebell)",1,45.0,8.0,0,0.0,"",,
2023-06-14 15:58:34,"Morning Workout",42m,"Goblet Squat (Kettlebell)",2,45.0,5.0,0,0.0,,,
2023-06-14 15:58:34,"Morning Workout",42m,"Goblet Squat (Kettlebell)",3,45.0,8.0,0,0.0,,,
2023-06-14 15:58:34,"Morning Workout",42m,"Seated Leg Press (Machine)",1,150.0,10.0,0,0.0,"",,
2023-06-14 15:58:34,"Morning Workout",42m,"Seated Leg Press (Machine)",2,170.0,10.0,0,0.0,,,
2023-06-14 15:58:34,"Morning Workout",42m,"Seated Leg Press (Machine)",3,210.0,10.0,0,0.0,,,
2023-06-16 15:57:19,"Morning Workout",50m,"Push Up",1,0.0,100.0,0,0.0,"","",
2023-06-16 15:57:19,"Morning Workout",50m,"Leg Extension (Machine)",1,40.82,15.0,0,0.0,"",,
2023-06-16 15:57:19,"Morning Workout",50m,"Leg Extension (Machine)",2,20.41,15.0,0,0.0,,,
2023-06-16 15:57:19,"Morning Workout",50m,"Front Raise (Plate)",1,5.0,10.0,0,0.0,"",,
2023-06-16 15:57:19,"Morning Workout",50m,"Front Raise (Plate)",2,5.0,10.0,0,0.0,,,
2023-06-16 15:57:19,"Morning Workout",50m,"Front Raise (Plate)",3,5.0,10.0,0,0.0,,,
2023-06-16 15:57:19,"Morning Workout",50m,"Bench Press (Barbell)",1,43.09,15.0,0,0.0,"",,
2023-06-16 15:57:19,"Morning Workout",50m,"Bench Press (Barbell)",2,61.23,8.0,0,0.0,,,
2023-06-16 15:57:19,"Morning Workout",50m,"Bench Press (Barbell)",3,70.31,6.0,0,0.0,,,
2023-06-16 15:57:19,"Morning Workout",50m,"Bench Press (Barbell)",4,83.91,2.0,0,0.0,,,
2023-06-16 15:57:19,"Morning Workout",50m,"Bench Press (Barbell)",5,83.91,2.0,0,0.0,,,
2023-06-16 15:57:19,"Morning Workout",50m,"Bench Press (Barbell)",6,61.23,8.0,0,0.0,,,
2023-06-16 15:57:19,"Morning Workout",50m,"Chest Fly (Band)",1,20.0,12.0,0,0.0,"",,
2023-06-16 15:57:19,"Morning Workout",50m,"Chest Fly (Band)",2,15.0,10.0,0,0.0,,,
2023-06-16 15:57:19,"Morning Workout",50m,"Push Up",1,0.0,6.0,0,0.0,"",,
2023-06-16 15:57:19,"Morning Workout",50m,"Push Up",2,0.0,8.0,0,0.0,,,
2023-06-16 15:57:19,"Morning Workout",50m,"Triceps Extension (Cable)",1,10.0,25.0,0,0.0,"",,
2023-06-16 15:57:19,"Morning Workout",50m,"Triceps Extension (Cable)",2,10.0,25.0,0,0.0,,,
2023-06-16 15:57:19,"Morning Workout",50m,"Reverse Curl (Dumbbell)",1,15.0,5.0,0,0.0,"",,
2023-06-16 15:57:19,"Morning Workout",50m,"Reverse Curl (Dumbbell)",2,15.0,5.0,0,0.0,,,
2023-06-19 16:02:44,"Morning Workout",52m,"Triceps Extension (Dumbbell)",1,31.75,8.0,0,0.0,"","",
2023-06-19 16:02:44,"Morning Workout",52m,"Triceps Extension (Dumbbell)",2,31.75,8.0,0,0.0,,,
2023-06-19 16:02:44,"Morning Workout",52m,"Triceps Extension (Dumbbell)",3,31.75,8.0,0,0.0,,,
2023-06-19 16:02:44,"Morning Workout",52m,"Bench Press (Dumbbell)",1,31.75,5.0,0,0.0,"",,
2023-06-19 16:02:44,"Morning Workout",52m,"Bench Press (Dumbbell)",2,31.75,5.0,0,0.0,,,
2023-06-19 16:02:44,"Morning Workout",52m,"Bench Press (Dumbbell)",3,31.75,4.0,0,0.0,,,
2023-06-19 16:02:44,"Morning Workout",52m,"Bench Press (Dumbbell)",D,13.61,5.0,0,0.0,,,
2023-06-19 16:02:44,"Morning Workout",52m,"Incline Bench Press (Dumbbell)",1,22.68,3.0,0,0.0,"",,
2023-06-19 16:02:44,"Morning Workout",52m,"Incline Bench Press (Dumbbell)",2,22.68,6.0,0,0.0,,,
2023-06-19 16:02:44,"Morning Workout",52m,"Incline Bench Press (Dumbbell)",3,22.68,8.0,0,0.0,,,
2023-06-19 16:02:44,"Morning Workout",52m,"Incline Bench Press (Dumbbell)",4,13.61,8.0,0,0.0,,,
2023-06-19 16:02:44,"Morning Workout",52m,"Tricep kickback (dumbbell)",1,11.34,10.0,0,0.0,"",,
2023-06-19 16:02:44,"Morning Workout",52m,"Tricep kickback (dumbbell)",2,11.34,15.0,0,0.0,,,
2023-06-19 16:02:44,"Morning Workout",52m,"Tricep kickback (dumbbell)",3,11.34,12.0,0,0.0,,,
2023-06-19 16:02:44,"Morning Workout",52m,"Triceps Extension",1,22.68,8.0,0,0.0,"",,
2023-06-19 16:02:44,"Morning Workout",52m,"Triceps Extension",2,27.22,6.0,0,0.0,,,
2023-06-19 16:02:44,"Morning Workout",52m,"Triceps Extension",3,27.22,6.0,0,0.0,,,
2023-06-19 16:02:44,"Morning Workout",52m,"Chest Press (Machine)",1,45.36,10.0,0,0.0,"",,
2023-06-19 16:02:44,"Morning Workout",52m,"Chest Press (Machine)",2,58.97,7.0,0,0.0,,,
2023-06-19 16:02:44,"Morning Workout",52m,"Chest Press (Machine)",3,58.97,6.0,0,0.0,,,
2023-06-20 14:49:05,"Morning Workout",36m,"Seated Row (Cable)",1,63.5,8.0,0,0.0,"","",
2023-06-20 14:49:05,"Morning Workout",36m,"Seated Row (Cable)",2,72.57,6.0,0,0.0,,,
2023-06-20 14:49:05,"Morning Workout",36m,"Seated Row (Cable)",3,72.57,5.0,0,0.0,,,
2023-06-20 14:49:05,"Morning Workout",36m,"Seated Row (Cable)",D,38.56,8.0,0,0.0,,,
2023-06-20 14:49:05,"Morning Workout",36m,"Bicep Curl (Barbell)",1,50.0,8.0,0,0.0,"",,
2023-06-20 14:49:05,"Morning Workout",36m,"Bicep Curl (Barbell)",2,50.0,10.0,0,0.0,,,
2023-06-20 14:49:05,"Morning Workout",36m,"Bicep Curl (Barbell)",3,50.0,12.0,0,0.0,,,
2023-06-20 14:49:05,"Morning Workout",36m,"Lat Pulldown (Cable)",1,120.0,8.0,0,0.0,"",,
2023-06-20 14:49:05,"Morning Workout",36m,"Lat Pulldown (Cable)",2,140.0,8.0,0,0.0,,,
2023-06-20 14:49:05,"Morning Workout",36m,"Lat Pulldown (Cable)",3,140.0,6.0,0,0.0,,,
2023-06-20 14:49:05,"Morning Workout",36m,"Goblet Squat (Kettlebell)",1,60.0,8.0,0,0.0,"",,
2023-06-20 14:49:05,"Morning Workout",36m,"Goblet Squat (Kettlebell)",2,60.0,8.0,0,0.0,,,
2023-06-20 14:49:05,"Morning Workout",36m,"Goblet Squat (Kettlebell)",3,60.0,8.0,0,0.0,,,
2023-06-22 17:21:40,"Morning Workout",49m,"Bench Press (Dumbbell)",1,29.48,8.0,0,0.0,"","",
2023-06-22 17:21:40,"Morning Workout",49m,"Bench Press (Dumbbell)",2,31.75,6.0,0,0.0,,,
2023-06-22 17:21:40,"Morning Workout",49m,"Bench Press (Dumbbell)",3,31.75,7.0,0,0.0,,,
2023-06-22 17:21:40,"Morning Workout",49m,"Bulgarian Split Squat",1,0.0,5.0,0,0.0,"",,
2023-06-22 17:21:40,"Morning Workout",49m,"Bulgarian Split Squat",2,60.0,8.0,0,0.0,,,
2023-06-22 17:21:40,"Morning Workout",49m,"Bulgarian Split Squat",3,60.0,5.0,0,0.0,,,
2023-06-22 17:21:40,"Morning Workout",49m,"Leg Extension (Machine)",1,77.11,8.0,0,0.0,"",,
2023-06-22 17:21:40,"Morning Workout",49m,"Leg Extension (Machine)",2,86.18,10.0,0,0.0,,,
2023-06-22 17:21:40,"Morning Workout",49m,"Leg Extension (Machine)",3,86.18,10.0,0,0.0,,,
2023-06-22 17:21:40,"Morning Workout",49m,"Seated Leg Press (Machine)",1,170.0,10.0,0,0.0,"",,
2023-06-22 17:21:40,"Morning Workout",49m,"Seated Leg Press (Machine)",2,210.0,10.0,0,0.0,,,
2023-06-22 17:21:40,"Morning Workout",49m,"Seated Leg Press (Machine)",3,250.0,6.0,0,0.0,,,
2023-06-22 17:21:40,"Morning Workout",49m,"Seated Leg Curl (Machine)",1,130.0,10.0,0,0.0,"",,
2023-06-22 17:21:40,"Morning Workout",49m,"Seated Leg Curl (Machine)",2,130.0,8.0,0,0.0,,,
2023-06-22 17:21:40,"Morning Workout",49m,"Seated Leg Curl (Machine)",3,130.0,10.0,0,0.0,,,
2023-06-23 16:55:13,"Morning Workout",3m,"Rowing (Machine)",1,0,0.0,0.621,0.0,"","",
2023-06-23 16:55:13,"Morning Workout",3m,"Bench Press (Barbell)",1,20.41,15.0,0,0.0,"",,
2023-06-23 16:55:13,"Morning Workout",3m,"Bench Press (Barbell)",2,43.09,15.0,0,0.0,,,
2023-06-23 16:55:13,"Morning Workout",3m,"Bench Press (Barbell)",3,52.16,15.0,0,0.0,,,
2023-06-23 16:55:13,"Morning Workout",3m,"Bench Press (Barbell)",4,61.23,8.0,0,0.0,,,
2023-06-23 16:55:13,"Morning Workout",3m,"Bench Press (Barbell)",5,70.31,6.0,0,0.0,,,
2023-06-23 16:55:13,"Morning Workout",3m,"Bench Press (Barbell)",6,74.84,6.0,0,0.0,,,
2023-06-23 16:55:13,"Morning Workout",3m,"Bench Press (Barbell)",D,43.09,7.0,0,0.0,,,
2023-06-23 16:55:13,"Morning Workout",3m,"Squat (Barbell)",1,20.41,15.0,0,0.0,"",,
2023-06-23 16:55:13,"Morning Workout",3m,"Squat (Barbell)",2,43.09,15.0,0,0.0,,,
2023-06-23 16:55:13,"Morning Workout",3m,"Squat (Barbell)",3,61.23,12.0,0,0.0,,,
2023-06-23 16:55:13,"Morning Workout",3m,"Squat (Barbell)",4,70.31,10.0,0,0.0,,,
2023-06-23 16:55:13,"Morning Workout",3m,"Squat (Barbell)",5,74.84,6.0,0,0.0,,,
2023-06-23 16:55:13,"Morning Workout",3m,"Squat (Barbell)",6,74.84,6.0,0,0.0,,,
2023-06-23 16:55:13,"Morning Workout",3m,"Jump Squat",1,0,15.0,0,0.0,"",,
2023-06-26 14:49:57,"Morning Workout",1h 2m,"Skullcrusher (Barbell)",1,60.0,6.0,0,0.0,"","",
2023-06-26 14:49:57,"Morning Workout",1h 2m,"Skullcrusher (Barbell)",2,60.0,8.0,0,0.0,,,
2023-06-26 14:49:57,"Morning Workout",1h 2m,"Skullcrusher (Barbell)",3,60.0,8.0,0,0.0,,,
2023-06-26 14:49:57,"Morning Workout",1h 2m,"Bench Press (Dumbbell)",1,31.75,8.0,0,0.0,"",,
2023-06-26 14:49:57,"Morning Workout",1h 2m,"Bench Press (Dumbbell)",2,31.75,6.0,0,0.0,,,
2023-06-26 14:49:57,"Morning Workout",1h 2m,"Bench Press (Dumbbell)",3,31.75,6.0,0,0.0,,,
2023-06-26 14:49:57,"Morning Workout",1h 2m,"Incline Bench Press (Dumbbell)",1,22.68,8.0,0,0.0,"",,
2023-06-26 14:49:57,"Morning Workout",1h 2m,"Incline Bench Press (Dumbbell)",2,22.68,5.0,0,0.0,,,
2023-06-26 14:49:57,"Morning Workout",1h 2m,"Incline Bench Press (Dumbbell)",3,22.68,5.0,0,0.0,,,
2023-06-26 14:49:57,"Morning Workout",1h 2m,"Incline Bench Press (Dumbbell)",4,15.88,6.0,0,0.0,,,
2023-06-26 14:49:57,"Morning Workout",1h 2m,"Incline Curl (Dumbbell)",1,30.0,8.0,0,0.0,"",,
2023-06-26 14:49:57,"Morning Workout",1h 2m,"Incline Curl (Dumbbell)",2,30.0,8.0,0,0.0,,,
2023-06-26 14:49:57,"Morning Workout",1h 2m,"Incline Curl (Dumbbell)",3,30.0,8.0,0,0.0,,,
2023-06-26 14:49:57,"Morning Workout",1h 2m,"Triceps Extension",1,26.08,8.0,0,0.0,"",,
2023-06-26 14:49:57,"Morning Workout",1h 2m,"Triceps Extension",2,29.48,5.0,0,0.0,,,
2023-06-26 14:49:57,"Morning Workout",1h 2m,"Triceps Extension",3,26.08,8.0,0,0.0,,,
2023-06-27 14:58:47,"Morning Workout",41m,"Seated Row (Cable)",1,63.5,8.0,0,0.0,"","",
2023-06-27 14:58:47,"Morning Workout",41m,"Seated Row (Cable)",2,72.57,8.0,0,0.0,,,
2023-06-27 14:58:47,"Morning Workout",41m,"Seated Row (Cable)",3,72.57,6.0,0,0.0,,,
2023-06-27 14:58:47,"Morning Workout",41m,"Seated Row (Cable)",4,38.56,10.0,0,0.0,,,
2023-06-27 14:58:47,"Morning Workout",41m,"Triceps Extension (Cable)",1,10.0,30.0,0,0.0,"",,
2023-06-27 14:58:47,"Morning Workout",41m,"Triceps Extension (Cable)",2,8.0,45.0,0,0.0,,,
2023-06-27 14:58:47,"Morning Workout",41m,"Triceps Extension (Cable)",3,8.0,45.0,0,0.0,,,
2023-06-27 14:58:47,"Morning Workout",41m,"Pull Up",1,0,6.0,0,0.0,"",,
2023-06-27 14:58:47,"Morning Workout",41m,"Pull Up",2,0,5.0,0,0.0,,,
2023-06-27 14:58:47,"Morning Workout",41m,"Pull Up",3,0,62.0,0,0.0,,,
2023-06-27 14:58:47,"Morning Workout",41m,"Lat Pulldown (Single Arm)",1,60.0,8.0,0,0.0,"",,
2023-06-27 14:58:47,"Morning Workout",41m,"Lat Pulldown (Single Arm)",2,60.0,8.0,0,0.0,,,
2023-06-27 14:58:47,"Morning Workout",41m,"Lat Pulldown (Single Arm)",3,60.0,8.0,0,0.0,,,
2023-06-27 14:58:47,"Morning Workout",41m,"Bicep Curl (Barbell)",1,60.0,6.0,0,0.0,"",,
2023-06-27 14:58:47,"Morning Workout",41m,"Bicep Curl (Barbell)",2,60.0,8.0,0,0.0,,,
2023-06-27 14:58:47,"Morning Workout",41m,"Bicep Curl (Barbell)",3,60.0,8.0,0,0.0,,,
2023-06-28 14:04:42,"Morning Workout",57m,"Leg Press",1,128.37,15.0,0,0.0,"","",
2023-06-28 14:04:42,"Morning Workout",57m,"Leg Press",2,169.19,10.0,0,0.0,,,
2023-06-28 14:04:42,"Morning Workout",57m,"Leg Press",3,210.01,6.0,0,0.0,,,
2023-06-28 14:04:42,"Morning Workout",57m,"Squat (Barbell)",W,20.41,15.0,0,0.0,"",,
2023-06-28 14:04:42,"Morning Workout",57m,"Squat (Barbell)",1,61.23,8.0,0,0.0,,,
2023-06-28 14:04:42,"Morning Workout",57m,"Squat (Barbell)",2,65.77,6.0,0,0.0,,,
2023-06-28 14:04:42,"Morning Workout",57m,"Squat (Barbell)",F,74.84,2.0,0,0.0,,,
2023-06-28 14:04:42,"Morning Workout",57m,"Squat (Barbell)",F,61.23,3.0,0,0.0,,,
2023-06-28 14:04:42,"Morning Workout",57m,"Leg Extension (Machine)",1,77.11,8.0,0,0.0,"",,
2023-06-28 14:04:42,"Morning Workout",57m,"Leg Extension (Machine)",2,77.11,8.0,0,0.0,,,
2023-06-28 14:04:42,"Morning Workout",57m,"Leg Extension (Machine)",3,77.11,10.0,0,0.0,,,
2023-06-28 14:04:42,"Morning Workout",57m,"Seated Leg Curl (Machine)",1,145.0,8.0,0,0.0,"",,
2023-06-28 14:04:42,"Morning Workout",57m,"Seated Leg Curl (Machine)",2,145.0,8.0,0,0.0,,,
2023-06-28 14:04:42,"Morning Workout",57m,"Seated Leg Curl (Machine)",3,145.0,8.0,0,0.0,,,
2023-06-29 14:59:05,"Morning Workout",4m,"Pull Up",1,0,6.0,0,0.0,"","",
2023-06-29 14:59:05,"Morning Workout",4m,"Pull Up",2,0,6.0,0,0.0,,,
2023-06-29 14:59:05,"Morning Workout",4m,"Chest Dip",1,0,10.0,0,0.0,"",,
2023-06-29 14:59:05,"Morning Workout",4m,"Chest Dip",2,0,10.0,0,0.0,,,
2023-06-29 14:59:05,"Morning Workout",4m,"Single Leg Press",1,155.0,10.0,0,0.0,"",,
2023-06-29 14:59:05,"Morning Workout",4m,"Single Leg Press",2,205.0,6.0,0,0.0,,,
2023-06-29 14:59:05,"Morning Workout",4m,"Single Leg Press",3,205.0,6.0,0,0.0,,,
2023-06-29 14:59:05,"Morning Workout",4m,"Lunge (Bodyweight)",1,0,30.0,0,0.0,"",,
2023-06-29 14:59:05,"Morning Workout",4m,"Lunge (Bodyweight)",2,0,30.0,0,0.0,,,
2023-06-29 14:59:05,"Morning Workout",4m,"Lunge (Bodyweight)",3,0,30.0,0,0.0,,,
2023-06-29 14:59:05,"Morning Workout",4m,"Bench Press (Barbell)",1,43.09,15.0,0,0.0,"",,
2023-06-29 14:59:05,"Morning Workout",4m,"Bench Press (Barbell)",2,43.09,10.0,0,0.0,,,
2023-06-29 14:59:05,"Morning Workout",4m,"Bench Press (Barbell)",3,61.23,6.0,0,0.0,,,
2023-06-29 14:59:05,"Morning Workout",4m,"Bench Press (Barbell)",4,65.77,6.0,0,0.0,,,
2023-06-29 14:59:05,"Morning Workout",4m,"Bench Press (Barbell)",5,74.84,4.0,0,0.0,,,
2023-06-29 14:59:05,"Morning Workout",4m,"Bench Press (Barbell)",D,61.23,4.0,0,0.0,,,
2023-06-29 14:59:05,"Morning Workout",4m,"Step-up",1,0,8.0,0,0.0,"",,
2023-06-29 14:59:05,"Morning Workout",4m,"Step-up",2,0,8.0,0,0.0,,,
2023-06-29 14:59:05,"Morning Workout",4m,"Skullcrusher With Raised Legs",1,15.0,10.0,0,0.0,"",,
2023-06-29 14:59:05,"Morning Workout",4m,"Skullcrusher With Raised Legs",2,15.0,15.0,0,0.0,,,
2023-06-29 14:59:05,"Morning Workout",4m,"Skullcrusher With Raised Legs",3,15.0,15.0,0,0.0,,,
2023-07-03 14:53:25,"Morning Workout",1h 2m,"Triceps Extension (Dumbbell)",1,31.75,8.0,0,0.0,"","",
2023-07-03 14:53:25,"Morning Workout",1h 2m,"Triceps Extension (Dumbbell)",2,31.75,8.0,0,0.0,,,
2023-07-03 14:53:25,"Morning Workout",1h 2m,"Triceps Extension (Dumbbell)",3,31.75,8.0,0,0.0,,,
2023-07-03 14:53:25,"Morning Workout",1h 2m,"Bench Press (Dumbbell)",1,31.75,8.0,0,0.0,"",,
2023-07-03 14:53:25,"Morning Workout",1h 2m,"Bench Press (Dumbbell)",2,31.75,8.0,0,0.0,,,
2023-07-03 14:53:25,"Morning Workout",1h 2m,"Bench Press (Dumbbell)",3,31.75,7.0,0,0.0,,,
2023-07-03 14:53:25,"Morning Workout",1h 2m,"Bench Press (Dumbbell)",D,15.88,10.0,0,0.0,,,
2023-07-03 14:53:25,"Morning Workout",1h 2m,"Incline Bench Press (Dumbbell)",1,22.68,8.0,0,0.0,"",,
2023-07-03 14:53:25,"Morning Workout",1h 2m,"Incline Bench Press (Dumbbell)",2,22.68,8.0,0,0.0,,,
2023-07-03 14:53:25,"Morning Workout",1h 2m,"Incline Bench Press (Dumbbell)",3,22.68,8.0,0,0.0,,,
2023-07-03 14:53:25,"Morning Workout",1h 2m,"Triceps Extension (Barbell)",1,30.0,8.0,0,0.0,"",,
2023-07-03 14:53:25,"Morning Workout",1h 2m,"Triceps Extension (Barbell)",2,30.0,8.0,0,0.0,,,
2023-07-03 14:53:25,"Morning Workout",1h 2m,"Triceps Extension (Barbell)",3,30.0,8.0,0,0.0,,,
2023-07-03 14:53:25,"Morning Workout",1h 2m,"Triceps Extension",1,22.68,8.0,0,0.0,"",,
2023-07-03 14:53:25,"Morning Workout",1h 2m,"Triceps Extension",2,26.08,8.0,0,0.0,,,
2023-07-03 14:53:25,"Morning Workout",1h 2m,"Triceps Extension",3,26.08,8.0,0,0.0,,,
2023-07-03 14:53:25,"Morning Workout",1h 2m,"Cable Kickback",1,10.0,8.0,0,0.0,"",,
2023-07-03 14:53:25,"Morning Workout",1h 2m,"Cable Kickback",2,10.0,8.0,0,0.0,,,
2023-07-03 14:53:25,"Morning Workout",1h 2m,"Cable Kickback",3,10.0,8.0,0,0.0,,,
2023-07-04 16:45:04,"Morning Workout",1h 20m,"Squat (Barbell)",W,20.41,10.0,0,0.0,"","",
2023-07-04 16:45:04,"Morning Workout",1h 20m,"Squat (Barbell)",1,61.23,8.0,0,0.0,,,
2023-07-04 16:45:04,"Morning Workout",1h 20m,"Squat (Barbell)",2,74.84,8.0,0,0.0,,,
2023-07-04 16:45:04,"Morning Workout",1h 20m,"Squat (Barbell)",3,74.84,8.0,0,0.0,,,
2023-07-04 16:45:04,"Morning Workout",1h 20m,"Squat (Barbell)",4,83.91,8.0,0,0.0,,,
2023-07-04 16:45:04,"Morning Workout",1h 20m,"Seated Leg Press (Machine)",1,230.0,10.0,0,0.0,"",,
2023-07-04 16:45:04,"Morning Workout",1h 20m,"Seated Leg Press (Machine)",2,270.0,10.0,0,0.0,,,
2023-07-04 16:45:04,"Morning Workout",1h 20m,"Seated Leg Press (Machine)",3,330.0,8.0,0,0.0,,,
2023-07-04 16:45:04,"Morning Workout",1h 20m,"Seated Leg Curl (Machine)",1,140.0,8.0,0,0.0,"",,
2023-07-04 16:45:04,"Morning Workout",1h 20m,"Seated Leg Curl (Machine)",2,140.0,8.0,0,0.0,,,
2023-07-04 16:45:04,"Morning Workout",1h 20m,"Seated Leg Curl (Machine)",3,200.0,6.0,0,0.0,,,
2023-07-09 01:27:11,"Evening Workout",27m,"Bench Press (Dumbbell)",1,31.75,8.0,0,0.0,"","",
2023-07-09 01:27:11,"Evening Workout",27m,"Bench Press (Dumbbell)",2,31.75,7.0,0,0.0,,,
2023-07-09 01:27:11,"Evening Workout",27m,"Bench Press (Dumbbell)",3,31.75,8.0,0,0.0,,,
2023-07-09 01:27:11,"Evening Workout",27m,"Triceps Extension (Dumbbell)",1,31.75,7.0,0,0.0,"",,
2023-07-09 01:27:11,"Evening Workout",27m,"Triceps Extension (Dumbbell)",2,31.75,8.0,0,0.0,,,
2023-07-09 01:27:11,"Evening Workout",27m,"Triceps Extension (Dumbbell)",3,31.75,3.0,0,0.0,,,
2023-07-09 01:27:11,"Evening Workout",27m,"Triceps Extension (Dumbbell)",D,18.14,8.0,0,0.0,,,
2023-07-09 01:27:11,"Evening Workout",27m,"Incline Bench Press (Dumbbell)",1,20.41,8.0,0,0.0,"",,
2023-07-09 01:27:11,"Evening Workout",27m,"Incline Bench Press (Dumbbell)",2,22.68,8.0,0,0.0,,,
2023-07-09 01:27:11,"Evening Workout",27m,"Incline Bench Press (Dumbbell)",3,22.68,8.0,0,0.0,,,
2023-07-09 01:27:11,"Evening Workout",27m,"Triceps Extension",1,22.68,8.0,0,0.0,"",,
2023-07-09 01:27:11,"Evening Workout",27m,"Triceps Extension",2,24.95,8.0,0,0.0,,,
2023-07-09 01:27:11,"Evening Workout",27m,"Triceps Extension",3,24.95,6.0,0,0.0,,,
2023-07-09 15:12:21,"Morning Workout",36m,"Lat Pulldown (Cable)",1,120.0,8.0,0,0.0,"","",
2023-07-09 15:12:21,"Morning Workout",36m,"Lat Pulldown (Cable)",2,140.0,6.0,0,0.0,,,
2023-07-09 15:12:21,"Morning Workout",36m,"Lat Pulldown (Cable)",3,140.0,6.0,0,0.0,,,
2023-07-09 15:12:21,"Morning Workout",36m,"Bicep Curl (Barbell)",1,50.0,8.0,0,0.0,"",,
2023-07-09 15:12:21,"Morning Workout",36m,"Bicep Curl (Barbell)",2,50.0,8.0,0,0.0,,,
2023-07-09 15:12:21,"Morning Workout",36m,"Bicep Curl (Barbell)",3,50.0,8.0,0,0.0,,,
2023-07-09 15:12:21,"Morning Workout",36m,"Seated Row (Cable)",1,54.43,8.0,0,0.0,"",,
2023-07-09 15:12:21,"Morning Workout",36m,"Seated Row (Cable)",2,63.5,8.0,0,0.0,,,
2023-07-09 15:12:21,"Morning Workout",36m,"Seated Row (Cable)",3,63.5,8.0,0,0.0,,,
2023-07-09 15:12:21,"Morning Workout",36m,"Pull Up",1,0,6.0,0,0.0,"",,
2023-07-09 15:12:21,"Morning Workout",36m,"Pull Up",2,0,6.0,0,0.0,,,
2023-07-09 15:12:21,"Morning Workout",36m,"Pull Up",3,0,5.0,0,0.0,,,
2023-07-09 15:12:21,"Morning Workout",36m,"Bench Dip",1,0.0,10.0,0,0.0,"",,
2023-07-09 15:12:21,"Morning Workout",36m,"Bench Dip",2,0.0,10.0,0,0.0,,,
2023-07-09 15:12:21,"Morning Workout",36m,"Bench Dip",3,0.0,10.0,0,0.0,,,
2023-07-10 14:10:54,"Morning Workout",53m,"Bench Press (Barbell)",W,43.09,10.0,0,0.0,"","",
2023-07-10 14:10:54,"Morning Workout",53m,"Bench Press (Barbell)",1,61.23,8.0,0,0.0,,,
2023-07-10 14:10:54,"Morning Workout",53m,"Bench Press (Barbell)",2,70.31,6.0,0,0.0,,,
2023-07-10 14:10:54,"Morning Workout",53m,"Bench Press (Barbell)",3,79.38,3.0,0,0.0,,,
2023-07-10 14:10:54,"Morning Workout",53m,"Bench Press (Barbell)",4,79.38,3.0,0,0.0,,,
2023-07-10 14:10:54,"Morning Workout",53m,"Triceps Extension (Dumbbell)",1,34.02,3.0,0,0.0,"",,
2023-07-10 14:10:54,"Morning Workout",53m,"Triceps Extension (Dumbbell)",2,34.02,7.0,0,0.0,,,
2023-07-10 14:10:54,"Morning Workout",53m,"Triceps Extension (Dumbbell)",3,34.02,6.0,0,0.0,,,
2023-07-10 14:10:54,"Morning Workout",53m,"Bench Press (Dumbbell)",1,34.02,4.0,0,0.0,"",,
2023-07-10 14:10:54,"Morning Workout",53m,"Bench Press (Dumbbell)",2,34.02,5.0,0,0.0,,,
2023-07-10 14:10:54,"Morning Workout",53m,"Bench Press (Dumbbell)",3,34.02,5.0,0,0.0,,,
2023-07-10 14:10:54,"Morning Workout",53m,"Bench Press (Dumbbell)",D,18.14,12.0,0,0.0,,,
2023-07-12 22:13:36,"Afternoon Workout",46m,"Squat (Barbell)",W,20.41,8.0,0,0.0,"","",
2023-07-12 22:13:36,"Afternoon Workout",46m,"Squat (Barbell)",1,61.23,8.0,0,0.0,,,
2023-07-12 22:13:36,"Afternoon Workout",46m,"Squat (Barbell)",2,83.91,8.0,0,0.0,,,
2023-07-12 22:13:36,"Afternoon Workout",46m,"Squat (Barbell)",3,92.99,6.0,0,0.0,,,
2023-07-12 22:13:36,"Afternoon Workout",46m,"Squat (Barbell)",4,102.06,3.0,0,0.0,,,
2023-07-12 22:13:36,"Afternoon Workout",46m,"Leg Press",1,128.37,8.0,0,0.0,"",,
2023-07-12 22:13:36,"Afternoon Workout",46m,"Leg Press",2,169.19,10.0,0,0.0,,,
2023-07-12 22:13:36,"Afternoon Workout",46m,"Leg Press",3,210.01,8.0,0,0.0,,,
2023-07-12 22:13:36,"Afternoon Workout",46m,"Leg Press",4,250.84,6.0,0,0.0,,,
2023-07-12 22:13:36,"Afternoon Workout",46m,"Step-up",1,0,8.0,0,0.0,"",,
2023-07-12 22:13:36,"Afternoon Workout",46m,"Step-up",2,0,8.0,0,0.0,,,
2023-07-12 22:13:36,"Afternoon Workout",46m,"Step-up",3,0,8.0,0,0.0,,,
2023-07-13 14:44:49,"Morning Workout",49m,"Seated Row (Cable)",1,54.43,8.0,0,0.0,"","",
2023-07-13 14:44:49,"Morning Workout",49m,"Seated Row (Cable)",2,63.5,8.0,0,0.0,,,
2023-07-13 14:44:49,"Morning Workout",49m,"Seated Row (Cable)",3,72.57,6.0,0,0.0,,,
2023-07-13 14:44:49,"Morning Workout",49m,"Bench Dip",1,0.0,10.0,0,0.0,"",,
2023-07-13 14:44:49,"Morning Workout",49m,"Bench Dip",2,0.0,10.0,0,0.0,,,
2023-07-13 14:44:49,"Morning Workout",49m,"Bench Dip",3,0.0,10.0,0,0.0,,,
2023-07-13 14:44:49,"Morning Workout",49m,"Lat Pulldown (Cable)",1,120.0,8.0,0,0.0,"",,
2023-07-13 14:44:49,"Morning Workout",49m,"Lat Pulldown (Cable)",2,140.0,8.0,0,0.0,,,
2023-07-13 14:44:49,"Morning Workout",49m,"Lat Pulldown (Cable)",3,140.0,6.0,0,0.0,,,
2023-07-13 14:44:49,"Morning Workout",49m,"Bicep Curl (Barbell)",1,60.0,8.0,0,0.0,"",,
2023-07-13 14:44:49,"Morning Workout",49m,"Bicep Curl (Barbell)",2,60.0,6.0,0,0.0,,,
2023-07-13 14:44:49,"Morning Workout",49m,"Bicep Curl (Barbell)",3,60.0,5.0,0,0.0,,,
2023-07-13 14:44:49,"Morning Workout",49m,"Bench Press (Barbell)",1,61.23,8.0,0,0.0,"",,
2023-07-13 14:44:49,"Morning Workout",49m,"Bench Press (Barbell)",2,70.31,8.0,0,0.0,,,
2023-07-13 14:44:49,"Morning Workout",49m,"Bench Press (Barbell)",3,79.38,4.0,0,0.0,,,
2023-07-14 14:08:04,"Morning Workout",46m,"Bench Press (Dumbbell)",1,34.02,6.0,0,0.0,"","",
2023-07-14 14:08:04,"Morning Workout",46m,"Bench Press (Dumbbell)",2,34.02,5.0,0,0.0,,,
2023-07-14 14:08:04,"Morning Workout",46m,"Bench Press (Dumbbell)",3,34.02,6.0,0,0.0,,,
2023-07-14 14:08:04,"Morning Workout",46m,"Bench Press (Dumbbell)",4,15.88,12.0,0,0.0,,,
2023-07-14 14:08:04,"Morning Workout",46m,"Skullcrusher (Barbell)",1,60.0,8.0,0,0.0,"",,
2023-07-14 14:08:04,"Morning Workout",46m,"Skullcrusher (Barbell)",2,60.0,8.0,0,0.0,,,
2023-07-14 14:08:04,"Morning Workout",46m,"Skullcrusher (Barbell)",3,60.0,8.0,0,0.0,,,
2023-07-14 14:08:04,"Morning Workout",46m,"Incline Bench Press (Dumbbell)",1,22.68,8.0,0,0.0,"",,
2023-07-14 14:08:04,"Morning Workout",46m,"Incline Bench Press (Dumbbell)",2,22.68,8.0,0,0.0,,,
2023-07-14 14:08:04,"Morning Workout",46m,"Incline Bench Press (Dumbbell)",3,22.68,10.0,0,0.0,,,
2023-07-14 14:08:04,"Morning Workout",46m,"Concentration Curl (Dumbbell)",1,25.0,8.0,0,0.0,"",,
2023-07-14 14:08:04,"Morning Workout",46m,"Concentration Curl (Dumbbell)",2,25.0,8.0,0,0.0,,,
2023-07-14 14:08:04,"Morning Workout",46m,"Concentration Curl (Dumbbell)",3,25.0,8.0,0,0.0,,,
2023-07-14 14:08:04,"Morning Workout",46m,"Triceps Extension",1,22.68,8.0,0,0.0,"",,
2023-07-14 14:08:04,"Morning Workout",46m,"Triceps Extension",2,22.68,8.0,0,0.0,,,
2023-07-14 14:08:04,"Morning Workout",46m,"Triceps Extension",3,22.68,8.0,0,0.0,,,
2023-07-14 14:08:04,"Morning Workout",46m,"Pull Up",1,0,8.0,0,0.0,"",,
2023-07-16 16:18:44,"Morning Workout",46m,"Bench Press (Barbell)",W,20.41,8.0,0,0.0,"","",
2023-07-16 16:18:44,"Morning Workout",46m,"Bench Press (Barbell)",1,61.23,8.0,0,0.0,,,
2023-07-16 16:18:44,"Morning Workout",46m,"Bench Press (Barbell)",2,83.91,3.0,0,0.0,,,
2023-07-16 16:18:44,"Morning Workout",46m,"Bench Press (Barbell)",3,83.91,3.0,0,0.0,,,
2023-07-16 16:18:44,"Morning Workout",46m,"Bench Press (Barbell)",D,61.23,8.0,0,0.0,,,
2023-07-16 16:18:44,"Morning Workout",46m,"Plank",1,0,0.0,0,90.0,"",,
2023-07-16 16:18:44,"Morning Workout",46m,"Plank",2,0,0.0,0,60.0,,,
2023-07-16 16:18:44,"Morning Workout",46m,"Running (Treadmill)",1,0,0.0,1.0,478.0,"",,
2023-07-23 15:14:54,"Morning Workout",57m,"Bench Press (Barbell)",1,20.41,8.0,0,0.0,"","",
2023-07-23 15:14:54,"Morning Workout",57m,"Bench Press (Barbell)",2,61.23,8.0,0,0.0,,,
2023-07-23 15:14:54,"Morning Workout",57m,"Bench Press (Barbell)",3,61.23,6.0,0,0.0,,,
2023-07-23 15:14:54,"Morning Workout",57m,"Bench Press (Barbell)",4,83.91,3.0,0,0.0,,,
2023-07-23 15:14:54,"Morning Workout",57m,"Bench Press (Barbell)",5,83.91,3.0,0,0.0,,,
2023-07-23 15:14:54,"Morning Workout",57m,"Bench Press (Dumbbell)",1,34.02,8.0,0,0.0,"",,
2023-07-23 15:14:54,"Morning Workout",57m,"Bench Press (Dumbbell)",2,34.02,8.0,0,0.0,,,
2023-07-23 15:14:54,"Morning Workout",57m,"Bench Press (Dumbbell)",3,34.02,6.0,0,0.0,,,
2023-07-23 15:14:54,"Morning Workout",57m,"Bench Press (Dumbbell)",D,15.88,8.0,0,0.0,,,
2023-07-23 15:14:54,"Morning Workout",57m,"Triceps Extension (Dumbbell)",1,34.02,8.0,0,0.0,"",,
2023-07-23 15:14:54,"Morning Workout",57m,"Triceps Extension (Dumbbell)",2,34.02,8.0,0,0.0,,,
2023-07-23 15:14:54,"Morning Workout",57m,"Triceps Extension (Dumbbell)",3,34.02,6.0,0,0.0,,,
2023-07-23 15:14:54,"Morning Workout",57m,"Incline Bench Press (Dumbbell)",1,22.68,8.0,0,0.0,"",,
2023-07-23 15:14:54,"Morning Workout",57m,"Incline Bench Press (Dumbbell)",2,22.68,8.0,0,0.0,,,
2023-07-23 15:14:54,"Morning Workout",57m,"Incline Bench Press (Dumbbell)",3,22.68,8.0,0,0.0,,,
2023-07-24 14:21:28,"Morning Workout",50m,"Squat (Barbell)",W,20.41,8.0,0,0.0,"","",
2023-07-24 14:21:28,"Morning Workout",50m,"Squat (Barbell)",1,61.23,8.0,0,0.0,,,
2023-07-24 14:21:28,"Morning Workout",50m,"Squat (Barbell)",2,83.91,8.0,0,0.0,,,
2023-07-24 14:21:28,"Morning Workout",50m,"Squat (Barbell)",3,104.33,3.0,0,0.0,,,
2023-07-24 14:21:28,"Morning Workout",50m,"Squat (Barbell)",4,104.33,3.0,0,0.0,,,
2023-07-24 14:21:28,"Morning Workout",50m,"Squat (Barbell)",D,61.23,8.0,0,0.0,,,
2023-07-24 14:21:28,"Morning Workout",50m,"Leg Press",1,128.37,8.0,0,0.0,"",,
2023-07-24 14:21:28,"Morning Workout",50m,"Leg Press",2,169.19,8.0,0,0.0,,,
2023-07-24 14:21:28,"Morning Workout",50m,"Leg Press",3,250.84,8.0,0,0.0,,,
2023-07-24 14:21:28,"Morning Workout",50m,"Leg Press",4,250.84,8.0,0,0.0,,,
2023-07-24 14:21:28,"Morning Workout",50m,"Leg Extension (Machine)",1,77.11,8.0,0,0.0,"",,
2023-07-24 14:21:28,"Morning Workout",50m,"Leg Extension (Machine)",2,81.65,8.0,0,0.0,,,
2023-07-24 14:21:28,"Morning Workout",50m,"Leg Extension (Machine)",3,90.72,8.0,0,0.0,,,
2023-07-25 14:55:46,"Morning Workout",36m,"Seated Row (Cable)",1,54.43,8.0,0,0.0,"","",
2023-07-25 14:55:46,"Morning Workout",36m,"Seated Row (Cable)",2,72.57,6.0,0,0.0,,,
2023-07-25 14:55:46,"Morning Workout",36m,"Seated Row (Cable)",3,72.57,8.0,0,0.0,,,
2023-07-25 14:55:46,"Morning Workout",36m,"Bench Dip",1,0.0,10.0,0,0.0,"",,
2023-07-25 14:55:46,"Morning Workout",36m,"Bench Dip",2,0.0,10.0,0,0.0,,,
2023-07-25 14:55:46,"Morning Workout",36m,"Bench Dip",3,0.0,10.0,0,0.0,,,
2023-07-25 14:55:46,"Morning Workout",36m,"Lat Pulldown (Cable)",1,140.0,8.0,0,0.0,"",,
2023-07-25 14:55:46,"Morning Workout",36m,"Lat Pulldown (Cable)",2,140.0,8.0,0,0.0,,,
2023-07-25 14:55:46,"Morning Workout",36m,"Lat Pulldown (Cable)",3,140.0,6.0,0,0.0,,,
2023-07-25 14:55:46,"Morning Workout",36m,"Bicep Curl (Barbell)",1,60.0,8.0,0,0.0,"",,
2023-07-25 14:55:46,"Morning Workout",36m,"Bicep Curl (Barbell)",2,60.0,8.0,0,0.0,,,
2023-07-25 14:55:46,"Morning Workout",36m,"Bicep Curl (Barbell)",3,60.0,6.0,0,0.0,,,
2023-07-25 14:55:46,"Morning Workout",36m,"Chest Fly (Band)",1,15.0,10.0,0,0.0,"",,
2023-07-25 14:55:46,"Morning Workout",36m,"Chest Fly (Band)",2,20.0,8.0,0,0.0,,,
2023-07-25 14:55:46,"Morning Workout",36m,"Chest Fly (Band)",3,25.0,8.0,0,0.0,,,
2023-07-25 14:55:46,"Morning Workout",36m,"Pull Up",1,0,6.0,0,0.0,"",,
2023-07-25 14:55:46,"Morning Workout",36m,"Pull Up",2,0,5.0,0,0.0,,,
2023-07-25 14:55:46,"Morning Workout",36m,"Pull Up",3,0,5.0,0,0.0,,,
2023-07-27 14:29:45,"Morning Workout",49m,"Bench Press (Dumbbell)",1,36.29,6.0,0,0.0,"","",
2023-07-27 14:29:45,"Morning Workout",49m,"Bench Press (Dumbbell)",2,36.29,5.0,0,0.0,,,
2023-07-27 14:29:45,"Morning Workout",49m,"Bench Press (Dumbbell)",3,36.29,6.0,0,0.0,,,
2023-07-27 14:29:45,"Morning Workout",49m,"Bench Press (Dumbbell)",4,20.41,6.0,0,0.0,,,
2023-07-27 14:29:45,"Morning Workout",49m,"Skullcrusher (Barbell)",1,70.0,6.0,0,0.0,"",,
2023-07-27 14:29:45,"Morning Workout",49m,"Skullcrusher (Barbell)",2,70.0,6.0,0,0.0,,,
2023-07-27 14:29:45,"Morning Workout",49m,"Skullcrusher (Barbell)",3,70.0,5.0,0,0.0,,,
2023-07-27 14:29:45,"Morning Workout",49m,"Incline Bench Press (Dumbbell)",1,22.68,8.0,0,0.0,"",,
2023-07-27 14:29:45,"Morning Workout",49m,"Incline Bench Press (Dumbbell)",2,22.68,8.0,0,0.0,,,
2023-07-27 14:29:45,"Morning Workout",49m,"Incline Bench Press (Dumbbell)",3,22.68,8.0,0,0.0,,,
2023-07-27 14:29:45,"Morning Workout",49m,"Triceps Extension",1,27.22,5.0,0,0.0,"",,
2023-07-27 14:29:45,"Morning Workout",49m,"Triceps Extension",2,22.68,8.0,0,0.0,,,
2023-07-27 14:29:45,"Morning Workout",49m,"Triceps Extension",3,22.68,8.0,0,0.0,,,
2023-07-28 15:05:55,"Morning Workout",2m,"Bench Press (Barbell)",1,20.41,20.0,0,0.0,"","",
2023-07-28 15:05:55,"Morning Workout",2m,"Bench Press (Barbell)",2,61.23,10.0,0,0.0,,,
2023-07-28 15:05:55,"Morning Workout",2m,"Bench Press (Barbell)",3,70.31,8.0,0,0.0,,,
2023-07-28 15:05:55,"Morning Workout",2m,"Bench Press (Barbell)",4,70.31,8.0,0,0.0,,,
2023-07-28 15:05:55,"Morning Workout",2m,"Bench Press (Barbell)",5,70.31,10.0,0,0.0,,,
2023-07-28 15:05:55,"Morning Workout",2m,"Reverse Fly (Machine)",1,70.0,10.0,0,0.0,"",,
2023-07-28 15:05:55,"Morning Workout",2m,"Reverse Fly (Machine)",2,70.0,10.0,0,0.0,,,
2023-07-28 15:05:55,"Morning Workout",2m,"Reverse Fly (Machine)",3,70.0,10.0,0,0.0,,,
2023-07-28 15:05:55,"Morning Workout",2m,"Lat Pulldown (Cable)",1,125.0,8.0,0,0.0,"",,
2023-07-28 15:05:55,"Morning Workout",2m,"Lat Pulldown (Cable)",2,120.0,8.0,0,0.0,,,
2023-07-28 15:05:55,"Morning Workout",2m,"Lat Pulldown (Cable)",3,120.0,8.0,0,0.0,,,
2023-07-28 15:05:55,"Morning Workout",2m,"Lat Push down",1,70.0,8.0,0,0.0,"",,
2023-07-28 15:05:55,"Morning Workout",2m,"Lat Push down",2,70.0,8.0,0,0.0,,,
2023-07-28 15:05:55,"Morning Workout",2m,"Lat Push down",3,70.0,8.0,0,0.0,,,
2023-07-28 15:05:55,"Morning Workout",2m,"Lat Push down",4,60.0,8.0,0,0.0,,,
2023-07-28 15:05:55,"Morning Workout",2m,"Cable Kickback",1,20.0,10.0,0,0.0,"",,
2023-07-28 15:05:55,"Morning Workout",2m,"Cable Kickback",2,20.0,10.0,0,0.0,,,
2023-07-28 15:05:55,"Morning Workout",2m,"Cable Kickback",3,20.0,10.0,0,0.0,,,
2023-07-31 13:35:06,"Early Morning Workout",52m,"Squat (Barbell)",W,20.41,8.0,0,0.0,"","",
2023-07-31 13:35:06,"Early Morning Workout",52m,"Squat (Barbell)",1,61.23,8.0,0,0.0,,,
2023-07-31 13:35:06,"Early Morning Workout",52m,"Squat (Barbell)",2,83.91,8.0,0,0.0,,,
2023-07-31 13:35:06,"Early Morning Workout",52m,"Squat (Barbell)",3,83.91,8.0,0,0.0,,,
2023-07-31 13:35:06,"Early Morning Workout",52m,"Squat (Barbell)",4,83.91,8.0,0,0.0,,,
2023-07-31 13:35:06,"Early Morning Workout",52m,"Squat (Barbell)",D,61.23,10.0,0,0.0,,,
2023-07-31 13:35:06,"Early Morning Workout",52m,"Decline Crunch",1,0,15.0,0,0.0,"",,
2023-07-31 13:35:06,"Early Morning Workout",52m,"Decline Crunch",2,0,15.0,0,0.0,,,
2023-07-31 13:35:06,"Early Morning Workout",52m,"Decline Crunch",3,0,15.0,0,0.0,,,
2023-07-31 13:35:06,"Early Morning Workout",52m,"Leg Press",1,169.19,8.0,0,0.0,"",,
2023-07-31 13:35:06,"Early Morning Workout",52m,"Leg Press",2,210.01,8.0,0,0.0,,,
2023-07-31 13:35:06,"Early Morning Workout",52m,"Leg Press",3,210.01,10.0,0,0.0,,,
2023-07-31 13:35:06,"Early Morning Workout",52m,"Leg Press",4,210.01,5.0,0,0.0,,,
2023-07-31 13:35:06,"Early Morning Workout",52m,"Seated Leg Curl (Machine)",1,145.0,8.0,0,0.0,"",,
2023-07-31 13:35:06,"Early Morning Workout",52m,"Seated Leg Curl (Machine)",2,145.0,8.0,0,0.0,,,
2023-07-31 13:35:06,"Early Morning Workout",52m,"Seated Leg Curl (Machine)",3,145.0,8.0,0,0.0,,,
2023-08-02 14:03:54,"Morning Workout",48m,"Bench Press (Barbell)",1,20.41,15.0,0,0.0,"","",
2023-08-02 14:03:54,"Morning Workout",48m,"Bench Press (Barbell)",2,61.23,10.0,0,0.0,,,
2023-08-02 14:03:54,"Morning Workout",48m,"Bench Press (Barbell)",3,70.31,8.0,0,0.0,,,
2023-08-02 14:03:54,"Morning Workout",48m,"Bench Press (Barbell)",4,70.31,8.0,0,0.0,,,
2023-08-02 14:03:54,"Morning Workout",48m,"Bench Press (Barbell)",5,70.31,8.0,0,0.0,,,
2023-08-02 14:03:54,"Morning Workout",48m,"Incline Bench Press (Dumbbell)",1,22.68,8.0,0,0.0,"",,
2023-08-02 14:03:54,"Morning Workout",48m,"Incline Bench Press (Dumbbell)",2,22.68,8.0,0,0.0,,,
2023-08-02 14:03:54,"Morning Workout",48m,"Incline Bench Press (Dumbbell)",3,22.68,8.0,0,0.0,,,
2023-08-02 14:03:54,"Morning Workout",48m,"Tricep kickback (dumbbell)",1,11.34,8.0,0,0.0,"",,
2023-08-02 14:03:54,"Morning Workout",48m,"Tricep kickback (dumbbell)",2,11.34,10.0,0,0.0,,,
2023-08-02 14:03:54,"Morning Workout",48m,"Tricep kickback (dumbbell)",3,11.34,10.0,0,0.0,,,
2023-08-02 14:03:54,"Morning Workout",48m,"Chest Fly (Band)",1,27.5,8.0,0,0.0,"",,
2023-08-02 14:03:54,"Morning Workout",48m,"Chest Fly (Band)",2,27.5,10.0,0,0.0,,,
2023-08-02 14:03:54,"Morning Workout",48m,"Chest Fly (Band)",3,32.5,8.0,0,0.0,,,
2023-08-03 14:54:38,"Morning Workout",45m,"Pull Up",1,0,8.0,0,0.0,"","",
2023-08-03 14:54:38,"Morning Workout",45m,"Pull Up",2,0,8.0,0,0.0,,,
2023-08-03 14:54:38,"Morning Workout",45m,"Pull Up",3,0,4.0,0,0.0,,,
2023-08-03 14:54:38,"Morning Workout",45m,"Seated Row (Cable)",1,63.5,6.0,0,0.0,"",,
2023-08-03 14:54:38,"Morning Workout",45m,"Seated Row (Cable)",2,58.97,8.0,0,0.0,,,
2023-08-03 14:54:38,"Morning Workout",45m,"Seated Row (Cable)",3,58.97,10.0,0,0.0,,,
2023-08-03 14:54:38,"Morning Workout",45m,"Lat Pulldown (Cable)",1,100.0,8.0,0,0.0,"",,
2023-08-03 14:54:38,"Morning Workout",45m,"Lat Pulldown (Cable)",2,120.0,10.0,0,0.0,,,
2023-08-03 14:54:38,"Morning Workout",45m,"Lat Pulldown (Cable)",3,120.0,10.0,0,0.0,,,
2023-08-03 14:54:38,"Morning Workout",45m,"Bicep Curl (Barbell)",1,60.0,8.0,0,0.0,"",,
2023-08-03 14:54:38,"Morning Workout",45m,"Bicep Curl (Barbell)",2,60.0,8.0,0,0.0,,,
2023-08-03 14:54:38,"Morning Workout",45m,"Bicep Curl (Barbell)",3,60.0,6.0,0,0.0,,,
2023-08-07 14:30:35,"Morning Workout",1h 8m,"Bench Press (Dumbbell)",1,34.02,6.0,0,0.0,"","",
2023-08-07 14:30:35,"Morning Workout",1h 8m,"Bench Press (Dumbbell)",2,34.02,8.0,0,0.0,,,
2023-08-07 14:30:35,"Morning Workout",1h 8m,"Bench Press (Dumbbell)",3,34.02,6.0,0,0.0,,,
2023-08-07 14:30:35,"Morning Workout",1h 8m,"Triceps Extension (Dumbbell)",1,34.02,8.0,0,0.0,"",,
2023-08-07 14:30:35,"Morning Workout",1h 8m,"Triceps Extension (Dumbbell)",2,34.02,6.0,0,0.0,,,
2023-08-07 14:30:35,"Morning Workout",1h 8m,"Triceps Extension (Dumbbell)",3,34.02,4.0,0,0.0,,,
2023-08-07 14:30:35,"Morning Workout",1h 8m,"Incline Bench Press (Dumbbell)",1,24.95,8.0,0,0.0,"",,
2023-08-07 14:30:35,"Morning Workout",1h 8m,"Incline Bench Press (Dumbbell)",2,24.95,6.0,0,0.0,,,
2023-08-07 14:30:35,"Morning Workout",1h 8m,"Incline Bench Press (Dumbbell)",3,24.95,8.0,0,0.0,,,
2023-08-07 14:30:35,"Morning Workout",1h 8m,"Tricep kickback (dumbbell)",1,13.61,8.0,0,0.0,"",,
2023-08-07 14:30:35,"Morning Workout",1h 8m,"Tricep kickback (dumbbell)",2,13.61,8.0,0,0.0,,,
2023-08-07 14:30:35,"Morning Workout",1h 8m,"Tricep kickback (dumbbell)",3,13.61,10.0,0,0.0,,,
2023-08-07 14:30:35,"Morning Workout",1h 8m,"Triceps Pushdown (Cable - Straight Bar)",1,22.68,10.0,0,0.0,"",,
2023-08-07 14:30:35,"Morning Workout",1h 8m,"Triceps Pushdown (Cable - Straight Bar)",2,26.08,8.0,0,0.0,,,
2023-08-07 14:30:35,"Morning Workout",1h 8m,"Triceps Pushdown (Cable - Straight Bar)",3,29.48,8.0,0,0.0,,,
2023-08-07 14:30:35,"Morning Workout",1h 8m,"Chest Fly (Band)",1,27.5,10.0,0,0.0,"",,
2023-08-07 14:30:35,"Morning Workout",1h 8m,"Chest Fly (Band)",2,32.5,8.0,0,0.0,,,
2023-08-07 14:30:35,"Morning Workout",1h 8m,"Chest Fly (Band)",3,32.5,6.0,0,0.0,,,
2023-08-09 13:56:49,"Early Morning Workout",1h 7m,"Deadlift (Dumbbell)",1,30.0,8.0,0,0.0,"","",
2023-08-09 13:56:49,"Early Morning Workout",1h 7m,"Deadlift (Dumbbell)",2,40.0,8.0,0,0.0,,,
2023-08-09 13:56:49,"Early Morning Workout",1h 7m,"Single Leg Deadlift (Dumbbell)",1,40.0,10.0,0,0.0,"",,
2023-08-09 13:56:49,"Early Morning Workout",1h 7m,"Single Leg Deadlift (Dumbbell)",2,40.0,10.0,0,0.0,,,
2023-08-09 13:56:49,"Early Morning Workout",1h 7m,"Single Leg Deadlift (Dumbbell)",3,40.0,10.0,0,0.0,,,
2023-08-09 13:56:49,"Early Morning Workout",1h 7m,"Bulgarian Split Squat",1,40.0,10.0,0,0.0,"",,
2023-08-09 13:56:49,"Early Morning Workout",1h 7m,"Bulgarian Split Squat",2,40.0,10.0,0,0.0,,,
2023-08-09 13:56:49,"Early Morning Workout",1h 7m,"Bulgarian Split Squat",3,40.0,10.0,0,0.0,,,
2023-08-18 14:46:07,"Morning Workout",47m,"Bench Press (Dumbbell)",1,27.22,8.0,0,0.0,"","",
2023-08-18 14:46:07,"Morning Workout",47m,"Bench Press (Dumbbell)",2,27.22,8.0,0,0.0,,,
2023-08-18 14:46:07,"Morning Workout",47m,"Bench Press (Dumbbell)",3,27.22,8.0,0,0.0,,,
2023-08-18 14:46:07,"Morning Workout",47m,"Skullcrusher (Barbell)",1,60.0,6.0,0,0.0,"",,
2023-08-18 14:46:07,"Morning Workout",47m,"Skullcrusher (Barbell)",2,60.0,8.0,0,0.0,,,
2023-08-18 14:46:07,"Morning Workout",47m,"Skullcrusher (Barbell)",3,60.0,8.0,0,0.0,,,
2023-08-18 14:46:07,"Morning Workout",47m,"Chest Fly (Band)",1,30.0,8.0,0,0.0,"",,
2023-08-18 14:46:07,"Morning Workout",47m,"Chest Fly (Band)",2,30.0,8.0,0,0.0,,,
2023-08-18 14:46:07,"Morning Workout",47m,"Chest Fly (Band)",3,30.0,6.0,0,0.0,,,
2023-08-18 14:46:07,"Morning Workout",47m,"Cable Kickback",1,15.0,10.0,0,0.0,"",,
2023-08-18 14:46:07,"Morning Workout",47m,"Cable Kickback",2,15.0,10.0,0,0.0,,,
2023-08-18 14:46:07,"Morning Workout",47m,"Cable Kickback",3,15.0,10.0,0,0.0,,,
2023-08-18 14:46:07,"Morning Workout",47m,"Bench Press (Barbell)",W,20.41,15.0,0,0.0,"",,
2023-08-18 14:46:07,"Morning Workout",47m,"Bench Press (Barbell)",1,61.23,8.0,0,0.0,,,
2023-08-18 14:46:07,"Morning Workout",47m,"Bench Press (Barbell)",2,61.23,8.0,0,0.0,,,
2023-08-18 14:46:07,"Morning Workout",47m,"Bench Press (Barbell)",3,61.23,5.0,0,0.0,,,
2023-08-22 15:02:48,"Morning Workout",1h 5m,"Triceps Extension (Dumbbell)",1,27.22,10.0,0,0.0,"","",
2023-08-22 15:02:48,"Morning Workout",1h 5m,"Triceps Extension (Dumbbell)",2,31.75,8.0,0,0.0,,,
2023-08-22 15:02:48,"Morning Workout",1h 5m,"Triceps Extension (Dumbbell)",3,31.75,6.0,0,0.0,,,
2023-08-22 15:02:48,"Morning Workout",1h 5m,"Bench Press (Dumbbell)",1,31.75,6.0,0,0.0,"",,
2023-08-22 15:02:48,"Morning Workout",1h 5m,"Bench Press (Dumbbell)",2,31.75,5.0,0,0.0,,,
2023-08-22 15:02:48,"Morning Workout",1h 5m,"Bench Press (Dumbbell)",3,31.75,6.0,0,0.0,,,
2023-08-22 15:02:48,"Morning Workout",1h 5m,"Incline Bench Press (Dumbbell)",1,18.14,8.0,0,0.0,"",,
2023-08-22 15:02:48,"Morning Workout",1h 5m,"Incline Bench Press (Dumbbell)",2,18.14,8.0,0,0.0,,,
2023-08-22 15:02:48,"Morning Workout",1h 5m,"Incline Bench Press (Dumbbell)",3,18.14,6.0,0,0.0,,,
2023-08-22 15:02:48,"Morning Workout",1h 5m,"Triceps Extension",1,18.14,6.0,0,0.0,"",,
2023-08-22 15:02:48,"Morning Workout",1h 5m,"Triceps Extension",2,18.14,8.0,0,0.0,,,
2023-08-22 15:02:48,"Morning Workout",1h 5m,"Triceps Extension",3,18.14,6.0,0,0.0,,,
2023-08-22 15:02:48,"Morning Workout",1h 5m,"Triceps Extension",D,13.61,5.0,0,0.0,,,
2023-08-22 15:02:48,"Morning Workout",1h 5m,"Chest Fly",1,31.75,10.0,0,0.0,"",,
2023-08-22 15:02:48,"Morning Workout",1h 5m,"Chest Fly",2,45.36,8.0,0,0.0,,,
2023-08-22 15:02:48,"Morning Workout",1h 5m,"Chest Fly",3,49.9,8.0,0,0.0,,,
2023-08-22 15:02:48,"Morning Workout",1h 5m,"Push Up",1,0.0,20.0,0,0.0,"",,
2023-08-22 15:02:48,"Morning Workout",1h 5m,"Push Up",2,0.0,8.0,0,0.0,,,
2023-08-22 15:02:48,"Morning Workout",1h 5m,"Push Up",3,0.0,12.0,0,0.0,,,
2023-08-23 15:03:34,"Morning Workout",35m,"Chest Dip",1,0,10.0,0,0.0,"","",
2023-08-23 15:03:34,"Morning Workout",35m,"Pull Up",1,0,5.0,0,0.0,"",,
2023-08-23 15:03:34,"Morning Workout",35m,"Pull Up",2,0,8.0,0,0.0,,,
2023-08-23 15:03:34,"Morning Workout",35m,"Pull Up",3,0,6.0,0,0.0,,,
2023-08-23 15:03:34,"Morning Workout",35m,"Seated Row (Cable)",1,45.36,8.0,0,0.0,"",,
2023-08-23 15:03:34,"Morning Workout",35m,"Seated Row (Cable)",2,58.97,6.0,0,0.0,,,
2023-08-23 15:03:34,"Morning Workout",35m,"Seated Row (Cable)",3,63.5,6.0,0,0.0,,,
2023-08-23 15:03:34,"Morning Workout",35m,"Lat Pulldown (Cable)",1,100.0,8.0,0,0.0,"",,
2023-08-23 15:03:34,"Morning Workout",35m,"Lat Pulldown (Cable)",2,120.0,7.0,0,0.0,,,
2023-08-23 15:03:34,"Morning Workout",35m,"Lat Pulldown (Cable)",3,120.0,10.0,0,0.0,,,
2023-08-23 15:03:34,"Morning Workout",35m,"Reverse Fly (Machine)",1,70.0,10.0,0,0.0,"",,
2023-08-23 15:03:34,"Morning Workout",35m,"Reverse Fly (Machine)",2,80.0,10.0,0,0.0,,,
2023-08-23 15:03:34,"Morning Workout",35m,"Reverse Fly (Machine)",3,90.0,8.0,0,0.0,,,
2023-08-23 15:03:34,"Morning Workout",35m,"Rowing (Machine)",1,0,0.0,0.621,270.0,"",,
2023-08-25 01:18:14,"Evening Workout",46m,"Squat (Barbell)",W,20.41,8.0,0,0.0,"","",
2023-08-25 01:18:14,"Evening Workout",46m,"Squat (Barbell)",1,61.23,8.0,0,0.0,,,
2023-08-25 01:18:14,"Evening Workout",46m,"Squat (Barbell)",2,83.91,8.0,0,0.0,,,
2023-08-25 01:18:14,"Evening Workout",46m,"Squat (Barbell)",3,83.91,3.0,0,0.0,,,
2023-08-25 01:18:14,"Evening Workout",46m,"Squat (Barbell)",4,61.23,8.0,0,0.0,,,
2023-08-25 01:18:14,"Evening Workout",46m,"Bench Press (Barbell)",W,20.41,8.0,0,0.0,"",,
2023-08-25 01:18:14,"Evening Workout",46m,"Bench Press (Barbell)",1,61.23,8.0,0,0.0,,,
2023-08-25 01:18:14,"Evening Workout",46m,"Bench Press (Barbell)",2,61.23,8.0,0,0.0,,,
2023-08-25 01:18:14,"Evening Workout",46m,"Bench Press (Barbell)",3,65.77,8.0,0,0.0,,,
2023-08-25 01:18:14,"Evening Workout",46m,"Bench Press (Barbell)",4,65.77,8.0,0,0.0,,,
2023-08-25 01:18:14,"Evening Workout",46m,"Leg Press",1,86.18,8.0,0,0.0,"",,
2023-08-25 01:18:14,"Evening Workout",46m,"Leg Press",2,127.01,8.0,0,0.0,,,
2023-08-25 01:18:14,"Evening Workout",46m,"Leg Press",3,127.01,8.0,0,0.0,,,
2023-08-25 01:18:14,"Evening Workout",46m,"Leg Press",4,127.01,8.0,0,0.0,,,
2023-08-27 23:04:20,"Afternoon Workout",40m,"Lat Pulldown (Cable)",1,110.0,10.0,0,0.0,"","",
2023-08-27 23:04:20,"Afternoon Workout",40m,"Lat Pulldown (Cable)",2,120.0,8.0,0,0.0,,,
2023-08-27 23:04:20,"Afternoon Workout",40m,"Lat Pulldown (Cable)",3,120.0,8.0,0,0.0,,,
2023-08-27 23:04:20,"Afternoon Workout",40m,"Bench Press (Barbell)",W,20.41,8.0,0,0.0,"",,
2023-08-27 23:04:20,"Afternoon Workout",40m,"Bench Press (Barbell)",1,61.23,10.0,0,0.0,,,
2023-08-27 23:04:20,"Afternoon Workout",40m,"Bench Press (Barbell)",2,65.77,8.0,0,0.0,,,
2023-08-27 23:04:20,"Afternoon Workout",40m,"Bench Press (Barbell)",3,65.77,8.0,0,0.0,,,
2023-08-27 23:04:20,"Afternoon Workout",40m,"Bench Press (Barbell)",4,70.31,6.0,0,0.0,,,
2023-08-27 23:04:20,"Afternoon Workout",40m,"Pull Up",1,0,6.0,0,0.0,"",,
2023-08-27 23:04:20,"Afternoon Workout",40m,"Pull Up",2,0,4.0,0,0.0,,,
2023-08-27 23:04:20,"Afternoon Workout",40m,"Pull Up",3,0,5.0,0,0.0,,,
2023-08-27 23:04:20,"Afternoon Workout",40m,"Bicep Curl (Dumbbell)",1,20.0,10.0,0,0.0,"",,
2023-08-27 23:04:20,"Afternoon Workout",40m,"Bicep Curl (Dumbbell)",2,25.0,8.0,0,0.0,,,
2023-08-27 23:04:20,"Afternoon Workout",40m,"Bicep Curl (Dumbbell)",3,30.0,5.0,0,0.0,,,
2023-08-27 23:04:20,"Afternoon Workout",40m,"Bicep Curl (Dumbbell)",4,30.0,6.0,0,0.0,,,
2023-08-29 00:51:00,"Evening Workout",50m,"Triceps Extension",1,18.14,10.0,0,0.0,"","",
2023-08-29 00:51:00,"Evening Workout",50m,"Triceps Extension",2,22.68,6.0,0,0.0,,,
2023-08-29 00:51:00,"Evening Workout",50m,"Triceps Extension",3,18.14,10.0,0,0.0,,,
2023-08-29 00:51:00,"Evening Workout",50m,"Bench Press (Dumbbell)",1,31.75,8.0,0,0.0,"",,
2023-08-29 00:51:00,"Evening Workout",50m,"Bench Press (Dumbbell)",2,31.75,6.0,0,0.0,,,
2023-08-29 00:51:00,"Evening Workout",50m,"Bench Press (Barbell)",1,20.41,8.0,0,0.0,"",,
2023-08-29 00:51:00,"Evening Workout",50m,"Bench Press (Barbell)",2,65.77,6.0,0,0.0,,,
2023-08-29 00:51:00,"Evening Workout",50m,"Bench Press (Barbell)",3,83.91,1.0,0,0.0,,,
2023-08-29 00:51:00,"Evening Workout",50m,"Bicep Curl (Cable)",1,50.0,8.0,0,0.0,"",,
2023-08-29 00:51:00,"Evening Workout",50m,"Bicep Curl (Cable)",2,70.0,8.0,0,0.0,,,
2023-08-29 00:51:00,"Evening Workout",50m,"Bicep Curl (Cable)",3,80.0,8.0,0,0.0,,,
2023-08-29 00:51:00,"Evening Workout",50m,"Tricep kickback (dumbbell)",1,9.07,8.0,0,0.0,"",,
2023-08-29 00:51:00,"Evening Workout",50m,"Tricep kickback (dumbbell)",2,13.61,8.0,0,0.0,,,
2023-08-29 00:51:00,"Evening Workout",50m,"Tricep kickback (dumbbell)",3,18.14,8.0,0,0.0,,,
2023-08-29 00:51:00,"Evening Workout",50m,"Preacher Curl (Barbell)",1,20.41,8.0,0,0.0,"",,
2023-08-29 00:51:00,"Evening Workout",50m,"Preacher Curl (Barbell)",2,29.48,8.0,0,0.0,,,
2023-08-29 00:51:00,"Evening Workout",50m,"Preacher Curl (Barbell)",3,29.48,8.0,0,0.0,,,
2023-08-31 01:32:12,"Evening Workout",39m,"Squat (Barbell)",W,20.41,8.0,0,0.0,"","",
2023-08-31 01:32:12,"Evening Workout",39m,"Squat (Barbell)",1,61.23,8.0,0,0.0,,,
2023-08-31 01:32:12,"Evening Workout",39m,"Squat (Barbell)",2,83.91,8.0,0,0.0,,,
2023-08-31 01:32:12,"Evening Workout",39m,"Squat (Barbell)",3,83.91,8.0,0,0.0,,,
2023-08-31 01:32:12,"Evening Workout",39m,"Squat (Barbell)",4,61.23,5.0,0,0.0,,,
2023-08-31 01:32:12,"Evening Workout",39m,"Deadlift (Barbell)",1,52.16,6.0,0,0.0,"",,
2023-08-31 01:32:12,"Evening Workout",39m,"Deadlift (Barbell)",2,74.84,6.0,0,0.0,,,
2023-08-31 01:32:12,"Evening Workout",39m,"Deadlift (Barbell)",3,74.84,5.0,0,0.0,,,
2023-08-31 01:32:12,"Evening Workout",39m,"Leg Extension (Machine)",1,45.36,10.0,0,0.0,"",,
2023-08-31 01:32:12,"Evening Workout",39m,"Leg Extension (Machine)",2,58.97,8.0,0,0.0,,,
2023-08-31 01:32:12,"Evening Workout",39m,"Leg Extension (Machine)",3,58.97,8.0,0,0.0,,,
2023-08-31 01:32:12,"Evening Workout",39m,"Leg Press",1,86.18,8.0,0,0.0,"",,
2023-08-31 01:32:12,"Evening Workout",39m,"Leg Press",2,127.01,8.0,0,0.0,,,
2023-08-31 01:32:12,"Evening Workout",39m,"Leg Press",3,127.01,8.0,0,0.0,,,
2023-08-31 01:32:12,"Evening Workout",39m,"Leg Press",4,127.01,8.0,0,0.0,,,
2023-09-01 00:44:46,"Evening Workout",34m,"Triceps Extension",1,18.14,10.0,0,0.0,"","",
2023-09-01 00:44:46,"Evening Workout",34m,"Triceps Extension",2,22.68,10.0,0,0.0,,,
2023-09-01 00:44:46,"Evening Workout",34m,"Triceps Extension",3,22.68,7.0,0,0.0,,,
2023-09-01 00:44:46,"Evening Workout",34m,"Lat Pulldown (Cable)",1,110.0,10.0,0,0.0,"",,
2023-09-01 00:44:46,"Evening Workout",34m,"Lat Pulldown (Cable)",2,130.0,8.0,0,0.0,,,
2023-09-01 00:44:46,"Evening Workout",34m,"Lat Pulldown (Cable)",3,150.0,7.0,0,0.0,,,
2023-09-01 00:44:46,"Evening Workout",34m,"Seated Row (Cable)",1,63.5,7.0,0,0.0,"",,
2023-09-01 00:44:46,"Evening Workout",34m,"Seated Row (Cable)",2,63.5,6.0,0,0.0,,,
2023-09-01 00:44:46,"Evening Workout",34m,"Seated Row (Cable)",3,58.97,6.0,0,0.0,,,
2023-09-01 00:44:46,"Evening Workout",34m,"Bench Press (Barbell)",W,20.41,10.0,0,0.0,"",,
2023-09-01 00:44:46,"Evening Workout",34m,"Bench Press (Barbell)",1,61.23,8.0,0,0.0,,,
2023-09-01 00:44:46,"Evening Workout",34m,"Bench Press (Barbell)",2,70.31,8.0,0,0.0,,,
2023-09-01 00:44:46,"Evening Workout",34m,"Bench Press (Barbell)",3,70.31,8.0,0,0.0,,,
2023-09-04 20:25:52,"Afternoon Workout",56m,"Triceps Extension",1,22.68,10.0,0,0.0,"","",
2023-09-04 20:25:52,"Afternoon Workout",56m,"Triceps Extension",2,27.22,10.0,0,0.0,,,
2023-09-04 20:25:52,"Afternoon Workout",56m,"Triceps Extension",3,31.75,6.0,0,0.0,,,
2023-09-04 20:25:52,"Afternoon Workout",56m,"Triceps Extension",4,31.75,6.0,0,0.0,,,
2023-09-04 20:25:52,"Afternoon Workout",56m,"Bench Press (Dumbbell)",1,31.75,8.0,0,0.0,"",,
2023-09-04 20:25:52,"Afternoon Workout",56m,"Bench Press (Dumbbell)",2,31.75,6.0,0,0.0,,,
2023-09-04 20:25:52,"Afternoon Workout",56m,"Bench Press (Dumbbell)",3,31.75,8.0,0,0.0,,,
2023-09-04 20:25:52,"Afternoon Workout",56m,"Bench Press (Dumbbell)",D,15.88,12.0,0,0.0,,,
2023-09-04 20:25:52,"Afternoon Workout",56m,"Incline Bench Press (Dumbbell)",1,22.68,8.0,0,0.0,"",,
2023-09-04 20:25:52,"Afternoon Workout",56m,"Incline Bench Press (Dumbbell)",2,22.68,8.0,0,0.0,,,
2023-09-04 20:25:52,"Afternoon Workout",56m,"Incline Bench Press (Dumbbell)",3,22.68,10.0,0,0.0,,,
2023-09-04 20:25:52,"Afternoon Workout",56m,"Tricep kickback (dumbbell)",1,11.34,10.0,0,0.0,"",,
2023-09-04 20:25:52,"Afternoon Workout",56m,"Tricep kickback (dumbbell)",2,15.88,10.0,0,0.0,,,
2023-09-04 20:25:52,"Afternoon Workout",56m,"Tricep kickback (dumbbell)",3,15.88,10.0,0,0.0,,,
2023-09-04 20:25:52,"Afternoon Workout",56m,"Concentration Curl (Dumbbell)",1,30.0,6.0,0,0.0,"",,
2023-09-04 20:25:52,"Afternoon Workout",56m,"Concentration Curl (Dumbbell)",2,30.0,6.0,0,0.0,,,
2023-09-04 20:25:52,"Afternoon Workout",56m,"Concentration Curl (Dumbbell)",3,30.0,5.0,0,0.0,,,
2023-09-08 01:37:10,"Evening Workout",43m,"Squat (Barbell)",W,20.41,8.0,0,0.0,"","",
2023-09-08 01:37:10,"Evening Workout",43m,"Squat (Barbell)",1,61.23,8.0,0,0.0,,,
2023-09-08 01:37:10,"Evening Workout",43m,"Squat (Barbell)",2,83.91,4.0,0,0.0,,,
2023-09-08 01:37:10,"Evening Workout",43m,"Squat (Barbell)",3,83.91,5.0,0,0.0,,,
2023-09-08 01:37:10,"Evening Workout",43m,"Squat (Barbell)",4,92.99,3.0,0,0.0,,,
2023-09-08 01:37:10,"Evening Workout",43m,"Bench Press (Barbell)",W,20.41,10.0,0,0.0,"",,
2023-09-08 01:37:10,"Evening Workout",43m,"Bench Press (Barbell)",1,61.23,8.0,0,0.0,,,
2023-09-08 01:37:10,"Evening Workout",43m,"Bench Press (Barbell)",2,83.91,2.0,0,0.0,,,
2023-09-08 01:37:10,"Evening Workout",43m,"Bench Press (Barbell)",3,83.91,3.0,0,0.0,,,
2023-09-08 01:37:10,"Evening Workout",43m,"Bench Press (Barbell)",4,83.91,2.0,0,0.0,,,
2023-09-08 01:37:10,"Evening Workout",43m,"Bench Press (Barbell)",5,61.23,10.0,0,0.0,,,
2023-09-08 01:37:10,"Evening Workout",43m,"Pull Up",1,0,6.0,0,0.0,"",,
2023-09-08 01:37:10,"Evening Workout",43m,"Pull Up",2,0,3.0,0,0.0,,,
2023-09-08 01:37:10,"Evening Workout",43m,"Pull Up",3,0,6.0,0,0.0,,,
2023-09-15 02:17:17,"Evening Workout",44m,"Bench Press (Barbell)",W,20.41,10.0,0,0.0,"","",
2023-09-15 02:17:17,"Evening Workout",44m,"Bench Press (Barbell)",1,61.23,8.0,0,0.0,,,
2023-09-15 02:17:17,"Evening Workout",44m,"Bench Press (Barbell)",2,70.31,8.0,0,0.0,,,
2023-09-15 02:17:17,"Evening Workout",44m,"Bench Press (Barbell)",3,70.31,8.0,0,0.0,,,
2023-09-15 02:17:17,"Evening Workout",44m,"Bench Press (Barbell)",4,70.31,6.0,0,0.0,,,
2023-09-15 02:17:17,"Evening Workout",44m,"Bench Press (Barbell)",D,61.23,4.0,0,0.0,,,
2023-09-15 02:17:17,"Evening Workout",44m,"Incline Bench Press (Dumbbell)",1,27.22,8.0,0,0.0,"",,
2023-09-15 02:17:17,"Evening Workout",44m,"Incline Bench Press (Dumbbell)",2,27.22,6.0,0,0.0,,,
2023-09-15 02:17:17,"Evening Workout",44m,"Incline Bench Press (Dumbbell)",3,27.22,4.0,0,0.0,,,
2023-09-15 02:17:17,"Evening Workout",44m,"Bent Over One Arm Row (Dumbbell)",1,27.22,8.0,0,0.0,"",,
2023-09-15 02:17:17,"Evening Workout",44m,"Bent Over One Arm Row (Dumbbell)",2,27.22,8.0,0,0.0,,,
2023-09-15 02:17:17,"Evening Workout",44m,"Bent Over One Arm Row (Dumbbell)",3,27.22,8.0,0,0.0,,,
2023-09-15 02:17:17,"Evening Workout",44m,"Bench Dip",1,0.0,10.0,0,0.0,"",,
2023-09-15 02:17:17,"Evening Workout",44m,"Bench Dip",2,0.0,10.0,0,0.0,,,
2023-09-15 02:17:17,"Evening Workout",44m,"Bench Dip",3,0.0,10.0,0,0.0,,,
2023-09-15 02:17:17,"Evening Workout",44m,"Chest Fly (Band)",1,120.0,8.0,0,0.0,"",,
2023-09-15 02:17:17,"Evening Workout",44m,"Chest Fly (Band)",2,160.0,3.0,0,0.0,,,
2023-09-15 02:17:17,"Evening Workout",44m,"Chest Fly (Band)",3,100.0,10.0,0,0.0,,,
2023-09-19 00:42:01,"Evening Workout",36m,"Preacher Curl (Barbell)",W,20.41,8.0,0,0.0,"","",
2023-09-19 00:42:01,"Evening Workout",36m,"Preacher Curl (Barbell)",1,29.48,8.0,0,0.0,,,
2023-09-19 00:42:01,"Evening Workout",36m,"Preacher Curl (Barbell)",2,34.02,8.0,0,0.0,,,
2023-09-19 00:42:01,"Evening Workout",36m,"Preacher Curl (Barbell)",3,34.02,8.0,0,0.0,,,
2023-09-19 00:42:01,"Evening Workout",36m,"Bench Press (Barbell)",W,20.41,8.0,0,0.0,"",,
2023-09-19 00:42:01,"Evening Workout",36m,"Bench Press (Barbell)",1,61.23,8.0,0,0.0,,,
2023-09-19 00:42:01,"Evening Workout",36m,"Bench Press (Barbell)",2,83.91,1.0,0,0.0,,,
2023-09-19 00:42:01,"Evening Workout",36m,"Bench Press (Barbell)",3,70.31,6.0,0,0.0,,,
2023-09-19 00:42:01,"Evening Workout",36m,"Bench Press (Barbell)",4,70.31,8.0,0,0.0,,,
2023-09-19 00:42:01,"Evening Workout",36m,"Squat (Barbell)",W,20.41,8.0,0,0.0,"",,
2023-09-19 00:42:01,"Evening Workout",36m,"Squat (Barbell)",1,61.23,4.0,0,0.0,,,
2023-09-19 00:42:01,"Evening Workout",36m,"Squat (Barbell)",2,61.23,2.0,0,0.0,,,
2023-09-19 00:42:01,"Evening Workout",36m,"Squat (Barbell)",3,61.23,2.0,0,0.0,,,
2023-09-21 00:44:11,"Evening Workout",33m,"Seated Row (Cable)",1,54.43,10.0,0,0.0,"","",
2023-09-21 00:44:11,"Evening Workout",33m,"Seated Row (Cable)",2,63.5,9.0,0,0.0,,,
2023-09-21 00:44:11,"Evening Workout",33m,"Seated Row (Cable)",3,63.5,8.0,0,0.0,,,
2023-09-21 00:44:11,"Evening Workout",33m,"Triceps Extension",1,22.68,8.0,0,0.0,"",,
2023-09-21 00:44:11,"Evening Workout",33m,"Triceps Extension",2,31.75,4.0,0,0.0,,,
2023-09-21 00:44:11,"Evening Workout",33m,"Triceps Extension",3,22.68,10.0,0,0.0,,,
2023-09-21 00:44:11,"Evening Workout",33m,"Triceps Extension",4,27.22,7.0,0,0.0,,,
2023-09-21 00:44:11,"Evening Workout",33m,"Lat Pulldown (Cable)",1,110.0,10.0,0,0.0,"",,
2023-09-21 00:44:11,"Evening Workout",33m,"Lat Pulldown (Cable)",2,150.0,5.0,0,0.0,,,
2023-09-21 00:44:11,"Evening Workout",33m,"Lat Pulldown (Cable)",3,140.0,5.0,0,0.0,,,
2023-09-21 00:44:11,"Evening Workout",33m,"Reverse Fly (Machine)",1,70.0,10.0,0,0.0,"",,
2023-09-21 00:44:11,"Evening Workout",33m,"Reverse Fly (Machine)",2,90.0,8.0,0,0.0,,,
2023-09-21 00:44:11,"Evening Workout",33m,"Reverse Fly (Machine)",3,100.0,8.0,0,0.0,,,
2023-09-22 01:56:33,"Evening Workout",52m,"Squat (Barbell)",W,20.41,8.0,0,0.0,"","",
2023-09-22 01:56:33,"Evening Workout",52m,"Squat (Barbell)",1,43.09,8.0,0,0.0,,,
2023-09-22 01:56:33,"Evening Workout",52m,"Squat (Barbell)",2,43.09,8.0,0,0.0,,,
2023-09-22 01:56:33,"Evening Workout",52m,"Lying Leg Curl (Machine)",1,31.75,8.0,0,0.0,"",,
2023-09-22 01:56:33,"Evening Workout",52m,"Lying Leg Curl (Machine)",2,31.75,8.0,0,0.0,,,
2023-09-22 01:56:33,"Evening Workout",52m,"Lying Leg Curl (Machine)",3,36.29,10.0,0,0.0,,,
2023-09-22 01:56:33,"Evening Workout",52m,"Leg Extension (Machine)",1,49.9,8.0,0,0.0,"",,
2023-09-22 01:56:33,"Evening Workout",52m,"Leg Extension (Machine)",2,49.9,8.0,0,0.0,,,
2023-09-22 01:56:33,"Evening Workout",52m,"Leg Extension (Machine)",3,45.36,10.0,0,0.0,,,
2023-09-22 01:56:33,"Evening Workout",52m,"Goblet Squat (Kettlebell)",1,65.0,5.0,0,0.0,"",,
2023-09-22 01:56:33,"Evening Workout",52m,"Goblet Squat (Kettlebell)",2,50.0,5.0,0,0.0,,,
2023-09-22 01:56:33,"Evening Workout",52m,"Goblet Squat (Kettlebell)",3,50.0,5.0,0,0.0,,,
2023-09-22 01:56:33,"Evening Workout",52m,"Leg Press",1,86.18,5.0,0,0.0,"",,
2023-09-22 01:56:33,"Evening Workout",52m,"Leg Press",2,86.18,5.0,0,0.0,,,
2023-09-22 01:56:33,"Evening Workout",52m,"Leg Press",3,86.18,8.0,0,0.0,,,
2023-09-27 03:31:27,"Evening Workout",1h 8m,"Bench Press (Barbell)",W,20.41,8.0,0,0.0,"","",
2023-09-27 03:31:27,"Evening Workout",1h 8m,"Bench Press (Barbell)",1,61.23,10.0,0,0.0,,,
2023-09-27 03:31:27,"Evening Workout",1h 8m,"Bench Press (Barbell)",2,70.31,8.0,0,0.0,,,
2023-09-27 03:31:27,"Evening Workout",1h 8m,"Bench Press (Barbell)",3,70.31,8.0,0,0.0,,,
2023-09-27 03:31:27,"Evening Workout",1h 8m,"Bench Press (Barbell)",4,70.31,7.0,0,0.0,,,
2023-09-27 03:31:27,"Evening Workout",1h 8m,"Bench Press (Barbell)",5,83.91,1.0,0,0.0,,,
2023-09-27 03:31:27,"Evening Workout",1h 8m,"Chest Fly",1,45.36,8.0,0,0.0,"",,
2023-09-27 03:31:27,"Evening Workout",1h 8m,"Chest Fly",2,58.97,8.0,0,0.0,,,
2023-09-27 03:31:27,"Evening Workout",1h 8m,"Chest Fly",3,68.04,7.0,0,0.0,,,
2023-09-27 03:31:27,"Evening Workout",1h 8m,"Incline Bench Press (Dumbbell)",1,27.22,5.0,0,0.0,"",,
2023-09-27 03:31:27,"Evening Workout",1h 8m,"Incline Bench Press (Dumbbell)",2,27.22,5.0,0,0.0,,,
2023-09-27 03:31:27,"Evening Workout",1h 8m,"Incline Bench Press (Dumbbell)",3,27.22,4.0,0,0.0,,,
2023-09-27 03:31:27,"Evening Workout",1h 8m,"Incline Bench Press (Dumbbell)",D,15.88,7.0,0,0.0,,,
2023-09-27 03:31:27,"Evening Workout",1h 8m,"Triceps Extension",1,27.22,8.0,0,0.0,"",,
2023-09-27 03:31:27,"Evening Workout",1h 8m,"Triceps Extension",2,36.29,6.0,0,0.0,,,
2023-09-27 03:31:27,"Evening Workout",1h 8m,"Triceps Extension",3,45.36,4.0,0,0.0,,,
2023-09-29 00:46:15,"Evening Workout",43m,"Seated Row (Cable)",1,54.43,8.0,0,0.0,"","",
2023-09-29 00:46:15,"Evening Workout",43m,"Seated Row (Cable)",2,63.5,6.0,0,0.0,,,
2023-09-29 00:46:15,"Evening Workout",43m,"Seated Row (Cable)",3,58.97,8.0,0,0.0,,,
2023-09-29 00:46:15,"Evening Workout",43m,"Seated Row (Cable)",D,36.29,8.0,0,0.0,,,
2023-09-29 00:46:15,"Evening Workout",43m,"Triceps Dip",1,0,8.0,0,0.0,"",,
2023-09-29 00:46:15,"Evening Workout",43m,"Triceps Dip",2,0,8.0,0,0.0,,,
2023-09-29 00:46:15,"Evening Workout",43m,"Triceps Dip",3,0,8.0,0,0.0,,,
2023-09-29 00:46:15,"Evening Workout",43m,"Bench Press (Barbell)",1,61.23,8.0,0,0.0,"",,
2023-09-29 00:46:15,"Evening Workout",43m,"Bench Press (Barbell)",2,70.31,8.0,0,0.0,,,
2023-09-29 00:46:15,"Evening Workout",43m,"Bench Press (Barbell)",3,74.84,4.0,0,0.0,,,
2023-09-29 00:46:15,"Evening Workout",43m,"Lat Pulldown (Cable)",1,130.0,5.0,0,0.0,"",,
2023-09-29 00:46:15,"Evening Workout",43m,"Lat Pulldown (Cable)",2,140.0,5.0,0,0.0,,,
2023-09-29 00:46:15,"Evening Workout",43m,"Lat Pulldown (Cable)",3,120.0,6.0,0,0.0,,,
2023-09-29 00:46:15,"Evening Workout",43m,"Pull Up",1,0,5.0,0,0.0,"",,
2023-09-29 00:46:15,"Evening Workout",43m,"Pull Up",2,0,3.0,0,0.0,,,
2023-09-29 00:46:15,"Evening Workout",43m,"Pull Up",3,0,5.0,0,0.0,,,
2023-10-03 01:13:28,"Evening Workout",42m,"Bench Press (Dumbbell)",1,27.22,8.0,0,0.0,"","",
2023-10-03 01:13:28,"Evening Workout",42m,"Bench Press (Dumbbell)",2,31.75,8.0,0,0.0,,,
2023-10-03 01:13:28,"Evening Workout",42m,"Bench Press (Dumbbell)",3,31.75,8.0,0,0.0,,,
2023-10-03 01:13:28,"Evening Workout",42m,"Triceps Extension (Dumbbell)",1,27.22,10.0,0,0.0,"",,
2023-10-03 01:13:28,"Evening Workout",42m,"Triceps Extension (Dumbbell)",2,27.22,8.0,0,0.0,,,
2023-10-03 01:13:28,"Evening Workout",42m,"Triceps Extension (Dumbbell)",3,27.22,8.0,0,0.0,,,
2023-10-03 01:13:28,"Evening Workout",42m,"Incline Bench Press (Dumbbell)",1,22.68,8.0,0,0.0,"",,
2023-10-03 01:13:28,"Evening Workout",42m,"Incline Bench Press (Dumbbell)",2,22.68,8.0,0,0.0,,,
2023-10-03 01:13:28,"Evening Workout",42m,"Incline Bench Press (Dumbbell)",3,22.68,8.0,0,0.0,,,
2023-10-03 01:13:28,"Evening Workout",42m,"Tricep kickback (dumbbell)",1,11.34,10.0,0,0.0,"",,
2023-10-03 01:13:28,"Evening Workout",42m,"Tricep kickback (dumbbell)",2,15.88,8.0,0,0.0,,,
2023-10-03 01:13:28,"Evening Workout",42m,"Tricep kickback (dumbbell)",3,15.88,8.0,0,0.0,,,
2023-10-03 01:13:28,"Evening Workout",42m,"Triceps Extension",1,36.29,8.0,0,0.0,"",,
2023-10-03 01:13:28,"Evening Workout",42m,"Triceps Extension",2,36.29,8.0,0,0.0,,,
2023-10-03 01:13:28,"Evening Workout",42m,"Triceps Extension",3,36.29,8.0,0,0.0,,,
2023-10-04 03:48:17,"Evening Workout",33m,"Seated Row (Cable)",1,58.97,10.0,0,0.0,"","",
2023-10-04 03:48:17,"Evening Workout",33m,"Seated Row (Cable)",2,63.5,8.0,0,0.0,,,
2023-10-04 03:48:17,"Evening Workout",33m,"Seated Row (Cable)",3,63.5,8.0,0,0.0,,,
2023-10-04 03:48:17,"Evening Workout",33m,"Lat Pulldown (Cable)",1,130.0,8.0,0,0.0,"",,
2023-10-04 03:48:17,"Evening Workout",33m,"Lat Pulldown (Cable)",2,120.0,8.0,0,0.0,,,
2023-10-04 03:48:17,"Evening Workout",33m,"Lat Pulldown (Cable)",3,130.0,6.0,0,0.0,,,
2023-10-04 03:48:17,"Evening Workout",33m,"Pull Up",1,0,5.0,0,0.0,"",,
2023-10-04 03:48:17,"Evening Workout",33m,"Pull Up",2,0,3.0,0,0.0,,,
2023-10-04 03:48:17,"Evening Workout",33m,"Pull Up",3,0,4.0,0,0.0,,,
2023-10-04 03:48:17,"Evening Workout",33m,"Deadlift (Barbell)",1,52.16,8.0,0,0.0,"",,
2023-10-04 03:48:17,"Evening Workout",33m,"Deadlift (Barbell)",2,74.84,8.0,0,0.0,,,
2023-10-04 03:48:17,"Evening Workout",33m,"Deadlift (Barbell)",3,74.84,8.0,0,0.0,,,
2023-10-12 00:51:14,"Evening Workout",52m,"Squat (Barbell)",W,20.41,8.0,0,0.0,"","",
2023-10-12 00:51:14,"Evening Workout",52m,"Squat (Barbell)",1,61.23,8.0,0,0.0,,,
2023-10-12 00:51:14,"Evening Workout",52m,"Squat (Barbell)",2,61.23,8.0,0,0.0,,,
2023-10-12 00:51:14,"Evening Workout",52m,"Squat (Barbell)",3,83.91,4.0,0,0.0,,,
2023-10-12 00:51:14,"Evening Workout",52m,"Squat (Barbell)",4,83.91,5.0,0,0.0,,,
2023-10-12 00:51:14,"Evening Workout",52m,"Squat (Barbell)",5,92.99,5.0,0,0.0,,,
2023-10-12 00:51:14,"Evening Workout",52m,"Deadlift (Barbell)",1,52.16,8.0,0,0.0,"",,
2023-10-12 00:51:14,"Evening Workout",52m,"Deadlift (Barbell)",2,74.84,5.0,0,0.0,,,
2023-10-12 00:51:14,"Evening Workout",52m,"Deadlift (Barbell)",3,74.84,6.0,0,0.0,,,
2023-10-12 00:51:14,"Evening Workout",52m,"Deadlift (Barbell)",4,83.91,8.0,0,0.0,,,
2023-10-12 00:51:14,"Evening Workout",52m,"Leg Extension (Machine)",1,49.9,10.0,0,0.0,"",,
2023-10-12 00:51:14,"Evening Workout",52m,"Leg Extension (Machine)",2,54.43,8.0,0,0.0,,,
2023-10-12 00:51:14,"Evening Workout",52m,"Leg Extension (Machine)",3,58.97,8.0,0,0.0,,,
2023-10-12 00:51:14,"Evening Workout",52m,"Leg Press",1,86.18,8.0,0,0.0,"",,
2023-10-12 00:51:14,"Evening Workout",52m,"Leg Press",2,127.01,8.0,0,0.0,,,
2023-10-12 00:51:14,"Evening Workout",52m,"Leg Press",3,127.01,8.0,0,0.0,,,
2023-10-13 00:59:16,"Evening Workout",29m,"Triceps Extension",1,36.29,5.0,0,0.0,"","",
2023-10-13 00:59:16,"Evening Workout",29m,"Triceps Extension",2,31.75,8.0,0,0.0,,,
2023-10-13 00:59:16,"Evening Workout",29m,"Triceps Extension",3,31.75,6.0,0,0.0,,,
2023-10-13 00:59:16,"Evening Workout",29m,"Chest Fly",1,58.97,8.0,0,0.0,"",,
2023-10-13 00:59:16,"Evening Workout",29m,"Chest Fly",2,63.5,8.0,0,0.0,,,
2023-10-13 00:59:16,"Evening Workout",29m,"Chest Fly",3,68.04,8.0,0,0.0,,,
2023-10-13 00:59:16,"Evening Workout",29m,"Bench Press (Barbell)",W,20.41,15.0,0,0.0,"",,
2023-10-13 00:59:16,"Evening Workout",29m,"Bench Press (Barbell)",1,61.23,8.0,0,0.0,,,
2023-10-13 00:59:16,"Evening Workout",29m,"Bench Press (Barbell)",2,83.91,3.0,0,0.0,,,
2023-10-13 00:59:16,"Evening Workout",29m,"Bench Press (Barbell)",3,83.91,3.0,0,0.0,,,
2023-10-14 02:57:33,"Evening Workout",57m,"Squat (Barbell)",W,20.41,8.0,0,0.0,"","",
2023-10-14 02:57:33,"Evening Workout",57m,"Squat (Barbell)",1,61.23,8.0,0,0.0,,,
2023-10-14 02:57:33,"Evening Workout",57m,"Squat (Barbell)",2,83.91,8.0,0,0.0,,,
2023-10-14 02:57:33,"Evening Workout",57m,"Squat (Barbell)",3,102.06,6.0,0,0.0,,,
2023-10-14 02:57:33,"Evening Workout",57m,"Squat (Barbell)",4,111.13,1.0,0,0.0,,,
2023-10-14 02:57:33,"Evening Workout",57m,"Seated Row (Cable)",1,63.5,6.0,0,0.0,"",,
2023-10-14 02:57:33,"Evening Workout",57m,"Seated Row (Cable)",2,63.5,7.0,0,0.0,,,
2023-10-14 02:57:33,"Evening Workout",57m,"Seated Row (Cable)",3,63.5,6.0,0,0.0,,,
2023-10-14 02:57:33,"Evening Workout",57m,"Reverse Fly (Machine)",1,100.0,8.0,0,0.0,"",,
2023-10-14 02:57:33,"Evening Workout",57m,"Reverse Fly (Machine)",2,120.0,8.0,0,0.0,,,
2023-10-14 02:57:33,"Evening Workout",57m,"Reverse Fly (Machine)",3,140.0,6.0,0,0.0,,,
2023-10-14 02:57:33,"Evening Workout",57m,"Pull Up",1,0,5.0,0,0.0,"",,
2023-10-14 02:57:33,"Evening Workout",57m,"Pull Up",2,0,5.0,0,0.0,,,
2023-10-14 02:57:33,"Evening Workout",57m,"Pull Up",3,0,6.0,0,0.0,,,
2023-10-15 22:11:47,"Afternoon Workout",1h 1m,"Bench Press (Barbell)",W,20.41,15.0,0,0.0,"","",
2023-10-15 22:11:47,"Afternoon Workout",1h 1m,"Bench Press (Barbell)",1,61.23,8.0,0,0.0,,,
2023-10-15 22:11:47,"Afternoon Workout",1h 1m,"Bench Press (Barbell)",2,83.91,3.0,0,0.0,,,
2023-10-15 22:11:47,"Afternoon Workout",1h 1m,"Bench Press (Barbell)",3,70.31,8.0,0,0.0,,,
2023-10-15 22:11:47,"Afternoon Workout",1h 1m,"Bench Press (Barbell)",4,70.31,8.0,0,0.0,,,
2023-10-15 22:11:47,"Afternoon Workout",1h 1m,"Preacher Curl (Barbell)",W,4.54,8.0,0,0.0,"",,
2023-10-15 22:11:47,"Afternoon Workout",1h 1m,"Preacher Curl (Barbell)",1,13.61,8.0,0,0.0,,,
2023-10-15 22:11:47,"Afternoon Workout",1h 1m,"Preacher Curl (Barbell)",2,22.68,6.0,0,0.0,,,
2023-10-15 22:11:47,"Afternoon Workout",1h 1m,"Preacher Curl (Barbell)",3,22.68,6.0,0,0.0,,,
2023-10-15 22:11:47,"Afternoon Workout",1h 1m,"Push Up",1,0.0,30.0,0,0.0,"",,
2023-10-15 22:11:47,"Afternoon Workout",1h 1m,"Push Up",2,0.0,30.0,0,0.0,,,
2023-10-15 22:11:47,"Afternoon Workout",1h 1m,"Push Up",3,0.0,20.0,0,0.0,,,
2023-10-15 22:11:47,"Afternoon Workout",1h 1m,"Flat Leg Raise",1,0,10.0,0,0.0,"",,
2023-10-15 22:11:47,"Afternoon Workout",1h 1m,"Flat Leg Raise",2,0,10.0,0,0.0,,,
2023-10-16 23:20:52,"Afternoon Workout",36m,"Triceps Dip",1,0,10.0,0,0.0,"","",
2023-10-16 23:20:52,"Afternoon Workout",36m,"Triceps Dip",2,0,10.0,0,0.0,,,
2023-10-16 23:20:52,"Afternoon Workout",36m,"Triceps Dip",3,0,10.0,0,0.0,,,
2023-10-16 23:20:52,"Afternoon Workout",36m,"Hammer Curl (Dumbbell)",1,25.0,10.0,0,0.0,"",,
2023-10-16 23:20:52,"Afternoon Workout",36m,"Hammer Curl (Dumbbell)",2,25.0,10.0,0,0.0,,,
2023-10-16 23:20:52,"Afternoon Workout",36m,"Hammer Curl (Dumbbell)",3,25.0,10.0,0,0.0,,,
2023-10-16 23:20:52,"Afternoon Workout",36m,"Concentration Curl (Dumbbell)",1,25.0,8.0,0,0.0,"",,
2023-10-16 23:20:52,"Afternoon Workout",36m,"Concentration Curl (Dumbbell)",2,25.0,8.0,0,0.0,,,
2023-10-16 23:20:52,"Afternoon Workout",36m,"Concentration Curl (Dumbbell)",3,25.0,8.0,0,0.0,,,
2023-10-16 23:20:52,"Afternoon Workout",36m,"Skullcrusher (Dumbbell)",1,25.0,6.0,0,0.0,"",,
2023-10-16 23:20:52,"Afternoon Workout",36m,"Skullcrusher (Dumbbell)",2,25.0,8.0,0,0.0,,,
2023-10-16 23:20:52,"Afternoon Workout",36m,"Skullcrusher (Dumbbell)",3,25.0,8.0,0,0.0,,,
2023-10-16 23:20:52,"Afternoon Workout",36m,"Bench Press (Dumbbell)",1,31.75,8.0,0,0.0,"",,
2023-10-16 23:20:52,"Afternoon Workout",36m,"Bench Press (Dumbbell)",2,31.75,6.0,0,0.0,,,
2023-10-16 23:20:52,"Afternoon Workout",36m,"Bench Press (Dumbbell)",3,31.75,5.0,0,0.0,,,
2023-10-18 23:35:03,"Afternoon Workout",52m,"Squat (Barbell)",W,20.41,8.0,0,0.0,"","",
2023-10-18 23:35:03,"Afternoon Workout",52m,"Squat (Barbell)",1,61.23,8.0,0,0.0,,,
2023-10-18 23:35:03,"Afternoon Workout",52m,"Squat (Barbell)",2,83.91,8.0,0,0.0,,,
2023-10-18 23:35:03,"Afternoon Workout",52m,"Squat (Barbell)",3,102.06,5.0,0,0.0,,,
2023-10-18 23:35:03,"Afternoon Workout",52m,"Squat (Barbell)",4,102.06,5.0,0,0.0,,,
2023-10-18 23:35:03,"Afternoon Workout",52m,"Deadlift (Barbell)",1,52.16,8.0,0,0.0,"",,
2023-10-18 23:35:03,"Afternoon Workout",52m,"Deadlift (Barbell)",2,74.84,6.0,0,0.0,,,
2023-10-18 23:35:03,"Afternoon Workout",52m,"Deadlift (Barbell)",3,74.84,6.0,0,0.0,,,
2023-10-18 23:35:03,"Afternoon Workout",52m,"Deadlift (Barbell)",4,74.84,5.0,0,0.0,,,
2023-10-18 23:35:03,"Afternoon Workout",52m,"Leg Extension (Machine)",1,58.97,8.0,0,0.0,"",,
2023-10-18 23:35:03,"Afternoon Workout",52m,"Leg Extension (Machine)",2,63.5,8.0,0,0.0,,,
2023-10-18 23:35:03,"Afternoon Workout",52m,"Leg Extension (Machine)",3,68.04,8.0,0,0.0,,,
2023-10-26 01:46:12,"Evening Workout",1h 18m,"Squat (Barbell)",W,20.41,8.0,0,0.0,"","",
2023-10-26 01:46:12,"Evening Workout",1h 18m,"Squat (Barbell)",1,61.23,8.0,0,0.0,,,
2023-10-26 01:46:12,"Evening Workout",1h 18m,"Squat (Barbell)",2,102.06,6.0,0,0.0,,,
2023-10-26 01:46:12,"Evening Workout",1h 18m,"Squat (Barbell)",3,102.06,6.0,0,0.0,,,
2023-10-26 01:46:12,"Evening Workout",1h 18m,"Squat (Barbell)",4,102.06,3.0,0,0.0,,,
2023-10-26 01:46:12,"Evening Workout",1h 18m,"Deadlift (Barbell)",1,52.16,8.0,0,0.0,"",,
2023-10-26 01:46:12,"Evening Workout",1h 18m,"Deadlift (Barbell)",2,74.84,5.0,0,0.0,,,
2023-10-26 01:46:12,"Evening Workout",1h 18m,"Deadlift (Barbell)",3,74.84,6.0,0,0.0,,,
2023-10-26 01:46:12,"Evening Workout",1h 18m,"Deadlift (Barbell)",4,74.84,5.0,0,0.0,,,
2023-10-26 01:46:12,"Evening Workout",1h 18m,"Leg Press",1,86.18,8.0,0,0.0,"",,
2023-10-26 01:46:12,"Evening Workout",1h 18m,"Leg Press",2,127.01,8.0,0,0.0,,,
2023-10-26 01:46:12,"Evening Workout",1h 18m,"Leg Press",3,167.83,6.0,0,0.0,,,
2023-10-28 22:35:37,"Afternoon Workout",44m,"Seated Row (Cable)",1,63.5,8.0,0,0.0,"","",
2023-10-28 22:35:37,"Afternoon Workout",44m,"Seated Row (Cable)",2,68.04,6.0,0,0.0,,,
2023-10-28 22:35:37,"Afternoon Workout",44m,"Seated Row (Cable)",3,68.04,5.0,0,0.0,,,
2023-10-28 22:35:37,"Afternoon Workout",44m,"Bench Press (Barbell)",W,20.41,15.0,0,0.0,"",,
2023-10-28 22:35:37,"Afternoon Workout",44m,"Bench Press (Barbell)",1,61.23,8.0,0,0.0,,,
2023-10-28 22:35:37,"Afternoon Workout",44m,"Bench Press (Barbell)",2,83.91,3.0,0,0.0,,,
2023-10-28 22:35:37,"Afternoon Workout",44m,"Bench Press (Barbell)",3,83.91,3.0,0,0.0,,,
2023-10-28 22:35:37,"Afternoon Workout",44m,"Bench Press (Barbell)",4,70.31,6.0,0,0.0,,,
2023-10-28 22:35:37,"Afternoon Workout",44m,"Bench Press (Barbell)",5,70.31,5.0,0,0.0,,,
2023-10-28 22:35:37,"Afternoon Workout",44m,"Cable Kickback",1,30.0,10.0,0,0.0,"",,
2023-10-28 22:35:37,"Afternoon Workout",44m,"Cable Kickback",2,40.0,10.0,0,0.0,,,
2023-10-28 22:35:37,"Afternoon Workout",44m,"Cable Kickback",3,40.0,10.0,0,0.0,,,
2023-10-28 22:35:37,"Afternoon Workout",44m,"Triceps Extension",1,45.36,8.0,0,0.0,"",,
2023-10-28 22:35:37,"Afternoon Workout",44m,"Triceps Extension",2,54.43,6.0,0,0.0,,,
2023-10-28 22:35:37,"Afternoon Workout",44m,"Triceps Extension",3,45.36,8.0,0,0.0,,,
2023-10-31 01:14:50,"Evening Workout",42m,"Squat (Barbell)",W,20.41,8.0,0,0.0,"","",
2023-10-31 01:14:50,"Evening Workout",42m,"Squat (Barbell)",1,61.23,8.0,0,0.0,,,
2023-10-31 01:14:50,"Evening Workout",42m,"Squat (Barbell)",2,102.06,6.0,0,0.0,,,
2023-10-31 01:14:50,"Evening Workout",42m,"Squat (Barbell)",3,102.06,6.0,0,0.0,,,
2023-10-31 01:14:50,"Evening Workout",42m,"Squat (Barbell)",4,102.06,3.0,0,0.0,,,
2023-10-31 01:14:50,"Evening Workout",42m,"Squat (Barbell)",5,61.23,8.0,0,0.0,,,
2023-10-31 01:14:50,"Evening Workout",42m,"Leg Extension (Machine)",1,68.04,10.0,0,0.0,"",,
2023-10-31 01:14:50,"Evening Workout",42m,"Leg Extension (Machine)",2,68.04,8.0,0,0.0,,,
2023-10-31 01:14:50,"Evening Workout",42m,"Leg Extension (Machine)",3,68.04,8.0,0,0.0,,,
2023-10-31 01:14:50,"Evening Workout",42m,"Leg Press",1,86.18,8.0,0,0.0,"",,
2023-10-31 01:14:50,"Evening Workout",42m,"Leg Press",2,86.18,8.0,0,0.0,,,
2023-10-31 01:14:50,"Evening Workout",42m,"Leg Press",3,127.01,8.0,0,0.0,,,
2023-11-01 23:23:58,"Evening Workout",25h 56m,"Bench Press (Barbell)",W,20.41,15.0,0,0.0,"","",
2023-11-01 23:23:58,"Evening Workout",25h 56m,"Bench Press (Barbell)",1,61.23,8.0,0,0.0,,,
2023-11-01 23:23:58,"Evening Workout",25h 56m,"Bench Press (Barbell)",2,83.91,3.0,0,0.0,,,
2023-11-01 23:23:58,"Evening Workout",25h 56m,"Bench Press (Barbell)",3,70.31,8.0,0,0.0,,,
2023-11-01 23:23:58,"Evening Workout",25h 56m,"Bench Press (Barbell)",4,70.31,8.0,0,0.0,,,
2023-11-01 23:23:58,"Evening Workout",25h 56m,"Bench Press (Barbell)",5,70.31,5.0,0,0.0,,,
2023-11-01 23:23:58,"Evening Workout",25h 56m,"Chest Dip",1,0,8.0,0,0.0,"",,
2023-11-01 23:23:58,"Evening Workout",25h 56m,"Chest Dip",2,0,8.0,0,0.0,,,
2023-11-01 23:23:58,"Evening Workout",25h 56m,"Chest Dip",3,0,8.0,0,0.0,,,
2023-11-01 23:23:58,"Evening Workout",25h 56m,"Triceps Extension",1,22.68,8.0,0,0.0,"",,
2023-11-03 01:20:49,"Evening Workout",50m,"Bent Over Row (Barbell)",1,135.0,4.0,0,0.0,"","",
2023-11-03 01:20:49,"Evening Workout",50m,"Bent Over Row (Barbell)",2,115.0,6.0,0,0.0,,,
2023-11-03 01:20:49,"Evening Workout",50m,"Bent Over Row (Barbell)",3,115.0,8.0,0,0.0,,,
2023-11-03 01:20:49,"Evening Workout",50m,"Bent Over Row (Barbell)",4,155.0,5.0,0,0.0,,,
2023-11-03 01:20:49,"Evening Workout",50m,"Pull Up",1,0,5.0,0,0.0,"",,
2023-11-03 01:20:49,"Evening Workout",50m,"Pull Up",2,0,5.0,0,0.0,,,
2023-11-03 01:20:49,"Evening Workout",50m,"Pull Up",3,0,6.0,0,0.0,,,
2023-11-03 01:20:49,"Evening Workout",50m,"Seated Row (Cable)",1,63.5,6.0,0,0.0,"",,
2023-11-03 01:20:49,"Evening Workout",50m,"Seated Row (Cable)",2,54.43,8.0,0,0.0,,,
2023-11-03 01:20:49,"Evening Workout",50m,"Seated Row (Cable)",3,63.5,5.0,0,0.0,,,
2023-11-03 01:20:49,"Evening Workout",50m,"Bench Press (Dumbbell)",1,34.02,6.0,0,0.0,"",,
2023-11-03 01:20:49,"Evening Workout",50m,"Bench Press (Dumbbell)",2,34.02,8.0,0,0.0,,,
2023-11-03 01:20:49,"Evening Workout",50m,"Bench Press (Dumbbell)",3,34.02,5.0,0,0.0,,,
2023-11-03 01:20:49,"Evening Workout",50m,"Triceps Extension (Dumbbell)",1,34.02,5.0,0,0.0,"",,
2023-11-03 01:20:49,"Evening Workout",50m,"Triceps Extension (Dumbbell)",2,34.02,5.0,0,0.0,,,
2023-11-03 01:20:49,"Evening Workout",50m,"Triceps Extension (Dumbbell)",3,34.02,4.0,0,0.0,,,
2023-11-04 01:13:55,"Evening Workout",1h 8m,"Squat (Barbell)",W,20.41,10.0,0,0.0,"Right knee started hurting","",
2023-11-04 01:13:55,"Evening Workout",1h 8m,"Squat (Barbell)",1,61.23,8.0,0,0.0,,,
2023-11-04 01:13:55,"Evening Workout",1h 8m,"Squat (Barbell)",2,83.91,8.0,0,0.0,,,
2023-11-04 01:13:55,"Evening Workout",1h 8m,"Squat (Barbell)",3,102.06,4.0,0,0.0,,,
2023-11-04 01:13:55,"Evening Workout",1h 8m,"Squat (Barbell)",4,92.99,3.0,0,0.0,,,
2023-11-04 01:13:55,"Evening Workout",1h 8m,"Squat (Barbell)",5,92.99,3.0,0,0.0,,,
2023-11-04 01:13:55,"Evening Workout",1h 8m,"Leg Extension (Machine)",1,68.04,8.0,0,0.0,"",,
2023-11-04 01:13:55,"Evening Workout",1h 8m,"Leg Extension (Machine)",2,68.04,8.0,0,0.0,,,
2023-11-04 01:13:55,"Evening Workout",1h 8m,"Leg Extension (Machine)",3,72.57,8.0,0,0.0,,,
2023-11-04 01:13:55,"Evening Workout",1h 8m,"Bench Press (Barbell)",W,20.41,10.0,0,0.0,"",,
2023-11-04 01:13:55,"Evening Workout",1h 8m,"Bench Press (Barbell)",1,61.23,8.0,0,0.0,,,
2023-11-04 01:13:55,"Evening Workout",1h 8m,"Bench Press (Barbell)",2,83.91,2.0,0,0.0,,,
2023-11-04 01:13:55,"Evening Workout",1h 8m,"Bench Press (Barbell)",3,70.31,8.0,0,0.0,,,
2023-11-04 01:13:55,"Evening Workout",1h 8m,"Bench Press (Barbell)",4,70.31,8.0,0,0.0,,,
2023-11-29 03:24:22,"Evening Workout",44m,"Bench Press (Barbell)",W,20.41,15.0,0,0.0,"","",
2023-11-29 03:24:22,"Evening Workout",44m,"Bench Press (Barbell)",1,61.23,8.0,0,0.0,,,
2023-11-29 03:24:22,"Evening Workout",44m,"Bench Press (Barbell)",2,70.31,5.0,0,0.0,,,
2023-11-29 03:24:22,"Evening Workout",44m,"Bench Press (Barbell)",3,70.31,5.0,0,0.0,,,
2023-11-29 03:24:22,"Evening Workout",44m,"Bench Press (Barbell)",4,70.31,5.0,0,0.0,,,
2023-11-29 03:24:22,"Evening Workout",44m,"Bench Press (Barbell)",5,70.31,5.0,0,0.0,,,
2023-11-29 03:24:22,"Evening Workout",44m,"Preacher Curl (Barbell)",1,4.54,8.0,0,0.0,"",,
2023-11-29 03:24:22,"Evening Workout",44m,"Preacher Curl (Barbell)",2,13.61,8.0,0,0.0,,,
2023-11-29 03:24:22,"Evening Workout",44m,"Preacher Curl (Barbell)",3,13.61,8.0,0,0.0,,,
2023-11-29 03:24:22,"Evening Workout",44m,"Preacher Curl (Barbell)",4,13.61,6.0,0,0.0,,,
2023-11-29 03:24:22,"Evening Workout",44m,"Chest Press (Machine)",1,58.97,8.0,0,0.0,"",,
2023-11-29 03:24:22,"Evening Workout",44m,"Chest Press (Machine)",2,63.5,8.0,0,0.0,,,
2023-11-29 03:24:22,"Evening Workout",44m,"Chest Press (Machine)",3,63.5,8.0,0,0.0,,,
2023-11-29 03:24:22,"Evening Workout",44m,"Chest Press (Machine)",4,68.04,8.0,0,0.0,,,
2023-11-30 01:35:41,"Evening Workout",2h 7m,"Squat (Barbell)",W,20.41,8.0,0,0.0,"","",
2023-11-30 01:35:41,"Evening Workout",2h 7m,"Squat (Barbell)",1,61.23,8.0,0,0.0,,,
2023-11-30 01:35:41,"Evening Workout",2h 7m,"Squat (Barbell)",2,61.23,5.0,0,0.0,,,
2023-11-30 01:35:41,"Evening Workout",2h 7m,"Squat (Barbell)",3,61.23,5.0,0,0.0,,,
2023-11-30 01:35:41,"Evening Workout",2h 7m,"Squat (Barbell)",4,61.23,8.0,0,0.0,,,
2023-11-30 01:35:41,"Evening Workout",2h 7m,"Squat (Barbell)",5,61.23,10.0,0,0.0,,,
2023-11-30 01:35:41,"Evening Workout",2h 7m,"Lat Pulldown (Cable)",1,100.0,8.0,0,0.0,"",,
2023-11-30 01:35:41,"Evening Workout",2h 7m,"Lat Pulldown (Cable)",2,120.0,8.0,0,0.0,,,
2023-11-30 01:35:41,"Evening Workout",2h 7m,"Lat Pulldown (Cable)",3,100.0,8.0,0,0.0,,,
2023-11-30 01:35:41,"Evening Workout",2h 7m,"Leg Extension (Machine)",1,58.97,8.0,0,0.0,"",,
2023-11-30 01:35:41,"Evening Workout",2h 7m,"Leg Extension (Machine)",2,68.04,6.0,0,0.0,,,
2023-11-30 01:35:41,"Evening Workout",2h 7m,"Leg Extension (Machine)",3,68.04,6.0,0,0.0,,,
2023-12-05 01:37:53,"Evening Workout",35m,"Bench Press (Barbell)",W,20.41,10.0,0,0.0,"","",
2023-12-05 01:37:53,"Evening Workout",35m,"Bench Press (Barbell)",1,61.23,8.0,0,0.0,,,
2023-12-05 01:37:53,"Evening Workout",35m,"Bench Press (Barbell)",2,70.31,8.0,0,0.0,,,
2023-12-05 01:37:53,"Evening Workout",35m,"Bench Press (Barbell)",3,74.84,5.0,0,0.0,,,
2023-12-05 01:37:53,"Evening Workout",35m,"Bench Press (Barbell)",4,74.84,5.0,0,0.0,,,
2023-12-05 01:37:53,"Evening Workout",35m,"Bench Press (Barbell)",5,74.84,5.0,0,0.0,,,
2023-12-05 01:37:53,"Evening Workout",35m,"Chest Fly",1,58.97,8.0,0,0.0,"",,
2023-12-05 01:37:53,"Evening Workout",35m,"Chest Fly",2,68.04,8.0,0,0.0,,,
2023-12-05 01:37:53,"Evening Workout",35m,"Chest Fly",3,72.57,5.0,0,0.0,,,
2023-12-05 01:37:53,"Evening Workout",35m,"Chest Fly",4,45.36,5.0,0,0.0,,,
2023-12-05 01:37:53,"Evening Workout",35m,"Triceps Extension (Dumbbell)",1,27.22,6.0,0,0.0,"",,
2023-12-05 01:37:53,"Evening Workout",35m,"Triceps Extension (Dumbbell)",2,27.22,8.0,0,0.0,,,
2023-12-05 01:37:53,"Evening Workout",35m,"Triceps Extension (Dumbbell)",3,27.22,5.0,0,0.0,,,
2023-12-05 01:37:53,"Evening Workout",35m,"Triceps Extension (Dumbbell)",4,15.88,5.0,0,0.0,,,
2023-12-15 15:11:27,"Morning Workout",58m,"Bench Press (Barbell)",W,20.41,12.0,0,0.0,"","",
2023-12-15 15:11:27,"Morning Workout",58m,"Bench Press (Barbell)",1,61.23,8.0,0,0.0,,,
2023-12-15 15:11:27,"Morning Workout",58m,"Bench Press (Barbell)",2,70.31,8.0,0,0.0,,,
2023-12-15 15:11:27,"Morning Workout",58m,"Bench Press (Barbell)",3,74.84,5.0,0,0.0,,,
2023-12-15 15:11:27,"Morning Workout",58m,"Bench Press (Barbell)",4,74.84,3.0,0,0.0,,,
2023-12-15 15:11:27,"Morning Workout",58m,"Bench Press (Barbell)",5,70.31,5.0,0,0.0,,,
2023-12-15 15:11:27,"Morning Workout",58m,"Squat (Barbell)",1,20.41,8.0,0,0.0,"",,
2023-12-15 15:11:27,"Morning Workout",58m,"Squat (Barbell)",2,61.23,8.0,0,0.0,,,
2023-12-15 15:11:27,"Morning Workout",58m,"Squat (Barbell)",3,70.31,8.0,0,0.0,,,
2023-12-15 15:11:27,"Morning Workout",58m,"Squat (Barbell)",4,83.91,5.0,0,0.0,,,
2023-12-15 15:11:27,"Morning Workout",58m,"Squat (Barbell)",5,83.91,5.0,0,0.0,,,
2023-12-15 15:11:27,"Morning Workout",58m,"Squat (Barbell)",6,83.91,8.0,0,0.0,,,
2024-01-10 22:39:23,"Afternoon Workout",1h,"Bench Press (Barbell)",W,20.41,15.0,0,0.0,"","",
2024-01-10 22:39:23,"Afternoon Workout",1h,"Bench Press (Barbell)",1,61.23,8.0,0,0.0,,,
2024-01-10 22:39:23,"Afternoon Workout",1h,"Bench Press (Barbell)",2,61.23,8.0,0,0.0,,,
2024-01-10 22:39:23,"Afternoon Workout",1h,"Bench Press (Barbell)",3,70.31,6.0,0,0.0,,,
2024-01-10 22:39:23,"Afternoon Workout",1h,"Bench Press (Barbell)",4,70.31,4.0,0,0.0,,,
2024-01-10 22:39:23,"Afternoon Workout",1h,"Bench Press (Barbell)",5,70.31,7.0,0,0.0,,,
2024-01-10 22:39:23,"Afternoon Workout",1h,"Squat (Barbell)",1,20.41,5.0,0,0.0,"",,
2024-01-10 22:39:23,"Afternoon Workout",1h,"Squat (Barbell)",2,20.41,8.0,0,0.0,,,
2024-01-10 22:39:23,"Afternoon Workout",1h,"Squat (Barbell)",3,61.23,8.0,0,0.0,,,
2024-01-10 22:39:23,"Afternoon Workout",1h,"Squat (Barbell)",4,61.23,6.0,0,0.0,,,
2024-01-10 22:39:23,"Afternoon Workout",1h,"Squat (Barbell)",5,61.23,8.0,0,0.0,,,
2024-01-10 22:39:23,"Afternoon Workout",1h,"Preacher Curl (Barbell)",1,4.54,8.0,0,0.0,"",,
2024-01-10 22:39:23,"Afternoon Workout",1h,"Preacher Curl (Barbell)",2,4.54,8.0,0,0.0,,,
2024-01-10 22:39:23,"Afternoon Workout",1h,"Preacher Curl (Barbell)",3,4.54,8.0,0,0.0,,,
2024-01-10 22:39:23,"Afternoon Workout",1h,"Chest Fly",1,58.97,8.0,0,0.0,"",,
2024-01-10 22:39:23,"Afternoon Workout",1h,"Chest Fly",2,63.5,8.0,0,0.0,,,
2024-01-10 22:39:23,"Afternoon Workout",1h,"Chest Fly",3,68.04,8.0,0,0.0,,,
2024-01-11 14:45:49,"Morning Workout",47m,"Bench Press (Barbell)",W,20.41,10.0,0,0.0,"","",
2024-01-11 14:45:49,"Morning Workout",47m,"Bench Press (Barbell)",1,61.23,6.0,0,0.0,,,
2024-01-11 14:45:49,"Morning Workout",47m,"Bench Press (Barbell)",2,61.23,8.0,0,0.0,,,
2024-01-11 14:45:49,"Morning Workout",47m,"Bench Press (Barbell)",3,70.31,3.0,0,0.0,,,
2024-01-11 14:45:49,"Morning Workout",47m,"Bench Press (Barbell)",4,70.31,5.0,0,0.0,,,
2024-01-11 14:45:49,"Morning Workout",47m,"Chest Fly (Band)",1,120.0,4.0,0,0.0,"",,
2024-01-11 14:45:49,"Morning Workout",47m,"Chest Fly (Band)",2,100.0,8.0,0,0.0,,,
2024-01-11 14:45:49,"Morning Workout",47m,"Chest Fly (Band)",3,100.0,7.0,0,0.0,,,
2024-01-11 14:45:49,"Morning Workout",47m,"Pull Up",1,0,3.0,0,0.0,"",,
2024-01-11 14:45:49,"Morning Workout",47m,"Pull Up",2,0,5.0,0,0.0,,,
2024-01-11 14:45:49,"Morning Workout",47m,"Pull Up",3,0,5.0,0,0.0,,,
2024-01-11 14:45:49,"Morning Workout",47m,"Skullcrusher (Barbell)",1,45.0,8.0,0,0.0,"",,
2024-01-11 14:45:49,"Morning Workout",47m,"Skullcrusher (Barbell)",2,45.0,8.0,0,0.0,,,
2024-01-11 14:45:49,"Morning Workout",47m,"Skullcrusher (Barbell)",3,45.0,8.0,0,0.0,,,
2024-01-14 21:49:21,"Afternoon Workout",36m,"Squat (Barbell)",W,20.41,10.0,0,0.0,"","",
2024-01-14 21:49:21,"Afternoon Workout",36m,"Squat (Barbell)",1,61.23,8.0,0,0.0,,,
2024-01-14 21:49:21,"Afternoon Workout",36m,"Squat (Barbell)",2,70.31,8.0,0,0.0,,,
2024-01-14 21:49:21,"Afternoon Workout",36m,"Squat (Barbell)",3,83.91,6.0,0,0.0,,,
2024-01-14 21:49:21,"Afternoon Workout",36m,"Squat (Barbell)",4,102.06,2.0,0,0.0,,,
2024-01-14 21:49:21,"Afternoon Workout",36m,"Squat (Barbell)",5,61.23,7.0,0,0.0,,,
2024-01-14 21:49:21,"Afternoon Workout",36m,"Leg Extension (Machine)",1,68.04,6.0,0,0.0,"Did each leg separately left leg dying so going to go down to 60 each",,
2024-01-14 21:49:21,"Afternoon Workout",36m,"Leg Extension (Machine)",2,54.43,8.0,0,0.0,,,
2024-01-14 21:49:21,"Afternoon Workout",36m,"Leg Extension (Machine)",3,54.43,8.0,0,0.0,,,
2024-01-14 21:49:21,"Afternoon Workout",36m,"Goblet Squat (Kettlebell)",1,50.0,6.0,0,0.0,"",,
2024-01-14 21:49:21,"Afternoon Workout",36m,"Goblet Squat (Kettlebell)",2,50.0,8.0,0,0.0,,,
2024-01-14 21:49:21,"Afternoon Workout",36m,"Goblet Squat (Kettlebell)",3,50.0,8.0,0,0.0,,,
2024-01-14 21:49:21,"Afternoon Workout",36m,"Push Up",1,0.0,10.0,0,0.0,"",,
2024-01-14 21:49:21,"Afternoon Workout",36m,"Push Up",2,0.0,10.0,0,0.0,,,
2024-01-14 21:49:21,"Afternoon Workout",36m,"Push Up",3,0.0,20.0,0,0.0,,,
2024-01-16 15:21:50,"Morning Workout",57m,"Seated Row (Cable)",W,45.36,8.0,0,0.0,"","",
2024-01-16 15:21:50,"Morning Workout",57m,"Seated Row (Cable)",1,49.9,8.0,0,0.0,,,
2024-01-16 15:21:50,"Morning Workout",57m,"Seated Row (Cable)",2,54.43,8.0,0,0.0,,,
2024-01-16 15:21:50,"Morning Workout",57m,"Seated Row (Cable)",3,54.43,8.0,0,0.0,,,
2024-01-16 15:21:50,"Morning Workout",57m,"Lat Pulldown (Cable)",1,100.0,8.0,0,0.0,"",,
2024-01-16 15:21:50,"Morning Workout",57m,"Lat Pulldown (Cable)",2,100.0,8.0,0,0.0,,,
2024-01-16 15:21:50,"Morning Workout",57m,"Lat Pulldown (Cable)",3,120.0,8.0,0,0.0,,,
2024-01-16 15:21:50,"Morning Workout",57m,"Reverse Fly (Machine)",1,100.0,8.0,0,0.0,"",,
2024-01-16 15:21:50,"Morning Workout",57m,"Reverse Fly (Machine)",2,100.0,8.0,0,0.0,,,
2024-01-16 15:21:50,"Morning Workout",57m,"Reverse Fly (Machine)",3,100.0,7.0,0,0.0,,,
2024-01-16 15:21:50,"Morning Workout",57m,"Concentration Curl (Dumbbell)",1,25.0,8.0,0,0.0,"",,
2024-01-16 15:21:50,"Morning Workout",57m,"Concentration Curl (Dumbbell)",2,30.0,8.0,0,0.0,,,
2024-01-16 15:21:50,"Morning Workout",57m,"Concentration Curl (Dumbbell)",3,30.0,7.0,0,0.0,,,
2024-01-16 15:21:50,"Morning Workout",57m,"Preacher Curl (Barbell)",1,4.54,5.0,0,0.0,"",,
2024-01-16 15:21:50,"Morning Workout",57m,"Preacher Curl (Barbell)",2,4.54,6.0,0,0.0,,,
2024-01-16 15:21:50,"Morning Workout",57m,"Preacher Curl (Barbell)",3,4.54,8.0,0,0.0,,,
2024-01-18 00:05:08,"Evening Workout",1h 2m,"Bench Press (Dumbbell)",1,22.68,8.0,0,0.0,"","",
2024-01-18 00:05:08,"Evening Workout",1h 2m,"Bench Press (Dumbbell)",2,27.22,8.0,0,0.0,,,
2024-01-18 00:05:08,"Evening Workout",1h 2m,"Bench Press (Dumbbell)",3,31.75,5.0,0,0.0,,,
2024-01-18 00:05:08,"Evening Workout",1h 2m,"Bench Press (Dumbbell)",4,31.75,2.0,0,0.0,,,
2024-01-18 00:05:08,"Evening Workout",1h 2m,"Bench Press (Dumbbell)",D,15.88,10.0,0,0.0,,,
2024-01-18 00:05:08,"Evening Workout",1h 2m,"Triceps Extension (Dumbbell)",1,27.22,8.0,0,0.0,"",,
2024-01-18 00:05:08,"Evening Workout",1h 2m,"Triceps Extension (Dumbbell)",2,22.68,8.0,0,0.0,,,
2024-01-18 00:05:08,"Evening Workout",1h 2m,"Triceps Extension (Dumbbell)",3,22.68,6.0,0,0.0,,,
2024-01-18 00:05:08,"Evening Workout",1h 2m,"Triceps Extension (Dumbbell)",4,22.68,6.0,0,0.0,,,
2024-01-18 00:05:08,"Evening Workout",1h 2m,"Incline Bench Press (Dumbbell)",1,22.68,5.0,0,0.0,"",,
2024-01-18 00:05:08,"Evening Workout",1h 2m,"Incline Bench Press (Dumbbell)",2,18.14,8.0,0,0.0,,,
2024-01-18 00:05:08,"Evening Workout",1h 2m,"Incline Bench Press (Dumbbell)",3,18.14,10.0,0,0.0,,,
2024-01-18 00:05:08,"Evening Workout",1h 2m,"Tricep kickback (dumbbell)",1,9.07,10.0,0,0.0,"",,
2024-01-18 00:05:08,"Evening Workout",1h 2m,"Tricep kickback (dumbbell)",2,11.34,8.0,0,0.0,,,
2024-01-18 00:05:08,"Evening Workout",1h 2m,"Tricep kickback (dumbbell)",3,11.34,8.0,0,0.0,,,
2024-01-18 00:05:08,"Evening Workout",1h 2m,"Converging Chest Press",1,50.0,10.0,0,0.0,"",,
2024-01-18 00:05:08,"Evening Workout",1h 2m,"Converging Chest Press",2,70.0,10.0,0,0.0,,,
2024-01-18 00:05:08,"Evening Workout",1h 2m,"Converging Chest Press",3,90.0,8.0,0,0.0,,,
2024-01-18 00:05:08,"Evening Workout",1h 2m,"Triceps Extension",1,22.68,8.0,0,0.0,"",,
2024-01-18 00:05:08,"Evening Workout",1h 2m,"Triceps Extension",2,45.36,8.0,0,0.0,,,
2024-01-18 00:05:08,"Evening Workout",1h 2m,"Triceps Extension",3,45.36,8.0,0,0.0,,,
2024-01-18 15:37:46,"Morning Workout",1h 4m,"Squat (Barbell)",W,20.41,10.0,0,0.0,"","",
2024-01-18 15:37:46,"Morning Workout",1h 4m,"Squat (Barbell)",1,61.23,8.0,0,0.0,,,
2024-01-18 15:37:46,"Morning Workout",1h 4m,"Squat (Barbell)",2,70.31,6.0,0,0.0,,,
2024-01-18 15:37:46,"Morning Workout",1h 4m,"Squat (Barbell)",3,83.91,8.0,0,0.0,,,
2024-01-18 15:37:46,"Morning Workout",1h 4m,"Squat (Barbell)",4,83.91,6.0,0,0.0,,,
2024-01-18 15:37:46,"Morning Workout",1h 4m,"Squat (Barbell)",5,83.91,5.0,0,0.0,,,
2024-01-18 15:37:46,"Morning Workout",1h 4m,"Leg Press",1,86.18,8.0,0,0.0,"",,
2024-01-18 15:37:46,"Morning Workout",1h 4m,"Leg Press",2,86.18,8.0,0,0.0,,,
2024-01-18 15:37:46,"Morning Workout",1h 4m,"Leg Press",3,86.18,8.0,0,0.0,,,
2024-01-20 00:14:52,"Evening Workout",37m,"Bicep Curl (Dumbbell)",1,15.0,10.0,0,0.0,"","",
2024-01-20 00:14:52,"Evening Workout",37m,"Bicep Curl (Dumbbell)",2,20.0,10.0,0,0.0,,,
2024-01-20 00:14:52,"Evening Workout",37m,"Bicep Curl (Dumbbell)",3,25.0,10.0,0,0.0,,,
2024-01-20 00:14:52,"Evening Workout",37m,"Bicep Curl (Dumbbell)",4,30.0,8.0,0,0.0,,,
2024-01-20 00:14:52,"Evening Workout",37m,"Push Up",1,0.0,10.0,0,0.0,"",,
2024-01-20 00:14:52,"Evening Workout",37m,"Push Up",2,0.0,25.0,0,0.0,,,
2024-01-20 00:14:52,"Evening Workout",37m,"Push Up",3,0.0,20.0,0,0.0,,,
2024-01-20 00:14:52,"Evening Workout",37m,"Preacher Curl (Barbell)",1,9.07,6.0,0,0.0,"",,
2024-01-20 00:14:52,"Evening Workout",37m,"Preacher Curl (Barbell)",2,9.07,5.0,0,0.0,,,
2024-01-20 00:14:52,"Evening Workout",37m,"Preacher Curl (Barbell)",3,9.07,6.0,0,0.0,,,
2024-01-20 00:14:52,"Evening Workout",37m,"Bent Over One Arm Row (Dumbbell)",1,22.68,8.0,0,0.0,"",,
2024-01-20 00:14:52,"Evening Workout",37m,"Bent Over One Arm Row (Dumbbell)",2,22.68,8.0,0,0.0,,,
2024-01-20 00:14:52,"Evening Workout",37m,"Bent Over One Arm Row (Dumbbell)",3,22.68,8.0,0,0.0,,,
2024-01-20 00:14:52,"Evening Workout",37m,"Bench Dip",1,0.0,10.0,0,0.0,"",,
2024-01-20 00:14:52,"Evening Workout",37m,"Bench Dip",2,0.0,10.0,0,0.0,,,
2024-01-20 00:14:52,"Evening Workout",37m,"Bench Dip",3,0.0,10.0,0,0.0,,,
2024-01-23 00:52:57,"Evening Workout",40m,"Bench Press (Barbell)",W,20.41,10.0,0,0.0,"","",
2024-01-23 00:52:57,"Evening Workout",40m,"Bench Press (Barbell)",1,61.23,8.0,0,0.0,,,
2024-01-23 00:52:57,"Evening Workout",40m,"Bench Press (Barbell)",2,70.31,6.0,0,0.0,,,
2024-01-23 00:52:57,"Evening Workout",40m,"Bench Press (Barbell)",3,70.31,6.0,0,0.0,,,
2024-01-23 00:52:57,"Evening Workout",40m,"Bench Press (Barbell)",4,70.31,5.0,0,0.0,,,
2024-01-23 00:52:57,"Evening Workout",40m,"Triceps Extension",1,36.29,10.0,0,0.0,"",,
2024-01-23 00:52:57,"Evening Workout",40m,"Triceps Extension",2,45.36,8.0,0,0.0,,,
2024-01-23 00:52:57,"Evening Workout",40m,"Triceps Extension",3,54.43,8.0,0,0.0,,,
2024-01-23 00:52:57,"Evening Workout",40m,"Incline Bench Press (Dumbbell)",1,20.41,8.0,0,0.0,"",,
2024-01-23 00:52:57,"Evening Workout",40m,"Incline Bench Press (Dumbbell)",2,20.41,8.0,0,0.0,,,
2024-01-23 00:52:57,"Evening Workout",40m,"Incline Bench Press (Dumbbell)",3,22.68,8.0,0,0.0,,,
2024-01-23 00:52:57,"Evening Workout",40m,"Tricep kickback (dumbbell)",1,11.34,10.0,0,0.0,"",,
2024-01-23 00:52:57,"Evening Workout",40m,"Tricep kickback (dumbbell)",2,11.34,8.0,0,0.0,,,
2024-01-23 00:52:57,"Evening Workout",40m,"Tricep kickback (dumbbell)",3,11.34,8.0,0,0.0,,,
2024-01-24 00:53:21,"Evening Workout",2h 7m,"Squat (Barbell)",W,20.41,10.0,0,0.0,"","",
2024-01-24 00:53:21,"Evening Workout",2h 7m,"Squat (Barbell)",1,61.23,8.0,0,0.0,,,
2024-01-24 00:53:21,"Evening Workout",2h 7m,"Squat (Barbell)",2,83.91,8.0,0,0.0,,,
2024-01-24 00:53:21,"Evening Workout",2h 7m,"Squat (Barbell)",3,92.99,3.0,0,0.0,,,
2024-01-24 00:53:21,"Evening Workout",2h 7m,"Squat (Barbell)",4,92.99,3.0,0,0.0,,,
2024-01-24 00:53:21,"Evening Workout",2h 7m,"Squat (Barbell)",5,92.99,5.0,0,0.0,,,
2024-01-24 00:53:21,"Evening Workout",2h 7m,"Lying Leg Curl (Machine)",1,31.75,8.0,0,0.0,"",,
2024-01-24 00:53:21,"Evening Workout",2h 7m,"Lying Leg Curl (Machine)",2,36.29,8.0,0,0.0,,,
2024-01-24 00:53:21,"Evening Workout",2h 7m,"Lying Leg Curl (Machine)",3,36.29,8.0,0,0.0,,,
2024-01-24 00:53:21,"Evening Workout",2h 7m,"Leg Extension (Machine)",1,54.43,5.0,0,0.0,"",,
2024-01-24 00:53:21,"Evening Workout",2h 7m,"Leg Extension (Machine)",2,45.36,8.0,0,0.0,,,
2024-01-24 00:53:21,"Evening Workout",2h 7m,"Leg Extension (Machine)",3,45.36,8.0,0,0.0,,,
2024-01-26 02:59:47,"Evening Workout",1h 24m,"Seated Row (Cable)",W,45.36,10.0,0,0.0,"","",
2024-01-26 02:59:47,"Evening Workout",1h 24m,"Seated Row (Cable)",1,54.43,8.0,0,0.0,,,
2024-01-26 02:59:47,"Evening Workout",1h 24m,"Seated Row (Cable)",2,63.5,8.0,0,0.0,,,
2024-01-26 02:59:47,"Evening Workout",1h 24m,"Seated Row (Cable)",3,63.5,6.0,0,0.0,,,
2024-01-26 02:59:47,"Evening Workout",1h 24m,"Pull Up",1,0,5.0,0,0.0,"",,
2024-01-26 02:59:47,"Evening Workout",1h 24m,"Pull Up",2,0,6.0,0,0.0,,,
2024-01-26 02:59:47,"Evening Workout",1h 24m,"Pull Up",3,0,5.0,0,0.0,,,
2024-01-26 02:59:47,"Evening Workout",1h 24m,"Lat Pulldown (Cable)",1,120.0,4.0,0,0.0,"",,
2024-01-26 02:59:47,"Evening Workout",1h 24m,"Lat Pulldown (Cable)",2,100.0,8.0,0,0.0,,,
2024-01-26 02:59:47,"Evening Workout",1h 24m,"Lat Pulldown (Cable)",3,100.0,8.0,0,0.0,,,
2024-01-26 02:59:47,"Evening Workout",1h 24m,"Preacher Curl (Barbell)",1,9.07,8.0,0,0.0,"",,
2024-01-26 02:59:47,"Evening Workout",1h 24m,"Preacher Curl (Barbell)",2,13.61,8.0,0,0.0,,,
2024-01-26 02:59:47,"Evening Workout",1h 24m,"Preacher Curl (Barbell)",3,13.61,8.0,0,0.0,,,
2024-01-26 02:59:47,"Evening Workout",1h 24m,"Bent Over Row (Barbell)",1,115.0,4.0,0,0.0,"",,
2024-01-26 02:59:47,"Evening Workout",1h 24m,"Bent Over Row (Barbell)",2,115.0,5.0,0,0.0,,,
2024-01-26 02:59:47,"Evening Workout",1h 24m,"Bent Over Row (Barbell)",3,115.0,5.0,0,0.0,,,
2024-01-26 02:59:47,"Evening Workout",1h 24m,"Deadlift (Barbell)",1,74.84,6.0,0,0.0,"",,
2024-01-26 02:59:47,"Evening Workout",1h 24m,"Deadlift (Barbell)",2,74.84,8.0,0,0.0,,,
2024-01-26 02:59:47,"Evening Workout",1h 24m,"Deadlift (Barbell)",3,74.84,8.0,0,0.0,,,
2024-01-27 01:59:16,"Evening Workout",55m,"Bench Press (Barbell)",W,20.41,8.0,0,0.0,"","",
2024-01-27 01:59:16,"Evening Workout",55m,"Bench Press (Barbell)",1,61.23,6.0,0,0.0,,,
2024-01-27 01:59:16,"Evening Workout",55m,"Bench Press (Barbell)",2,70.31,6.0,0,0.0,,,
2024-01-27 01:59:16,"Evening Workout",55m,"Bench Press (Barbell)",3,79.38,3.0,0,0.0,,,
2024-01-27 01:59:16,"Evening Workout",55m,"Bench Press (Barbell)",4,79.38,3.0,0,0.0,,,
2024-01-27 01:59:16,"Evening Workout",55m,"Bench Press (Barbell)",D,61.23,8.0,0,0.0,,,
2024-01-27 01:59:16,"Evening Workout",55m,"Triceps Extension",1,45.36,8.0,0,0.0,"",,
2024-01-27 01:59:16,"Evening Workout",55m,"Triceps Extension",2,54.43,8.0,0,0.0,,,
2024-01-27 01:59:16,"Evening Workout",55m,"Triceps Extension",3,54.43,8.0,0,0.0,,,
2024-01-27 01:59:16,"Evening Workout",55m,"Bicep Curl (Cable)",1,60.0,8.0,0,0.0,"",,
2024-01-27 01:59:16,"Evening Workout",55m,"Bicep Curl (Cable)",2,80.0,8.0,0,0.0,,,
2024-01-27 01:59:16,"Evening Workout",55m,"Bicep Curl (Cable)",3,80.0,8.0,0,0.0,,,
2024-01-27 01:59:16,"Evening Workout",55m,"Incline Bench Press (Dumbbell)",1,22.68,8.0,0,0.0,"",,
2024-01-27 01:59:16,"Evening Workout",55m,"Incline Bench Press (Dumbbell)",2,22.68,8.0,0,0.0,,,
2024-01-27 01:59:16,"Evening Workout",55m,"Incline Bench Press (Dumbbell)",3,27.22,6.0,0,0.0,,,
2024-01-30 02:00:31,"Evening Workout",46m,"Bench Press (Barbell)",W,20.41,8.0,0,0.0,"","",
2024-01-30 02:00:31,"Evening Workout",46m,"Bench Press (Barbell)",1,61.23,8.0,0,0.0,,,
2024-01-30 02:00:31,"Evening Workout",46m,"Bench Press (Barbell)",2,70.31,8.0,0,0.0,,,
2024-01-30 02:00:31,"Evening Workout",46m,"Bench Press (Barbell)",3,79.38,4.0,0,0.0,,,
2024-01-30 02:00:31,"Evening Workout",46m,"Bench Press (Barbell)",4,70.31,6.0,0,0.0,,,
2024-01-30 02:00:31,"Evening Workout",46m,"Bench Press (Barbell)",5,70.31,6.0,0,0.0,,,
2024-01-30 02:00:31,"Evening Workout",46m,"Triceps Dip",1,0,10.0,0,0.0,"",,
2024-01-30 02:00:31,"Evening Workout",46m,"Triceps Dip",2,0,10.0,0,0.0,,,
2024-01-30 02:00:31,"Evening Workout",46m,"Triceps Dip",3,0,10.0,0,0.0,,,
2024-01-30 02:00:31,"Evening Workout",46m,"Cable side pull",1,9.07,10.0,0,0.0,"",,
2024-01-30 02:00:31,"Evening Workout",46m,"Cable side pull",2,13.61,8.0,0,0.0,,,
2024-01-30 02:00:31,"Evening Workout",46m,"Cable side pull",3,13.61,8.0,0,0.0,,,
2024-01-30 02:00:31,"Evening Workout",46m,"Chest Fly (Band)",1,120.0,8.0,0,0.0,"",,
2024-01-30 02:00:31,"Evening Workout",46m,"Chest Fly (Band)",2,140.0,6.0,0,0.0,,,
2024-01-30 02:00:31,"Evening Workout",46m,"Chest Fly (Band)",3,120.0,7.0,0,0.0,,,
2024-02-01 01:47:55,"Evening Workout",42m,"Lat Pulldown (Cable)",1,100.0,8.0,0,0.0,"","",
2024-02-01 01:47:55,"Evening Workout",42m,"Lat Pulldown (Cable)",2,110.0,8.0,0,0.0,,,
2024-02-01 01:47:55,"Evening Workout",42m,"Lat Pulldown (Cable)",3,120.0,6.0,0,0.0,,,
2024-02-01 01:47:55,"Evening Workout",42m,"Reverse Fly (Machine)",1,100.0,8.0,0,0.0,"",,
2024-02-01 01:47:55,"Evening Workout",42m,"Reverse Fly (Machine)",2,110.0,5.0,0,0.0,,,
2024-02-01 01:47:55,"Evening Workout",42m,"Reverse Fly (Machine)",3,100.0,8.0,0,0.0,,,
2024-02-01 01:47:55,"Evening Workout",42m,"Preacher Curl (Barbell)",1,11.34,8.0,0,0.0,"",,
2024-02-01 01:47:55,"Evening Workout",42m,"Preacher Curl (Barbell)",2,13.61,8.0,0,0.0,,,
2024-02-01 01:47:55,"Evening Workout",42m,"Preacher Curl (Barbell)",3,15.88,5.0,0,0.0,,,
2024-02-01 01:47:55,"Evening Workout",42m,"Preacher Curl (Barbell)",4,15.88,4.0,0,0.0,,,
2024-02-01 01:47:55,"Evening Workout",42m,"Concentration Curl (Dumbbell)",1,25.0,8.0,0,0.0,"",,
2024-02-01 01:47:55,"Evening Workout",42m,"Concentration Curl (Dumbbell)",2,25.0,6.0,0,0.0,,,
2024-02-01 01:47:55,"Evening Workout",42m,"Concentration Curl (Dumbbell)",3,25.0,8.0,0,0.0,,,
2024-02-01 01:47:55,"Evening Workout",42m,"Seated Row (Cable)",1,54.43,8.0,0,0.0,"",,
2024-02-01 01:47:55,"Evening Workout",42m,"Seated Row (Cable)",2,54.43,8.0,0,0.0,,,
2024-02-01 01:47:55,"Evening Workout",42m,"Seated Row (Cable)",3,54.43,6.0,0,0.0,,,
2024-02-04 00:39:37,"Evening Workout",48m,"Bicep Curl (Dumbbell)",1,20.0,10.0,0,0.0,"","",
2024-02-04 00:39:37,"Evening Workout",48m,"Bicep Curl (Dumbbell)",2,30.0,6.0,0,0.0,,,
2024-02-04 00:39:37,"Evening Workout",48m,"Bicep Curl (Dumbbell)",3,30.0,7.0,0,0.0,,,
2024-02-04 00:39:37,"Evening Workout",48m,"Bicep Curl (Dumbbell)",4,27.5,6.0,0,0.0,,,
2024-02-04 00:39:37,"Evening Workout",48m,"Preacher Curl (Barbell)",1,9.07,8.0,0,0.0,"",,
2024-02-04 00:39:37,"Evening Workout",48m,"Preacher Curl (Barbell)",2,13.61,8.0,0,0.0,,,
2024-02-04 00:39:37,"Evening Workout",48m,"Preacher Curl (Barbell)",3,13.61,8.0,0,0.0,,,
2024-02-04 00:39:37,"Evening Workout",48m,"Bench Press (Barbell)",1,61.23,8.0,0,0.0,"",,
2024-02-04 00:39:37,"Evening Workout",48m,"Bench Press (Barbell)",2,70.31,4.0,0,0.0,,,
2024-02-04 00:39:37,"Evening Workout",48m,"Bench Press (Barbell)",3,70.31,6.0,0,0.0,,,
2024-02-04 00:39:37,"Evening Workout",48m,"Bench Press (Barbell)",4,70.31,6.0,0,0.0,,,
2024-02-05 00:47:40,"Evening Workout",1h 20m,"Triceps Extension",1,45.36,8.0,0,0.0,"","",
2024-02-05 00:47:40,"Evening Workout",1h 20m,"Triceps Extension",2,54.43,8.0,0,0.0,,,
2024-02-05 00:47:40,"Evening Workout",1h 20m,"Triceps Extension",3,63.5,5.0,0,0.0,,,
2024-02-05 00:47:40,"Evening Workout",1h 20m,"Triceps Extension",4,54.43,8.0,0,0.0,,,
2024-02-05 00:47:40,"Evening Workout",1h 20m,"Pull Up",1,0,5.0,0,0.0,"",,
2024-02-05 00:47:40,"Evening Workout",1h 20m,"Pull Up",2,0,5.0,0,0.0,,,
2024-02-05 00:47:40,"Evening Workout",1h 20m,"Triceps Extension (Dumbbell)",1,22.68,8.0,0,0.0,"",,
2024-02-05 00:47:40,"Evening Workout",1h 20m,"Triceps Extension (Dumbbell)",2,22.68,8.0,0,0.0,,,
2024-02-05 00:47:40,"Evening Workout",1h 20m,"Triceps Extension (Dumbbell)",3,24.95,8.0,0,0.0,,,
2024-02-05 00:47:40,"Evening Workout",1h 20m,"Triceps Extension (Dumbbell)",4,24.95,5.0,0,0.0,,,
2024-02-05 00:47:40,"Evening Workout",1h 20m,"Triceps Dip",1,15.0,6.0,0,0.0,"",,
2024-02-05 00:47:40,"Evening Workout",1h 20m,"Triceps Dip",2,0.0,8.0,0,0.0,,,
2024-02-05 00:47:40,"Evening Workout",1h 20m,"Triceps Dip",3,0.0,8.0,0,0.0,,,
2024-02-06 00:28:07,"Evening Workout",44m,"Bicep Curl (Dumbbell)",1,25.0,8.0,0,0.0,"","",
2024-02-06 00:28:07,"Evening Workout",44m,"Bicep Curl (Dumbbell)",2,30.0,6.0,0,0.0,,,
2024-02-06 00:28:07,"Evening Workout",44m,"Bicep Curl (Dumbbell)",3,30.0,6.0,0,0.0,,,
2024-02-06 00:28:07,"Evening Workout",44m,"Bicep Curl (Dumbbell)",4,30.0,7.0,0,0.0,,,
2024-02-06 00:28:07,"Evening Workout",44m,"Seated Row (Cable)",1,54.43,8.0,0,0.0,"",,
2024-02-06 00:28:07,"Evening Workout",44m,"Seated Row (Cable)",2,63.5,8.0,0,0.0,,,
2024-02-06 00:28:07,"Evening Workout",44m,"Seated Row (Cable)",3,63.5,7.0,0,0.0,,,
2024-02-06 00:28:07,"Evening Workout",44m,"Bench Press (Barbell)",W,20.41,8.0,0,0.0,"",,
2024-02-06 00:28:07,"Evening Workout",44m,"Bench Press (Barbell)",1,61.23,8.0,0,0.0,,,
2024-02-06 00:28:07,"Evening Workout",44m,"Bench Press (Barbell)",2,70.31,8.0,0,0.0,,,
2024-02-06 00:28:07,"Evening Workout",44m,"Bench Press (Barbell)",3,70.31,6.0,0,0.0,,,
2024-02-06 00:28:07,"Evening Workout",44m,"Bench Press (Barbell)",4,70.31,7.0,0,0.0,,,
2024-02-08 02:48:42,"Evening Workout",54m,"Squat (Barbell)",W,20.41,8.0,0,0.0,"","",
2024-02-08 02:48:42,"Evening Workout",54m,"Squat (Barbell)",1,61.23,8.0,0,0.0,,,
2024-02-08 02:48:42,"Evening Workout",54m,"Squat (Barbell)",2,83.91,8.0,0,0.0,,,
2024-02-08 02:48:42,"Evening Workout",54m,"Squat (Barbell)",3,83.91,8.0,0,0.0,,,
2024-02-08 02:48:42,"Evening Workout",54m,"Squat (Barbell)",4,92.99,8.0,0,0.0,,,
2024-02-08 02:48:42,"Evening Workout",54m,"Squat (Barbell)",5,92.99,6.0,0,0.0,,,
2024-02-08 02:48:42,"Evening Workout",54m,"Squat (Barbell)",D,61.23,6.0,0,0.0,,,
2024-02-08 02:48:42,"Evening Workout",54m,"Deadlift (Barbell)",1,52.16,8.0,0,0.0,"",,
2024-02-08 02:48:42,"Evening Workout",54m,"Deadlift (Barbell)",2,74.84,5.0,0,0.0,,,
2024-02-08 02:48:42,"Evening Workout",54m,"Deadlift (Barbell)",3,74.84,6.0,0,0.0,,,
2024-02-08 02:48:42,"Evening Workout",54m,"Deadlift (Barbell)",4,74.84,8.0,0,0.0,,,
2024-02-16 02:30:08,"Evening Workout",46m,"Bench Press (Barbell)",W,20.41,8.0,0,0.0,"","",
2024-02-16 02:30:08,"Evening Workout",46m,"Bench Press (Barbell)",1,61.23,8.0,0,0.0,,,
2024-02-16 02:30:08,"Evening Workout",46m,"Bench Press (Barbell)",2,70.31,8.0,0,0.0,,,
2024-02-16 02:30:08,"Evening Workout",46m,"Bench Press (Barbell)",3,70.31,8.0,0,0.0,,,
2024-02-16 02:30:08,"Evening Workout",46m,"Bench Press (Barbell)",4,83.91,3.0,0,0.0,,,
2024-02-16 02:30:08,"Evening Workout",46m,"Bench Press (Barbell)",5,83.91,3.0,0,0.0,,,
2024-02-16 02:30:08,"Evening Workout",46m,"Incline Bench Press (Dumbbell)",1,18.14,8.0,0,0.0,"",,
2024-02-16 02:30:08,"Evening Workout",46m,"Incline Bench Press (Dumbbell)",2,22.68,8.0,0,0.0,,,
2024-02-16 02:30:08,"Evening Workout",46m,"Incline Bench Press (Dumbbell)",3,22.68,8.0,0,0.0,,,
2024-02-16 02:30:08,"Evening Workout",46m,"Incline Bench Press (Dumbbell)",4,22.68,8.0,0,0.0,,,
2024-02-16 02:30:08,"Evening Workout",46m,"Tricep kickback (dumbbell)",1,11.34,10.0,0,0.0,"",,
2024-02-16 02:30:08,"Evening Workout",46m,"Tricep kickback (dumbbell)",2,13.61,8.0,0,0.0,,,
2024-02-16 02:30:08,"Evening Workout",46m,"Tricep kickback (dumbbell)",3,13.61,8.0,0,0.0,,,
2024-02-16 02:30:08,"Evening Workout",46m,"Triceps Pushdown (Cable - Straight Bar)",1,27.22,8.0,0,0.0,"",,
2024-02-16 02:30:08,"Evening Workout",46m,"Triceps Pushdown (Cable - Straight Bar)",2,27.22,6.0,0,0.0,,,
2024-02-16 02:30:08,"Evening Workout",46m,"Triceps Pushdown (Cable - Straight Bar)",3,27.22,8.0,0,0.0,,,
2024-02-17 02:57:17,"Evening Workout",4h 14m,"Squat (Barbell)",W,20.41,8.0,0,0.0,"","",
2024-02-17 02:57:17,"Evening Workout",4h 14m,"Squat (Barbell)",1,61.23,6.0,0,0.0,,,
2024-02-17 02:57:17,"Evening Workout",4h 14m,"Squat (Barbell)",2,61.23,8.0,0,0.0,,,
2024-02-17 02:57:17,"Evening Workout",4h 14m,"Squat (Barbell)",3,61.23,8.0,0,0.0,,,
2024-02-17 02:57:17,"Evening Workout",4h 14m,"Preacher Curl (Barbell)",1,9.07,8.0,0,0.0,"",,
2024-02-17 02:57:17,"Evening Workout",4h 14m,"Preacher Curl (Barbell)",2,13.61,8.0,0,0.0,,,
2024-02-17 02:57:17,"Evening Workout",4h 14m,"Preacher Curl (Barbell)",3,15.88,8.0,0,0.0,,,
2024-02-17 02:57:17,"Evening Workout",4h 14m,"Preacher Curl (Barbell)",4,22.68,3.0,0,0.0,,,
2024-02-17 02:57:17,"Evening Workout",4h 14m,"Bench Press (Barbell)",W,20.41,8.0,0,0.0,"",,
2024-02-17 02:57:17,"Evening Workout",4h 14m,"Bench Press (Barbell)",1,61.23,8.0,0,0.0,,,
2024-02-17 02:57:17,"Evening Workout",4h 14m,"Bench Press (Barbell)",2,83.91,3.0,0,0.0,,,
2024-02-17 02:57:17,"Evening Workout",4h 14m,"Bench Press (Barbell)",3,83.91,3.0,0,0.0,,,
2024-02-19 01:16:50,"Evening Workout",39m,"Chest Fly",1,61.23,8.0,0,0.0,"","",
2024-02-19 01:16:50,"Evening Workout",39m,"Chest Fly",2,65.77,8.0,0,0.0,,,
2024-02-19 01:16:50,"Evening Workout",39m,"Chest Fly",3,68.04,8.0,0,0.0,,,
2024-02-19 01:16:50,"Evening Workout",39m,"Triceps Dip",1,0.0,8.0,0,0.0,"",,
2024-02-19 01:16:50,"Evening Workout",39m,"Triceps Dip",2,0.0,8.0,0,0.0,,,
2024-02-19 01:16:50,"Evening Workout",39m,"Triceps Dip",3,0.0,8.0,0,0.0,,,
2024-02-19 01:16:50,"Evening Workout",39m,"Cable Kickback",1,40.0,6.0,0,0.0,"",,
2024-02-19 01:16:50,"Evening Workout",39m,"Cable Kickback",2,40.0,8.0,0,0.0,,,
2024-02-19 01:16:50,"Evening Workout",39m,"Cable Kickback",3,40.0,8.0,0,0.0,,,
2024-02-19 01:16:50,"Evening Workout",39m,"Torso Rotation (Machine)",1,40.0,8.0,0,0.0,"",,
2024-02-19 01:16:50,"Evening Workout",39m,"Torso Rotation (Machine)",2,100.0,8.0,0,0.0,,,
2024-02-19 01:16:50,"Evening Workout",39m,"Torso Rotation (Machine)",3,120.0,8.0,0,0.0,,,
2024-02-19 01:16:50,"Evening Workout",39m,"Seated Row (Cable)",1,54.43,8.0,0,0.0,"",,
2024-02-19 01:16:50,"Evening Workout",39m,"Seated Row (Cable)",2,68.04,6.0,0,0.0,,,
2024-02-19 01:16:50,"Evening Workout",39m,"Seated Row (Cable)",3,68.04,6.0,0,0.0,,,
2024-02-19 01:16:50,"Evening Workout",39m,"Triceps Extension (Dumbbell)",1,24.95,8.0,0,0.0,"",,
2024-02-19 01:16:50,"Evening Workout",39m,"Triceps Extension (Dumbbell)",2,24.95,8.0,0,0.0,,,
2024-02-19 01:16:50,"Evening Workout",39m,"Triceps Extension (Dumbbell)",3,27.22,8.0,0,0.0,,,
2024-02-19 01:16:50,"Evening Workout",39m,"Triceps Extension (Dumbbell)",4,27.22,8.0,0,0.0,,,
2024-02-21 02:07:05,"Evening Workout",41m,"Bench Press (Barbell)",W,20.41,8.0,0,0.0,"","",
2024-02-21 02:07:05,"Evening Workout",41m,"Bench Press (Barbell)",1,61.23,8.0,0,0.0,,,
2024-02-21 02:07:05,"Evening Workout",41m,"Bench Press (Barbell)",2,83.91,5.0,0,0.0,,,
2024-02-21 02:07:05,"Evening Workout",41m,"Bench Press (Barbell)",3,83.91,5.0,0,0.0,,,
2024-02-21 02:07:05,"Evening Workout",41m,"Bench Press (Barbell)",4,83.91,5.0,0,0.0,,,
2024-02-21 02:07:05,"Evening Workout",41m,"Bench Press (Barbell)",D,61.23,5.0,0,0.0,,,
2024-02-21 02:07:05,"Evening Workout",41m,"Incline Bench Press (Dumbbell)",1,45.36,8.0,0,0.0,"",,
2024-02-21 02:07:05,"Evening Workout",41m,"Incline Bench Press (Dumbbell)",2,45.36,8.0,0,0.0,,,
2024-02-21 02:07:05,"Evening Workout",41m,"Incline Bench Press (Dumbbell)",3,45.36,8.0,0,0.0,,,
2024-02-21 02:07:05,"Evening Workout",41m,"Tricep kickback (dumbbell)",1,13.61,10.0,0,0.0,"",,
2024-02-21 02:07:05,"Evening Workout",41m,"Tricep kickback (dumbbell)",2,13.61,10.0,0,0.0,,,
2024-02-21 02:07:05,"Evening Workout",41m,"Tricep kickback (dumbbell)",3,13.61,10.0,0,0.0,,,
2024-02-21 02:07:05,"Evening Workout",41m,"Triceps Extension",1,45.36,8.0,0,0.0,"",,
2024-02-21 02:07:05,"Evening Workout",41m,"Triceps Extension",2,36.29,8.0,0,0.0,,,
2024-02-21 02:07:05,"Evening Workout",41m,"Triceps Extension",3,36.29,8.0,0,0.0,,,
2024-02-22 01:33:19,"Evening Workout",34m,"Seated Row (Cable)",W,54.43,8.0,0,0.0,"","",
2024-02-22 01:33:19,"Evening Workout",34m,"Seated Row (Cable)",1,63.5,8.0,0,0.0,,,
2024-02-22 01:33:19,"Evening Workout",34m,"Seated Row (Cable)",2,63.5,8.0,0,0.0,,,
2024-02-22 01:33:19,"Evening Workout",34m,"Seated Row (Cable)",3,63.5,7.0,0,0.0,,,
2024-02-22 01:33:19,"Evening Workout",34m,"Pull Up",1,0,5.0,0,0.0,"",,
2024-02-22 01:33:19,"Evening Workout",34m,"Pull Up",2,0,4.0,0,0.0,,,
2024-02-22 01:33:19,"Evening Workout",34m,"Pull Up",3,0,3.0,0,0.0,,,
2024-02-22 01:33:19,"Evening Workout",34m,"Lat Pulldown (Single Arm)",1,40.0,8.0,0,0.0,"",,
2024-02-22 01:33:19,"Evening Workout",34m,"Lat Pulldown (Single Arm)",2,60.0,8.0,0,0.0,,,
2024-02-22 01:33:19,"Evening Workout",34m,"Lat Pulldown (Single Arm)",3,60.0,8.0,0,0.0,,,
2024-02-22 01:33:19,"Evening Workout",34m,"Front Raise (Plate)",1,25.0,8.0,0,0.0,"",,
2024-02-22 01:33:19,"Evening Workout",34m,"Front Raise (Plate)",2,25.0,8.0,0,0.0,,,
2024-02-22 01:33:19,"Evening Workout",34m,"Front Raise (Plate)",3,25.0,8.0,0,0.0,,,
2024-02-22 01:33:19,"Evening Workout",34m,"Reverse Fly (Machine)",1,80.0,8.0,0,0.0,"",,
2024-02-22 01:33:19,"Evening Workout",34m,"Reverse Fly (Machine)",2,100.0,8.0,0,0.0,,,
2024-02-22 01:33:19,"Evening Workout",34m,"Reverse Fly (Machine)",3,80.0,8.0,0,0.0,,,
2024-02-23 02:31:26,"Evening Workout",57m,"Preacher Curl (Barbell)",W,9.07,10.0,0,0.0,"","",
2024-02-23 02:31:26,"Evening Workout",57m,"Preacher Curl (Barbell)",1,13.61,8.0,0,0.0,,,
2024-02-23 02:31:26,"Evening Workout",57m,"Preacher Curl (Barbell)",2,22.68,6.0,0,0.0,,,
2024-02-23 02:31:26,"Evening Workout",57m,"Preacher Curl (Barbell)",3,22.68,3.0,0,0.0,,,
2024-02-23 02:31:26,"Evening Workout",57m,"Squat (Barbell)",W,20.41,8.0,0,0.0,"",,
2024-02-23 02:31:26,"Evening Workout",57m,"Squat (Barbell)",1,61.23,8.0,0,0.0,,,
2024-02-23 02:31:26,"Evening Workout",57m,"Squat (Barbell)",2,83.91,8.0,0,0.0,,,
2024-02-23 02:31:26,"Evening Workout",57m,"Squat (Barbell)",3,102.06,3.0,0,0.0,,,
2024-02-23 02:31:26,"Evening Workout",57m,"Squat (Barbell)",4,102.06,5.0,0,0.0,,,
2024-02-23 02:31:26,"Evening Workout",57m,"Squat (Barbell)",5,102.06,6.0,0,0.0,,,
2024-02-23 02:31:26,"Evening Workout",57m,"Squat (Barbell)",D,20.41,8.0,0,0.0,,,
2024-02-23 02:31:26,"Evening Workout",57m,"Deadlift (Barbell)",1,52.16,8.0,0,0.0,"",,
2024-02-23 02:31:26,"Evening Workout",57m,"Deadlift (Barbell)",2,83.91,6.0,0,0.0,,,
2024-02-23 02:31:26,"Evening Workout",57m,"Deadlift (Barbell)",3,83.91,6.0,0,0.0,,,
2024-02-27 15:32:12,"Morning Workout",3h 27m,"Bench Press (Barbell)",W,20.41,8.0,0,0.0,"","",
2024-02-27 15:32:12,"Morning Workout",3h 27m,"Bench Press (Barbell)",1,61.23,8.0,0,0.0,,,
2024-02-27 15:32:12,"Morning Workout",3h 27m,"Bench Press (Barbell)",2,83.91,5.0,0,0.0,,,
2024-02-27 15:32:12,"Morning Workout",3h 27m,"Bench Press (Barbell)",3,83.91,5.0,0,0.0,,,
2024-02-27 15:32:12,"Morning Workout",3h 27m,"Bench Press (Barbell)",4,83.91,3.0,0,0.0,,,
2024-02-27 15:32:12,"Morning Workout",3h 27m,"Bench Press (Barbell)",D,61.23,5.0,0,0.0,,,
2024-02-27 15:32:12,"Morning Workout",3h 27m,"Chest Fly (Band)",1,120.0,8.0,0,0.0,"",,
2024-02-27 15:32:12,"Morning Workout",3h 27m,"Chest Fly (Band)",2,140.0,8.0,0,0.0,,,
2024-02-27 15:32:12,"Morning Workout",3h 27m,"Chest Fly (Band)",3,140.0,8.0,0,0.0,,,
2024-02-27 15:32:12,"Morning Workout",3h 27m,"Triceps Pushdown (Cable - Straight Bar)",1,31.75,8.0,0,0.0,"",,
2024-02-27 15:32:12,"Morning Workout",3h 27m,"Triceps Pushdown (Cable - Straight Bar)",2,45.36,8.0,0,0.0,,,
2024-02-27 15:32:12,"Morning Workout",3h 27m,"Triceps Pushdown (Cable - Straight Bar)",3,54.43,8.0,0,0.0,,,
2024-02-28 13:51:31,"Early Morning Workout",40m,"Lat Pulldown (Cable)",W,80.0,8.0,0,0.0,"","",
2024-02-28 13:51:31,"Early Morning Workout",40m,"Lat Pulldown (Cable)",1,100.0,8.0,0,0.0,,,
2024-02-28 13:51:31,"Early Morning Workout",40m,"Lat Pulldown (Cable)",2,110.0,8.0,0,0.0,,,
2024-02-28 13:51:31,"Early Morning Workout",40m,"Lat Pulldown (Cable)",3,120.0,8.0,0,0.0,,,
2024-02-28 13:51:31,"Early Morning Workout",40m,"Pull Up",1,0,5.0,0,0.0,"",,
2024-02-28 13:51:31,"Early Morning Workout",40m,"Pull Up",2,0,5.0,0,0.0,,,
2024-02-28 13:51:31,"Early Morning Workout",40m,"Pull Up",3,0,6.0,0,0.0,,,
2024-02-28 13:51:31,"Early Morning Workout",40m,"Bent Over Row (Barbell)",1,95.0,4.0,0,0.0,"",,
2024-02-28 13:51:31,"Early Morning Workout",40m,"Bent Over Row (Barbell)",2,95.0,6.0,0,0.0,,,
2024-02-28 13:51:31,"Early Morning Workout",40m,"Bent Over Row (Barbell)",3,95.0,6.0,0,0.0,,,
2024-02-28 13:51:31,"Early Morning Workout",40m,"Preacher Curl (Barbell)",W,9.07,10.0,0,0.0,"",,
2024-02-28 13:51:31,"Early Morning Workout",40m,"Preacher Curl (Barbell)",1,22.68,4.0,0,0.0,,,
2024-02-28 13:51:31,"Early Morning Workout",40m,"Preacher Curl (Barbell)",2,22.68,2.0,0,0.0,,,
2024-02-28 13:51:31,"Early Morning Workout",40m,"Preacher Curl (Barbell)",3,13.61,8.0,0,0.0,,,
2024-03-01 02:19:31,"Evening Workout",53m,"Bench Press (Barbell)",W,20.41,8.0,0,0.0,"","",
2024-03-01 02:19:31,"Evening Workout",53m,"Bench Press (Barbell)",1,61.23,8.0,0,0.0,,,
2024-03-01 02:19:31,"Evening Workout",53m,"Bench Press (Barbell)",2,83.91,4.0,0,0.0,,,
2024-03-01 02:19:31,"Evening Workout",53m,"Bench Press (Barbell)",3,83.91,3.0,0,0.0,,,
2024-03-01 02:19:31,"Evening Workout",53m,"Squat (Barbell)",W,20.41,8.0,0,0.0,"Knee pain",,
2024-03-01 02:19:31,"Evening Workout",53m,"Squat (Barbell)",1,61.23,3.0,0,0.0,,,
2024-03-01 02:19:31,"Evening Workout",53m,"Squat (Barbell)",2,61.23,2.0,0,0.0,,,
2024-03-01 02:19:31,"Evening Workout",53m,"Squat (Barbell)",3,43.09,8.0,0,0.0,,,
2024-03-01 02:19:31,"Evening Workout",53m,"Squat (Barbell)",4,61.23,8.0,0,0.0,,,
2024-03-01 02:19:31,"Evening Workout",53m,"Squat (Barbell)",5,83.91,6.0,0,0.0,,,
2024-03-01 02:19:31,"Evening Workout",53m,"Squat (Barbell)",6,92.99,6.0,0,0.0,,,
2024-03-01 02:19:31,"Evening Workout",53m,"Squat (Barbell)",D,20.41,10.0,0,0.0,,,
2024-03-01 02:19:31,"Evening Workout",53m,"Leg Extension (Machine)",1,45.36,8.0,0,0.0,"",,
2024-03-01 02:19:31,"Evening Workout",53m,"Leg Extension (Machine)",2,45.36,8.0,0,0.0,,,
2024-03-01 02:19:31,"Evening Workout",53m,"Leg Extension (Machine)",3,54.43,8.0,0,0.0,,,
2024-03-02 02:33:30,"Evening Workout",51m,"Bench Press (Barbell)",W,20.41,8.0,0,0.0,"","",
2024-03-02 02:33:30,"Evening Workout",51m,"Bench Press (Barbell)",1,61.23,8.0,0,0.0,,,
2024-03-02 02:33:30,"Evening Workout",51m,"Bench Press (Barbell)",2,65.77,6.0,0,0.0,,,
2024-03-02 02:33:30,"Evening Workout",51m,"Bench Press (Barbell)",3,70.31,8.0,0,0.0,,,
2024-03-02 02:33:30,"Evening Workout",51m,"Bench Press (Barbell)",4,83.91,3.0,0,0.0,,,
2024-03-02 02:33:30,"Evening Workout",51m,"Bench Press (Barbell)",5,92.99,1.0,0,0.0,,,
2024-03-02 02:33:30,"Evening Workout",51m,"Bench Press (Barbell)",6,83.91,5.0,0,0.0,,,
2024-03-02 02:33:30,"Evening Workout",51m,"Bench Press (Barbell)",D,61.23,8.0,0,0.0,,,
2024-03-02 02:33:30,"Evening Workout",51m,"Skullcrusher (Dumbbell)",1,20.0,8.0,0,0.0,"",,
2024-03-02 02:33:30,"Evening Workout",51m,"Skullcrusher (Dumbbell)",2,25.0,8.0,0,0.0,,,
2024-03-02 02:33:30,"Evening Workout",51m,"Skullcrusher (Dumbbell)",3,25.0,8.0,0,0.0,,,
2024-03-02 23:49:57,"Afternoon Workout",34m,"Triceps Extension (Dumbbell)",1,24.95,8.0,0,0.0,"","",
2024-03-02 23:49:57,"Afternoon Workout",34m,"Triceps Extension (Dumbbell)",2,24.95,8.0,0,0.0,,,
2024-03-02 23:49:57,"Afternoon Workout",34m,"Triceps Extension (Dumbbell)",3,27.22,8.0,0,0.0,,,
2024-03-02 23:49:57,"Afternoon Workout",34m,"Triceps Extension (Dumbbell)",4,27.22,8.0,0,0.0,,,
2024-03-02 23:49:57,"Afternoon Workout",34m,"Push Up",1,0.0,10.0,0,0.0,"",,
2024-03-02 23:49:57,"Afternoon Workout",34m,"Push Up",2,0.0,10.0,0,0.0,,,
2024-03-02 23:49:57,"Afternoon Workout",34m,"Bench Press (Barbell)",W,20.41,8.0,0,0.0,"",,
2024-03-02 23:49:57,"Afternoon Workout",34m,"Bench Press (Barbell)",1,61.23,8.0,0,0.0,,,
2024-03-02 23:49:57,"Afternoon Workout",34m,"Bench Press (Barbell)",2,70.31,8.0,0,0.0,,,
2024-03-02 23:49:57,"Afternoon Workout",34m,"Bench Press (Barbell)",3,70.31,8.0,0,0.0,,,
2024-03-05 03:19:50,"Evening Workout",36m,"Bench Press (Barbell)",W,20.41,8.0,0,0.0,"","",
2024-03-05 03:19:50,"Evening Workout",36m,"Bench Press (Barbell)",1,61.23,8.0,0,0.0,,,
2024-03-05 03:19:50,"Evening Workout",36m,"Bench Press (Barbell)",2,83.91,5.0,0,0.0,,,
2024-03-05 03:19:50,"Evening Workout",36m,"Bench Press (Barbell)",3,83.91,4.0,0,0.0,,,
2024-03-05 03:19:50,"Evening Workout",36m,"Bench Press (Barbell)",4,83.91,4.0,0,0.0,,,
2024-03-05 03:19:50,"Evening Workout",36m,"Bench Press (Barbell)",D,61.23,8.0,0,0.0,,,
2024-03-05 03:19:50,"Evening Workout",36m,"Bench Press (Barbell)",D,20.41,8.0,0,0.0,,,
2024-03-05 03:19:50,"Evening Workout",36m,"Bench Dip",1,0.0,10.0,0,0.0,"",,
2024-03-05 03:19:50,"Evening Workout",36m,"Bench Dip",2,0.0,10.0,0,0.0,,,
2024-03-05 03:19:50,"Evening Workout",36m,"Bench Dip",3,0.0,10.0,0,0.0,,,
2024-03-05 03:19:50,"Evening Workout",36m,"Bench Dip",4,0.0,10.0,0,0.0,,,
2024-03-05 03:19:50,"Evening Workout",36m,"Preacher Curl (Barbell)",W,0.0,8.0,0,0.0,"",,
2024-03-05 03:19:50,"Evening Workout",36m,"Preacher Curl (Barbell)",1,9.07,8.0,0,0.0,,,
2024-03-05 03:19:50,"Evening Workout",36m,"Preacher Curl (Barbell)",2,9.07,8.0,0,0.0,,,
2024-03-05 03:19:50,"Evening Workout",36m,"Preacher Curl (Barbell)",3,13.61,6.0,0,0.0,,,
2024-03-05 03:19:50,"Evening Workout",36m,"Skullcrusher (Barbell)",1,0.0,8.0,0,0.0,"",,
2024-03-05 03:19:50,"Evening Workout",36m,"Skullcrusher (Barbell)",2,20.0,8.0,0,0.0,,,
2024-03-05 03:19:50,"Evening Workout",36m,"Skullcrusher (Barbell)",3,30.0,8.0,0,0.0,,,
2024-03-05 15:04:02,"Morning Workout",31m,"Seated Row (Cable)",W,45.36,8.0,0,0.0,"","",
2024-03-05 15:04:02,"Morning Workout",31m,"Seated Row (Cable)",1,54.43,8.0,0,0.0,,,
2024-03-05 15:04:02,"Morning Workout",31m,"Seated Row (Cable)",2,63.5,8.0,0,0.0,,,
2024-03-05 15:04:02,"Morning Workout",31m,"Reverse Fly (Machine)",1,80.0,8.0,0,0.0,"",,
2024-03-05 15:04:02,"Morning Workout",31m,"Reverse Fly (Machine)",2,100.0,8.0,0,0.0,,,
2024-03-05 15:04:02,"Morning Workout",31m,"Reverse Fly (Machine)",3,120.0,8.0,0,0.0,,,
2024-03-09 02:33:48,"Evening Workout",39m,"Squat (Barbell)",W,20.41,8.0,0,0.0,"","",
2024-03-09 02:33:48,"Evening Workout",39m,"Squat (Barbell)",W,20.41,8.0,0,0.0,,,
2024-03-09 02:33:48,"Evening Workout",39m,"Squat (Barbell)",W,20.41,8.0,0,0.0,,,
2024-03-09 02:33:48,"Evening Workout",39m,"Squat (Barbell)",1,61.23,8.0,0,0.0,,,
2024-03-09 02:33:48,"Evening Workout",39m,"Squat (Barbell)",2,83.91,5.0,0,0.0,,,
2024-03-09 02:33:48,"Evening Workout",39m,"Squat (Barbell)",3,83.91,6.0,0,0.0,,,
2024-03-09 02:33:48,"Evening Workout",39m,"Squat (Barbell)",4,83.91,6.0,0,0.0,,,
2024-03-09 02:33:48,"Evening Workout",39m,"Deadlift (Barbell)",1,52.16,8.0,0,0.0,"",,
2024-03-09 02:33:48,"Evening Workout",39m,"Deadlift (Barbell)",2,61.23,8.0,0,0.0,,,
2024-03-09 02:33:48,"Evening Workout",39m,"Deadlift (Barbell)",3,74.84,8.0,0,0.0,,,
2024-03-15 01:28:37,"Evening Workout",1h 5m,"Bench Press (Barbell)",W,20.41,8.0,0,0.0,"","",
2024-03-15 01:28:37,"Evening Workout",1h 5m,"Bench Press (Barbell)",1,61.23,8.0,0,0.0,,,
2024-03-15 01:28:37,"Evening Workout",1h 5m,"Bench Press (Barbell)",2,70.31,8.0,0,0.0,,,
2024-03-15 01:28:37,"Evening Workout",1h 5m,"Bench Press (Barbell)",3,83.91,6.0,0,0.0,,,
2024-03-15 01:28:37,"Evening Workout",1h 5m,"Bench Press (Barbell)",4,83.91,7.0,0,0.0,,,
2024-03-15 01:28:37,"Evening Workout",1h 5m,"Bench Press (Barbell)",5,92.99,2.0,0,0.0,,,
2024-03-15 01:28:37,"Evening Workout",1h 5m,"Bench Press (Barbell)",6,61.23,8.0,0,0.0,,,
2024-03-15 01:28:37,"Evening Workout",1h 5m,"Bench Press (Barbell)",D,20.41,8.0,0,0.0,,,
2024-03-15 01:28:37,"Evening Workout",1h 5m,"Chest Fly",1,54.43,8.0,0,0.0,"",,
2024-03-15 01:28:37,"Evening Workout",1h 5m,"Chest Fly",2,68.04,6.0,0,0.0,,,
2024-03-15 01:28:37,"Evening Workout",1h 5m,"Chest Fly",3,68.04,8.0,0,0.0,,,
2024-03-15 01:28:37,"Evening Workout",1h 5m,"Incline Bench Press (Dumbbell)",1,36.29,8.0,0,0.0,"",,
2024-03-15 01:28:37,"Evening Workout",1h 5m,"Incline Bench Press (Dumbbell)",2,45.36,8.0,0,0.0,,,
2024-03-15 01:28:37,"Evening Workout",1h 5m,"Incline Bench Press (Dumbbell)",3,54.43,6.0,0,0.0,,,
2024-03-15 01:28:37,"Evening Workout",1h 5m,"Tricep kickback (dumbbell)",1,13.61,8.0,0,0.0,"",,
2024-03-15 01:28:37,"Evening Workout",1h 5m,"Tricep kickback (dumbbell)",2,13.61,8.0,0,0.0,,,
2024-03-15 01:28:37,"Evening Workout",1h 5m,"Tricep kickback (dumbbell)",3,13.61,10.0,0,0.0,,,
2024-03-16 01:45:10,"Evening Workout",57m,"Squat (Barbell)",W,20.41,8.0,0,0.0,"","",
2024-03-16 01:45:10,"Evening Workout",57m,"Squat (Barbell)",W,20.41,8.0,0,0.0,,,
2024-03-16 01:45:10,"Evening Workout",57m,"Squat (Barbell)",W,20.41,8.0,0,0.0,,,
2024-03-16 01:45:10,"Evening Workout",57m,"Squat (Barbell)",1,61.23,8.0,0,0.0,,,
2024-03-16 01:45:10,"Evening Workout",57m,"Squat (Barbell)",2,61.23,8.0,0,0.0,,,
2024-03-16 01:45:10,"Evening Workout",57m,"Squat (Barbell)",3,83.91,5.0,0,0.0,,,
2024-03-16 01:45:10,"Evening Workout",57m,"Squat (Barbell)",4,92.99,1.0,0,0.0,,,
2024-03-16 01:45:10,"Evening Workout",57m,"Squat (Barbell)",5,61.23,8.0,0,0.0,,,
2024-03-16 01:45:10,"Evening Workout",57m,"Lying Leg Curl (Machine)",1,36.29,8.0,0,0.0,"",,
2024-03-16 01:45:10,"Evening Workout",57m,"Lying Leg Curl (Machine)",2,40.82,6.0,0,0.0,,,
2024-03-16 01:45:10,"Evening Workout",57m,"Lying Leg Curl (Machine)",3,36.29,8.0,0,0.0,,,
2024-03-16 01:45:10,"Evening Workout",57m,"Lying Leg Curl (Machine)",4,36.29,8.0,0,0.0,,,
2024-03-16 01:45:10,"Evening Workout",57m,"Leg Extension (Machine)",1,45.36,8.0,0,0.0,"",,
2024-03-16 01:45:10,"Evening Workout",57m,"Leg Extension (Machine)",2,36.29,8.0,0,0.0,,,
2024-03-16 01:45:10,"Evening Workout",57m,"Leg Extension (Machine)",3,27.22,8.0,0,0.0,,,
2024-03-22 02:34:39,"Evening Workout",51m,"Bench Press (Barbell)",W,20.41,8.0,0,0.0,"","",
2024-03-22 02:34:39,"Evening Workout",51m,"Bench Press (Barbell)",1,61.23,8.0,0,0.0,,,
2024-03-22 02:34:39,"Evening Workout",51m,"Bench Press (Barbell)",2,70.31,8.0,0,0.0,,,
2024-03-22 02:34:39,"Evening Workout",51m,"Bench Press (Barbell)",3,83.91,5.0,0,0.0,,,
2024-03-22 02:34:39,"Evening Workout",51m,"Bench Press (Barbell)",4,92.99,1.0,0,0.0,,,
2024-03-22 02:34:39,"Evening Workout",51m,"Bench Press (Barbell)",5,83.91,4.0,0,0.0,,,
2024-03-22 02:34:39,"Evening Workout",51m,"Bench Press (Barbell)",6,61.23,8.0,0,0.0,,,
2024-03-22 02:34:39,"Evening Workout",51m,"Chest Fly",1,58.97,8.0,0,0.0,"",,
2024-03-22 02:34:39,"Evening Workout",51m,"Chest Fly",2,68.04,8.0,0,0.0,,,
2024-03-22 02:34:39,"Evening Workout",51m,"Chest Fly",3,68.04,8.0,0,0.0,,,
2024-03-22 02:34:39,"Evening Workout",51m,"Incline Bench Press (Dumbbell)",1,45.36,8.0,0,0.0,"",,
2024-03-22 02:34:39,"Evening Workout",51m,"Incline Bench Press (Dumbbell)",2,45.36,8.0,0,0.0,,,
2024-03-22 02:34:39,"Evening Workout",51m,"Incline Bench Press (Dumbbell)",3,54.43,5.0,0,0.0,,,
2024-04-11 00:54:46,"Evening Workout",48m,"Triceps Pushdown (Cable - Straight Bar)",W,31.75,8.0,0,0.0,"","",
2024-04-11 00:54:46,"Evening Workout",48m,"Triceps Pushdown (Cable - Straight Bar)",1,45.36,8.0,0,0.0,,,
2024-04-11 00:54:46,"Evening Workout",48m,"Triceps Pushdown (Cable - Straight Bar)",2,54.43,8.0,0,0.0,,,
2024-04-11 00:54:46,"Evening Workout",48m,"Triceps Pushdown (Cable - Straight Bar)",3,58.97,7.0,0,0.0,,,
2024-04-11 00:54:46,"Evening Workout",48m,"Triceps Pushdown (Cable - Straight Bar)",4,58.97,8.0,0,0.0,,,
2024-04-11 00:54:46,"Evening Workout",48m,"Bench Press (Barbell)",W,20.41,8.0,0,0.0,"",,
2024-04-11 00:54:46,"Evening Workout",48m,"Bench Press (Barbell)",1,61.23,8.0,0,0.0,,,
2024-04-11 00:54:46,"Evening Workout",48m,"Bench Press (Barbell)",2,70.31,8.0,0,0.0,,,
2024-04-11 00:54:46,"Evening Workout",48m,"Bench Press (Barbell)",3,70.31,5.0,0,0.0,,,
2024-04-11 00:54:46,"Evening Workout",48m,"Bench Press (Barbell)",4,70.31,5.0,0,0.0,,,
2024-04-11 00:54:46,"Evening Workout",48m,"Bench Press (Barbell)",5,70.31,5.0,0,0.0,,,
2024-04-11 00:54:46,"Evening Workout",48m,"Bench Press (Barbell)",D,61.23,6.0,0,0.0,,,
2024-04-11 00:54:46,"Evening Workout",48m,"Incline Bench Press (Dumbbell)",1,40.82,8.0,0,0.0,"",,
2024-04-11 00:54:46,"Evening Workout",48m,"Incline Bench Press (Dumbbell)",2,40.82,8.0,0,0.0,,,
2024-04-11 00:54:46,"Evening Workout",48m,"Incline Bench Press (Dumbbell)",3,40.82,4.0,0,0.0,,,
2024-04-11 00:54:46,"Evening Workout",48m,"Incline Bench Press (Dumbbell)",4,36.29,4.0,0,0.0,,,
2024-04-12 02:35:42,"Evening Workout",55m,"Squat (Barbell)",W,20.41,8.0,0,0.0,"","",
2024-04-12 02:35:42,"Evening Workout",55m,"Squat (Barbell)",W,20.41,8.0,0,0.0,,,
2024-04-12 02:35:42,"Evening Workout",55m,"Squat (Barbell)",1,61.23,8.0,0,0.0,,,
2024-04-12 02:35:42,"Evening Workout",55m,"Squat (Barbell)",2,61.23,8.0,0,0.0,,,
2024-04-12 02:35:42,"Evening Workout",55m,"Squat (Barbell)",3,83.91,5.0,0,0.0,,,
2024-04-12 02:35:42,"Evening Workout",55m,"Squat (Barbell)",4,83.91,5.0,0,0.0,,,
2024-04-12 02:35:42,"Evening Workout",55m,"Squat (Barbell)",5,83.91,6.0,0,0.0,,,
2024-04-12 02:35:42,"Evening Workout",55m,"Leg Press",1,45.36,8.0,0,0.0,"",,
2024-04-12 02:35:42,"Evening Workout",55m,"Leg Press",2,86.18,8.0,0,0.0,,,
2024-04-12 02:35:42,"Evening Workout",55m,"Leg Press",3,86.18,8.0,0,0.0,,,
2024-04-12 02:35:42,"Evening Workout",55m,"Leg Press",4,86.18,8.0,0,0.0,,,
2024-04-12 02:35:42,"Evening Workout",55m,"Leg Press",5,86.18,8.0,0,0.0,,,
2024-04-15 00:25:38,"Evening Workout",57m,"Bench Press (Dumbbell)",1,23.81,8.0,0,0.0,"","",
2024-04-15 00:25:38,"Evening Workout",57m,"Bench Press (Dumbbell)",2,29.48,8.0,0,0.0,,,
2024-04-15 00:25:38,"Evening Workout",57m,"Bench Press (Dumbbell)",3,29.48,7.0,0,0.0,,,
2024-04-15 00:25:38,"Evening Workout",57m,"Bench Press (Dumbbell)",4,29.48,5.0,0,0.0,,,
2024-04-15 00:25:38,"Evening Workout",57m,"Bench Press (Dumbbell)",D,22.68,4.0,0,0.0,,,
2024-04-15 00:25:38,"Evening Workout",57m,"Triceps Extension (Dumbbell)",1,23.81,8.0,0,0.0,"",,
2024-04-15 00:25:38,"Evening Workout",57m,"Triceps Extension (Dumbbell)",2,29.48,5.0,0,0.0,,,
2024-04-15 00:25:38,"Evening Workout",57m,"Triceps Extension (Dumbbell)",3,24.95,7.0,0,0.0,,,
2024-04-15 00:25:38,"Evening Workout",57m,"Triceps Extension (Dumbbell)",4,22.68,8.0,0,0.0,,,
2024-04-15 00:25:38,"Evening Workout",57m,"Incline Bench Press (Dumbbell)",1,36.29,8.0,0,0.0,"",,
2024-04-15 00:25:38,"Evening Workout",57m,"Incline Bench Press (Dumbbell)",2,40.82,8.0,0,0.0,,,
2024-04-15 00:25:38,"Evening Workout",57m,"Incline Bench Press (Dumbbell)",3,40.82,8.0,0,0.0,,,
2024-04-15 00:25:38,"Evening Workout",57m,"Tricep kickback (dumbbell)",1,11.34,10.0,0,0.0,"",,
2024-04-15 00:25:38,"Evening Workout",57m,"Tricep kickback (dumbbell)",2,12.47,10.0,0,0.0,,,
2024-04-15 00:25:38,"Evening Workout",57m,"Tricep kickback (dumbbell)",3,12.47,10.0,0,0.0,,,
2024-04-15 00:25:38,"Evening Workout",57m,"Chest Fly",1,54.43,8.0,0,0.0,"",,
2024-04-15 00:25:38,"Evening Workout",57m,"Chest Fly",2,63.5,8.0,0,0.0,,,
2024-04-15 00:25:38,"Evening Workout",57m,"Chest Fly",3,68.04,6.0,0,0.0,,,
2024-04-17 02:11:14,"Evening Workout",48m,"Squat (Barbell)",W,20.41,8.0,0,0.0,"","",
2024-04-17 02:11:14,"Evening Workout",48m,"Squat (Barbell)",1,61.23,8.0,0,0.0,,,
2024-04-17 02:11:14,"Evening Workout",48m,"Squat (Barbell)",2,83.91,8.0,0,0.0,,,
2024-04-17 02:11:14,"Evening Workout",48m,"Squat (Barbell)",3,102.06,3.0,0,0.0,,,
2024-04-17 02:11:14,"Evening Workout",48m,"Squat (Barbell)",4,92.99,8.0,0,0.0,,,
2024-04-17 02:11:14,"Evening Workout",48m,"Squat (Barbell)",5,92.99,5.0,0,0.0,,,
2024-04-17 02:11:14,"Evening Workout",48m,"Leg Press",1,86.18,8.0,0,0.0,"",,
2024-04-17 02:11:14,"Evening Workout",48m,"Leg Press",2,127.01,8.0,0,0.0,,,
2024-04-17 02:11:14,"Evening Workout",48m,"Leg Press",3,127.01,8.0,0,0.0,,,
2024-04-17 02:11:14,"Evening Workout",48m,"Leg Press",4,127.01,4.0,0,0.0,,,
2024-04-17 02:11:14,"Evening Workout",48m,"Leg Press",5,127.01,8.0,0,0.0,,,
2024-04-17 02:11:14,"Evening Workout",48m,"Leg Extension (Machine)",1,45.36,8.0,0,0.0,"",,
2024-04-17 02:11:14,"Evening Workout",48m,"Leg Extension (Machine)",2,54.43,6.0,0,0.0,,,
2024-04-17 02:11:14,"Evening Workout",48m,"Leg Extension (Machine)",3,45.36,8.0,0,0.0,,,
2024-04-30 01:29:51,"Evening Workout",49m,"Bench Press (Barbell)",W,20.41,10.0,0,0.0,"","",
2024-04-30 01:29:51,"Evening Workout",49m,"Bench Press (Barbell)",1,61.23,8.0,0,0.0,,,
2024-04-30 01:29:51,"Evening Workout",49m,"Bench Press (Barbell)",2,70.31,8.0,0,0.0,,,
2024-04-30 01:29:51,"Evening Workout",49m,"Bench Press (Barbell)",3,79.38,5.0,0,0.0,,,
2024-04-30 01:29:51,"Evening Workout",49m,"Bench Press (Barbell)",4,79.38,5.0,0,0.0,,,
2024-04-30 01:29:51,"Evening Workout",49m,"Bench Press (Barbell)",5,79.38,6.0,0,0.0,,,
2024-04-30 01:29:51,"Evening Workout",49m,"Bench Press (Barbell)",6,61.23,4.0,0,0.0,,,
2024-04-30 01:29:51,"Evening Workout",49m,"Bench Dip",1,0.0,10.0,0,0.0,"",,
2024-04-30 01:29:51,"Evening Workout",49m,"Bench Dip",2,0.0,10.0,0,0.0,,,
2024-04-30 01:29:51,"Evening Workout",49m,"Bench Dip",3,0.0,10.0,0,0.0,,,
2024-04-30 01:29:51,"Evening Workout",49m,"Bench Dip",4,0.0,10.0,0,0.0,,,
2024-04-30 01:29:51,"Evening Workout",49m,"Triceps Extension (Dumbbell)",1,24.95,8.0,0,0.0,"",,
2024-04-30 01:29:51,"Evening Workout",49m,"Triceps Extension (Dumbbell)",2,24.95,6.0,0,0.0,,,
2024-04-30 01:29:51,"Evening Workout",49m,"Triceps Extension (Dumbbell)",3,24.95,7.0,0,0.0,,,
2024-04-30 01:29:51,"Evening Workout",49m,"Incline Bench Press (Dumbbell)",1,40.82,8.0,0,0.0,"",,
2024-04-30 01:29:51,"Evening Workout",49m,"Incline Bench Press (Dumbbell)",2,40.82,8.0,0,0.0,,,
2024-04-30 01:29:51,"Evening Workout",49m,"Incline Bench Press (Dumbbell)",3,40.82,3.0,0,0.0,,,
2024-04-30 01:29:51,"Evening Workout",49m,"Incline Bench Press (Dumbbell)",4,27.22,3.0,0,0.0,,,
2024-05-02 01:53:38,"Evening Workout",53m,"Squat (Barbell)",W,20.41,8.0,0,0.0,"","",
2024-05-02 01:53:38,"Evening Workout",53m,"Squat (Barbell)",1,61.23,8.0,0,0.0,,,
2024-05-02 01:53:38,"Evening Workout",53m,"Squat (Barbell)",2,92.99,5.0,0,0.0,,,
2024-05-02 01:53:38,"Evening Workout",53m,"Squat (Barbell)",3,102.06,5.0,0,0.0,,,
2024-05-02 01:53:38,"Evening Workout",53m,"Squat (Barbell)",4,83.91,8.0,0,0.0,,,
2024-05-02 01:53:38,"Evening Workout",53m,"Squat (Barbell)",5,83.91,8.0,0,0.0,,,
2024-05-02 01:53:38,"Evening Workout",53m,"Deadlift (Barbell)",1,61.23,8.0,0,0.0,"",,
2024-05-02 01:53:38,"Evening Workout",53m,"Deadlift (Barbell)",2,92.99,8.0,0,0.0,,,
2024-05-02 01:53:38,"Evening Workout",53m,"Deadlift (Barbell)",3,92.99,8.0,0,0.0,,,
2024-05-02 01:53:38,"Evening Workout",53m,"Leg Press",1,86.18,8.0,0,0.0,"",,
2024-05-02 01:53:38,"Evening Workout",53m,"Leg Press",2,127.01,6.0,0,0.0,,,
2024-05-02 01:53:38,"Evening Workout",53m,"Leg Press",3,127.01,8.0,0,0.0,,,
2024-05-03 01:59:10,"Evening Workout",39m,"Preacher Curl (Barbell)",W,0.0,8.0,0,0.0,"","",
2024-05-03 01:59:10,"Evening Workout",39m,"Preacher Curl (Barbell)",1,9.07,8.0,0,0.0,,,
2024-05-03 01:59:10,"Evening Workout",39m,"Preacher Curl (Barbell)",2,11.34,8.0,0,0.0,,,
2024-05-03 01:59:10,"Evening Workout",39m,"Preacher Curl (Barbell)",3,13.61,8.0,0,0.0,,,
2024-05-03 01:59:10,"Evening Workout",39m,"Preacher Curl (Barbell)",4,13.61,8.0,0,0.0,,,
2024-05-03 01:59:10,"Evening Workout",39m,"Lat Pulldown (Cable)",1,100.0,8.0,0,0.0,"",,
2024-05-03 01:59:10,"Evening Workout",39m,"Lat Pulldown (Cable)",2,120.0,6.0,0,0.0,,,
2024-05-03 01:59:10,"Evening Workout",39m,"Lat Pulldown (Cable)",3,120.0,8.0,0,0.0,,,
2024-05-03 01:59:10,"Evening Workout",39m,"Pull Up",1,0,2.0,0,0.0,"",,
2024-05-03 01:59:10,"Evening Workout",39m,"Pull Up",2,0,3.0,0,0.0,,,
2024-05-03 01:59:10,"Evening Workout",39m,"Reverse Fly (Machine)",1,100.0,8.0,0,0.0,"",,
2024-05-03 01:59:10,"Evening Workout",39m,"Reverse Fly (Machine)",2,120.0,6.0,0,0.0,,,
2024-05-03 01:59:10,"Evening Workout",39m,"Reverse Fly (Machine)",3,120.0,6.0,0,0.0,,,
2024-05-04 01:52:10,"Evening Workout",35m,"Bench Press (Barbell)",W,20.41,8.0,0,0.0,"","",
2024-05-04 01:52:10,"Evening Workout",35m,"Bench Press (Barbell)",1,61.23,6.0,0,0.0,,,
2024-05-04 01:52:10,"Evening Workout",35m,"Bench Press (Barbell)",2,65.77,6.0,0,0.0,,,
2024-05-04 01:52:10,"Evening Workout",35m,"Bench Press (Barbell)",3,65.77,5.0,0,0.0,,,
2024-05-04 01:52:10,"Evening Workout",35m,"Bench Press (Barbell)",4,70.31,5.0,0,0.0,,,
2024-05-04 01:52:10,"Evening Workout",35m,"Bench Press (Barbell)",5,79.38,5.0,0,0.0,,,
2024-05-04 01:52:10,"Evening Workout",35m,"Bent Over One Arm Row (Dumbbell)",1,22.68,8.0,0,0.0,"",,
2024-05-04 01:52:10,"Evening Workout",35m,"Bent Over One Arm Row (Dumbbell)",2,22.68,8.0,0,0.0,,,
2024-05-04 01:52:10,"Evening Workout",35m,"Bent Over One Arm Row (Dumbbell)",3,22.68,8.0,0,0.0,,,
2024-05-04 01:52:10,"Evening Workout",35m,"Leg Extension (Machine)",1,45.36,8.0,0,0.0,"",,
2024-05-04 01:52:10,"Evening Workout",35m,"Leg Extension (Machine)",2,54.43,8.0,0,0.0,,,
2024-05-04 01:52:10,"Evening Workout",35m,"Leg Extension (Machine)",3,63.5,8.0,0,0.0,,,
2024-05-07 01:11:27,"Evening Workout",58m,"Bench Press (Dumbbell)",W,20.41,8.0,0,0.0,"","",
2024-05-07 01:11:27,"Evening Workout",58m,"Bench Press (Dumbbell)",1,29.48,8.0,0,0.0,,,
2024-05-07 01:11:27,"Evening Workout",58m,"Bench Press (Dumbbell)",2,31.75,8.0,0,0.0,,,
2024-05-07 01:11:27,"Evening Workout",58m,"Bench Press (Dumbbell)",3,31.75,6.0,0,0.0,,,
2024-05-07 01:11:27,"Evening Workout",58m,"Triceps Extension (Dumbbell)",1,20.41,10.0,0,0.0,"",,
2024-05-07 01:11:27,"Evening Workout",58m,"Triceps Extension (Dumbbell)",2,20.41,10.0,0,0.0,,,
2024-05-07 01:11:27,"Evening Workout",58m,"Triceps Extension (Dumbbell)",3,20.41,8.0,0,0.0,,,
2024-05-07 01:11:27,"Evening Workout",58m,"Triceps Extension (Dumbbell)",4,20.41,6.0,0,0.0,,,
2024-05-07 01:11:27,"Evening Workout",58m,"Incline Bench Press (Dumbbell)",1,45.36,8.0,0,0.0,"",,
2024-05-07 01:11:27,"Evening Workout",58m,"Incline Bench Press (Dumbbell)",2,45.36,8.0,0,0.0,,,
2024-05-07 01:11:27,"Evening Workout",58m,"Incline Bench Press (Dumbbell)",3,45.36,8.0,0,0.0,,,
2024-05-07 01:11:27,"Evening Workout",58m,"Tricep kickback (dumbbell)",1,13.61,10.0,0,0.0,"",,
2024-05-07 01:11:27,"Evening Workout",58m,"Tricep kickback (dumbbell)",2,13.61,10.0,0,0.0,,,
2024-05-07 01:11:27,"Evening Workout",58m,"Tricep kickback (dumbbell)",3,13.61,10.0,0,0.0,,,
2024-05-07 01:11:27,"Evening Workout",58m,"Chest Fly",1,63.5,8.0,0,0.0,"",,
2024-05-07 01:11:27,"Evening Workout",58m,"Chest Fly",2,68.04,8.0,0,0.0,,,
2024-05-07 01:11:27,"Evening Workout",58m,"Chest Fly",3,72.57,6.0,0,0.0,,,
2024-05-10 01:43:44,"Evening Workout",50m,"Seated Row (Cable)",W,45.36,8.0,0,0.0,"","",
2024-05-10 01:43:44,"Evening Workout",50m,"Seated Row (Cable)",1,54.43,8.0,0,0.0,,,
2024-05-10 01:43:44,"Evening Workout",50m,"Seated Row (Cable)",2,68.04,6.0,0,0.0,,,
2024-05-10 01:43:44,"Evening Workout",50m,"Seated Row (Cable)",3,68.04,8.0,0,0.0,,,
2024-05-10 01:43:44,"Evening Workout",50m,"Preacher Curl (Barbell)",W,0.0,8.0,0,0.0,"",,
2024-05-10 01:43:44,"Evening Workout",50m,"Preacher Curl (Barbell)",1,13.61,8.0,0,0.0,,,
2024-05-10 01:43:44,"Evening Workout",50m,"Preacher Curl (Barbell)",2,13.61,8.0,0,0.0,,,
2024-05-10 01:43:44,"Evening Workout",50m,"Preacher Curl (Barbell)",3,13.61,8.0,0,0.0,,,
2024-05-10 01:43:44,"Evening Workout",50m,"Pull Up",1,0,3.0,0,0.0,"",,
2024-05-10 01:43:44,"Evening Workout",50m,"Pull Up",2,0,3.0,0,0.0,,,
2024-05-10 01:43:44,"Evening Workout",50m,"Pull Up",3,0,2.0,0,0.0,,,
2024-05-10 01:43:44,"Evening Workout",50m,"Bench Press (Barbell)",W,20.41,8.0,0,0.0,"",,
2024-05-10 01:43:44,"Evening Workout",50m,"Bench Press (Barbell)",1,61.23,8.0,0,0.0,,,
2024-05-10 01:43:44,"Evening Workout",50m,"Bench Press (Barbell)",2,70.31,8.0,0,0.0,,,
2024-05-10 01:43:44,"Evening Workout",50m,"Bench Press (Barbell)",3,79.38,6.0,0,0.0,,,
2024-05-15 16:30:25,"Morning Workout",1h 17m,"Triceps Extension (Dumbbell)",1,22.68,8.0,0,0.0,"","",
2024-05-15 16:30:25,"Morning Workout",1h 17m,"Triceps Extension (Dumbbell)",2,22.68,8.0,0,0.0,,,
2024-05-15 16:30:25,"Morning Workout",1h 17m,"Triceps Extension (Dumbbell)",3,27.22,8.0,0,0.0,,,
2024-05-15 16:30:25,"Morning Workout",1h 17m,"Triceps Extension (Dumbbell)",4,27.22,8.0,0,0.0,,,
2024-05-15 16:30:25,"Morning Workout",1h 17m,"Preacher Curl (Barbell)",W,0.0,8.0,0,0.0,"",,
2024-05-15 16:30:25,"Morning Workout",1h 17m,"Preacher Curl (Barbell)",1,9.07,8.0,0,0.0,,,
2024-05-15 16:30:25,"Morning Workout",1h 17m,"Preacher Curl (Barbell)",2,18.14,8.0,0,0.0,,,
2024-05-15 16:30:25,"Morning Workout",1h 17m,"Preacher Curl (Barbell)",3,18.14,5.0,0,0.0,,,
2024-05-15 16:30:25,"Morning Workout",1h 17m,"Bench Press (Barbell)",W,20.41,8.0,0,0.0,"",,
2024-05-15 16:30:25,"Morning Workout",1h 17m,"Bench Press (Barbell)",1,61.23,8.0,0,0.0,,,
2024-05-15 16:30:25,"Morning Workout",1h 17m,"Bench Press (Barbell)",2,83.91,2.0,0,0.0,,,
2024-05-15 16:30:25,"Morning Workout",1h 17m,"Bench Press (Barbell)",3,70.31,8.0,0,0.0,,,
2024-05-15 16:30:25,"Morning Workout",1h 17m,"Bench Press (Barbell)",4,70.31,8.0,0,0.0,,,
2024-05-15 16:30:25,"Morning Workout",1h 17m,"Bench Press (Barbell)",D,61.23,5.0,0,0.0,,,
2024-05-21 22:43:59,"Afternoon Workout",54m,"Squat (Barbell)",W,20.41,8.0,0,0.0,"","",
2024-05-21 22:43:59,"Afternoon Workout",54m,"Squat (Barbell)",1,61.23,8.0,0,0.0,,,
2024-05-21 22:43:59,"Afternoon Workout",54m,"Squat (Barbell)",2,83.91,6.0,0,0.0,,,
2024-05-21 22:43:59,"Afternoon Workout",54m,"Squat (Barbell)",3,83.91,6.0,0,0.0,,,
2024-05-21 22:43:59,"Afternoon Workout",54m,"Squat (Barbell)",4,83.91,6.0,0,0.0,,,
2024-05-21 22:43:59,"Afternoon Workout",54m,"Squat (Barbell)",D,61.23,8.0,0,0.0,,,
2024-05-21 22:43:59,"Afternoon Workout",54m,"Seated Leg Press (Machine)",1,220.0,10.0,0,0.0,"",,
2024-05-21 22:43:59,"Afternoon Workout",54m,"Seated Leg Press (Machine)",2,260.0,10.0,0,0.0,,,
2024-05-21 22:43:59,"Afternoon Workout",54m,"Seated Leg Press (Machine)",3,260.0,8.0,0,0.0,,,
2024-05-21 22:43:59,"Afternoon Workout",54m,"Seated Leg Press (Machine)",4,260.0,8.0,0,0.0,,,
2024-05-21 22:43:59,"Afternoon Workout",54m,"Leg Extension (Machine)",1,45.36,8.0,0,0.0,"",,
2024-05-21 22:43:59,"Afternoon Workout",54m,"Leg Extension (Machine)",2,54.43,8.0,0,0.0,,,
2024-05-21 22:43:59,"Afternoon Workout",54m,"Leg Extension (Machine)",3,68.04,8.0,0,0.0,,,
2024-05-21 22:43:59,"Afternoon Workout",54m,"Leg Extension (Machine)",4,77.11,8.0,0,0.0,,,
2024-05-21 22:43:59,"Afternoon Workout",54m,"Leg Extension (Machine)",5,77.11,8.0,0,0.0,,,
2024-06-05 13:33:36,"Early Morning Workout",49m,"Bench Press (Barbell)",W,20.41,8.0,0,0.0,"","",
2024-06-05 13:33:36,"Early Morning Workout",49m,"Bench Press (Barbell)",1,61.23,8.0,0,0.0,,,
2024-06-05 13:33:36,"Early Morning Workout",49m,"Bench Press (Barbell)",2,61.23,8.0,0,0.0,,,
2024-06-05 13:33:36,"Early Morning Workout",49m,"Bench Press (Barbell)",3,70.31,8.0,0,0.0,,,
2024-06-05 13:33:36,"Early Morning Workout",49m,"Bench Press (Barbell)",4,70.31,6.0,0,0.0,,,
2024-06-05 13:33:36,"Early Morning Workout",49m,"Bench Press (Barbell)",5,70.31,6.0,0,0.0,,,
2024-06-05 13:33:36,"Early Morning Workout",49m,"Chest Fly (Band)",1,120.0,8.0,0,0.0,"",,
2024-06-05 13:33:36,"Early Morning Workout",49m,"Chest Fly (Band)",2,120.0,6.0,0,0.0,,,
2024-06-05 13:33:36,"Early Morning Workout",49m,"Chest Fly (Band)",3,120.0,7.0,0,0.0,,,
2024-06-05 13:33:36,"Early Morning Workout",49m,"Incline Bench Press (Barbell)",W,45.0,8.0,0,0.0,"",,
2024-06-05 13:33:36,"Early Morning Workout",49m,"Incline Bench Press (Barbell)",1,65.0,8.0,0,0.0,,,
2024-06-05 13:33:36,"Early Morning Workout",49m,"Incline Bench Press (Barbell)",2,65.0,8.0,0,0.0,,,
2024-06-05 13:33:36,"Early Morning Workout",49m,"Incline Bench Press (Barbell)",3,65.0,8.0,0,0.0,,,
2024-06-06 14:15:38,"Morning Workout",39m,"Squat (Smith Machine)",W,0.0,8.0,0,0.0,"","",
2024-06-06 14:15:38,"Morning Workout",39m,"Squat (Smith Machine)",1,90.0,8.0,0,0.0,,,
2024-06-06 14:15:38,"Morning Workout",39m,"Squat (Smith Machine)",2,90.0,8.0,0,0.0,,,
2024-06-06 14:15:38,"Morning Workout",39m,"Squat (Smith Machine)",3,90.0,8.0,0,0.0,,,
2024-06-06 14:15:38,"Morning Workout",39m,"Squat (Smith Machine)",4,140.0,8.0,0,0.0,,,
2024-06-06 14:15:38,"Morning Workout",39m,"Rowing (Machine)",1,0,0.0,0,300.0,"",,
2024-06-06 14:15:38,"Morning Workout",39m,"Leg Extension (Machine)",1,34.93,8.0,0,0.0,"",,
2024-06-06 14:15:38,"Morning Workout",39m,"Leg Extension (Machine)",2,44.91,8.0,0,0.0,,,
2024-06-06 14:15:38,"Morning Workout",39m,"Leg Extension (Machine)",3,44.91,8.0,0,0.0,,,
2024-06-10 13:54:51,"Early Morning Workout",38m,"Bench Press (Barbell)",W,20.41,8.0,0,0.0,"","",
2024-06-10 13:54:51,"Early Morning Workout",38m,"Bench Press (Barbell)",1,61.23,8.0,0,0.0,,,
2024-06-10 13:54:51,"Early Morning Workout",38m,"Bench Press (Barbell)",2,61.23,8.0,0,0.0,,,
2024-06-10 13:54:51,"Early Morning Workout",38m,"Bench Press (Barbell)",3,70.31,8.0,0,0.0,,,
2024-06-10 13:54:51,"Early Morning Workout",38m,"Bench Press (Barbell)",4,70.31,5.0,0,0.0,,,
2024-06-10 13:54:51,"Early Morning Workout",38m,"Bench Press (Barbell)",5,70.31,5.0,0,0.0,,,
2024-06-10 13:54:51,"Early Morning Workout",38m,"Bench Dip",1,0.0,10.0,0,0.0,"",,
2024-06-10 13:54:51,"Early Morning Workout",38m,"Bench Dip",2,0.0,8.0,0,0.0,,,
2024-06-10 13:54:51,"Early Morning Workout",38m,"Bench Dip",3,0.0,8.0,0,0.0,,,
2024-06-10 13:54:51,"Early Morning Workout",38m,"Bench Dip",4,0.0,8.0,0,0.0,,,
2024-06-10 13:54:51,"Early Morning Workout",38m,"Triceps Pushdown (Cable - Straight Bar)",1,45.36,8.0,0,0.0,"",,
2024-06-10 13:54:51,"Early Morning Workout",38m,"Triceps Pushdown (Cable - Straight Bar)",2,45.36,8.0,0,0.0,,,
2024-06-10 13:54:51,"Early Morning Workout",38m,"Triceps Pushdown (Cable - Straight Bar)",3,49.9,8.0,0,0.0,,,
2024-06-10 13:54:51,"Early Morning Workout",38m,"Triceps Pushdown (Cable - Straight Bar)",4,49.9,8.0,0,0.0,,,
2024-06-10 13:54:51,"Early Morning Workout",38m,"Hanging Leg Raise",1,0,10.0,0,0.0,"",,
2024-06-10 13:54:51,"Early Morning Workout",38m,"Hanging Leg Raise",2,0,10.0,0,0.0,,,
2024-06-10 13:54:51,"Early Morning Workout",38m,"Hanging Leg Raise",3,0,10.0,0,0.0,,,
2024-06-10 13:54:51,"Early Morning Workout",38m,"Hanging Leg Raise",4,0,10.0,0,0.0,,,
2024-06-10 13:54:51,"Early Morning Workout",38m,"Incline Bench Press (Dumbbell)",1,40.82,8.0,0,0.0,"",,
2024-06-10 13:54:51,"Early Morning Workout",38m,"Incline Bench Press (Dumbbell)",2,40.82,8.0,0,0.0,,,
2024-06-10 13:54:51,"Early Morning Workout",38m,"Incline Bench Press (Dumbbell)",3,40.82,8.0,0,0.0,,,
2024-06-10 13:54:51,"Early Morning Workout",38m,"Tricep kickback (dumbbell)",1,13.61,10.0,0,0.0,"",,
2024-06-10 13:54:51,"Early Morning Workout",38m,"Tricep kickback (dumbbell)",2,13.61,10.0,0,0.0,,,
2024-06-10 13:54:51,"Early Morning Workout",38m,"Tricep kickback (dumbbell)",3,13.61,10.0,0,0.0,,,
2024-06-13 03:18:36,"Evening Workout",1h 10m,"Bench Press (Barbell)",W,20.41,8.0,0,0.0,"","",
2024-06-13 03:18:36,"Evening Workout",1h 10m,"Bench Press (Barbell)",1,61.23,8.0,0,0.0,,,
2024-06-13 03:18:36,"Evening Workout",1h 10m,"Bench Press (Barbell)",2,70.31,8.0,0,0.0,,,
2024-06-13 03:18:36,"Evening Workout",1h 10m,"Bench Press (Barbell)",3,79.38,3.0,0,0.0,,,
2024-06-13 03:18:36,"Evening Workout",1h 10m,"Bench Press (Barbell)",4,79.38,4.0,0,0.0,,,
2024-06-13 03:18:36,"Evening Workout",1h 10m,"Bench Press (Barbell)",5,79.38,5.0,0,0.0,,,
2024-06-13 03:18:36,"Evening Workout",1h 10m,"Bench Press (Barbell)",6,61.23,5.0,0,0.0,,,
2024-06-19 03:19:53,"Evening Workout",35m,"Bench Press (Barbell)",W,20.41,8.0,0,0.0,"","",
2024-06-19 03:19:53,"Evening Workout",35m,"Bench Press (Barbell)",1,61.23,8.0,0,0.0,,,
2024-06-19 03:19:53,"Evening Workout",35m,"Bench Press (Barbell)",2,61.23,8.0,0,0.0,,,
2024-06-19 03:19:53,"Evening Workout",35m,"Bench Press (Barbell)",3,70.31,4.0,0,0.0,,,
2024-06-19 03:19:53,"Evening Workout",35m,"Bench Press (Barbell)",4,70.31,5.0,0,0.0,,,
2024-06-19 03:19:53,"Evening Workout",35m,"Bench Press (Barbell)",5,70.31,5.0,0,0.0,,,
2024-06-19 03:19:53,"Evening Workout",35m,"Bench Press (Barbell)",D,62.6,5.0,0,0.0,,,
2024-06-19 03:19:53,"Evening Workout",35m,"Chest Fly (Band)",1,100.0,8.0,0,0.0,"",,
2024-06-19 03:19:53,"Evening Workout",35m,"Chest Fly (Band)",2,120.0,8.0,0,0.0,,,
2024-06-19 03:19:53,"Evening Workout",35m,"Chest Fly (Band)",3,120.0,8.0,0,0.0,,,
2024-06-19 03:19:53,"Evening Workout",35m,"Plank",1,0,0.0,0,60.0,"",,
2024-06-19 03:19:53,"Evening Workout",35m,"Plank",2,0,0.0,0,60.0,,,
2024-06-23 15:52:58,"Morning Workout",49m,"Bench Press (Barbell)",W,20.41,8.0,0,0.0,"","",
2024-06-23 15:52:58,"Morning Workout",49m,"Bench Press (Barbell)",1,61.23,8.0,0,0.0,,,
2024-06-23 15:52:58,"Morning Workout",49m,"Bench Press (Barbell)",2,61.23,8.0,0,0.0,,,
2024-06-23 15:52:58,"Morning Workout",49m,"Bench Press (Barbell)",3,61.23,8.0,0,0.0,,,
2024-06-23 15:52:58,"Morning Workout",49m,"Bench Press (Barbell)",4,61.23,8.0,0,0.0,,,
2024-06-23 15:52:58,"Morning Workout",49m,"Bench Press (Barbell)",5,61.23,8.0,0,0.0,,,
2024-06-23 15:52:58,"Morning Workout",49m,"Bench Press (Barbell)",D,20.41,8.0,0,0.0,,,
2024-06-23 15:52:58,"Morning Workout",49m,"Hanging Leg Raise",1,0,10.0,0,0.0,"",,
2024-06-23 15:52:58,"Morning Workout",49m,"Hanging Leg Raise",2,0,10.0,0,0.0,,,
2024-06-23 15:52:58,"Morning Workout",49m,"Hanging Leg Raise",3,0,10.0,0,0.0,,,
2024-06-23 15:52:58,"Morning Workout",49m,"Hanging Leg Raise",4,0,10.0,0,0.0,,,
2024-06-23 15:52:58,"Morning Workout",49m,"Hanging Leg Raise",5,0,10.0,0,0.0,,,
2024-06-23 15:52:58,"Morning Workout",49m,"Rowing (Machine)",1,0,0.0,1.3869039482023688,902.0,"",,
2024-06-23 15:52:58,"Morning Workout",49m,"Chest Fly",1,54.88,8.0,0,0.0,"",,
2024-06-23 15:52:58,"Morning Workout",49m,"Chest Fly",2,54.88,8.0,0,0.0,,,
2024-06-23 15:52:58,"Morning Workout",49m,"Chest Fly",3,69.85,8.0,0,0.0,,,
2024-06-26 14:01:45,"Morning Workout",48m,"Lat Pulldown (Cable)",1,100.0,10.0,0,0.0,"","",
2024-06-26 14:01:45,"Morning Workout",48m,"Lat Pulldown (Cable)",2,120.0,8.0,0,0.0,,,
2024-06-26 14:01:45,"Morning Workout",48m,"Lat Pulldown (Cable)",3,120.0,8.0,0,0.0,,,
2024-06-26 14:01:45,"Morning Workout",48m,"Leg Extension (Machine)",1,54.43,8.0,0,0.0,"",,
2024-06-26 14:01:45,"Morning Workout",48m,"Leg Extension (Machine)",2,58.97,8.0,0,0.0,,,
2024-06-26 14:01:45,"Morning Workout",48m,"Leg Extension (Machine)",3,58.97,8.0,0,0.0,,,
2024-06-26 14:01:45,"Morning Workout",48m,"Seated Leg Curl (Machine)",1,120.0,8.0,0,0.0,"",,
2024-06-26 14:01:45,"Morning Workout",48m,"Seated Leg Curl (Machine)",2,130.0,8.0,0,0.0,,,
2024-06-26 14:01:45,"Morning Workout",48m,"Seated Leg Curl (Machine)",3,130.0,8.0,0,0.0,,,
2024-06-26 14:01:45,"Morning Workout",48m,"Pull Up",1,0,5.0,0,0.0,"",,
2024-06-26 14:01:45,"Morning Workout",48m,"Pull Up",2,0,5.0,0,0.0,,,
2024-06-26 14:01:45,"Morning Workout",48m,"Pull Up",3,0,5.0,0,0.0,,,
2024-06-26 14:01:45,"Morning Workout",48m,"Seated Leg Press (Machine)",1,120.0,8.0,0,0.0,"",,
2024-06-26 14:01:45,"Morning Workout",48m,"Seated Leg Press (Machine)",2,137.0,8.0,0,0.0,,,
2024-06-26 14:01:45,"Morning Workout",48m,"Seated Leg Press (Machine)",3,137.0,8.0,0,0.0,,,
2024-07-01 13:58:11,"Early Morning Workout",39m,"Bench Press (Dumbbell)",W,20.41,10.0,0,0.0,"","",
2024-07-01 13:58:11,"Early Morning Workout",39m,"Bench Press (Dumbbell)",1,27.22,8.0,0,0.0,,,
2024-07-01 13:58:11,"Early Morning Workout",39m,"Bench Press (Dumbbell)",2,31.75,6.0,0,0.0,,,
2024-07-01 13:58:11,"Early Morning Workout",39m,"Bench Press (Dumbbell)",3,31.75,4.0,0,0.0,,,
2024-07-01 13:58:11,"Early Morning Workout",39m,"Bench Press (Dumbbell)",4,31.75,6.0,0,0.0,,,
2024-07-01 13:58:11,"Early Morning Workout",39m,"Triceps Extension",1,45.36,8.0,0,0.0,"",,
2024-07-01 13:58:11,"Early Morning Workout",39m,"Triceps Extension",2,45.36,8.0,0,0.0,,,
2024-07-01 13:58:11,"Early Morning Workout",39m,"Triceps Extension",3,45.36,8.0,0,0.0,,,
2024-07-01 13:58:11,"Early Morning Workout",39m,"Cable side pull",1,13.61,8.0,0,0.0,"",,
2024-07-01 13:58:11,"Early Morning Workout",39m,"Cable side pull",2,13.61,8.0,0,0.0,,,
2024-07-01 13:58:11,"Early Morning Workout",39m,"Cable side pull",3,13.61,8.0,0,0.0,,,
2024-07-01 13:58:11,"Early Morning Workout",39m,"Squat (Barbell)",W,9.07,8.0,0,0.0,"",,
2024-07-01 13:58:11,"Early Morning Workout",39m,"Squat (Barbell)",1,49.9,8.0,0,0.0,,,
2024-07-01 13:58:11,"Early Morning Workout",39m,"Squat (Barbell)",2,49.9,8.0,0,0.0,,,
2024-07-01 13:58:11,"Early Morning Workout",39m,"Squat (Barbell)",3,83.91,6.0,0,0.0,,,
2024-07-12 14:11:11,"Morning Workout",36m,"Bench Press (Barbell)",W,20.41,8.0,0,0.0,"","",
2024-07-12 14:11:11,"Morning Workout",36m,"Bench Press (Barbell)",1,61.23,5.0,0,0.0,,,
2024-07-12 14:11:11,"Morning Workout",36m,"Bench Press (Barbell)",2,61.23,8.0,0,0.0,,,
2024-07-12 14:11:11,"Morning Workout",36m,"Bench Press (Barbell)",3,65.77,4.0,0,0.0,,,
2024-07-12 14:11:11,"Morning Workout",36m,"Bench Press (Barbell)",4,65.77,4.0,0,0.0,,,
2024-07-12 14:11:11,"Morning Workout",36m,"Chest Dip",1,0,8.0,0,0.0,"",,
2024-07-12 14:11:11,"Morning Workout",36m,"Chest Dip",2,0,6.0,0,0.0,,,
2024-07-12 14:11:11,"Morning Workout",36m,"Chest Dip",3,0,8.0,0,0.0,,,
2024-07-12 14:11:11,"Morning Workout",36m,"Triceps Extension (Dumbbell)",1,22.68,8.0,0,0.0,"",,
2024-07-12 14:11:11,"Morning Workout",36m,"Triceps Extension (Dumbbell)",2,27.22,6.0,0,0.0,,,
2024-07-12 14:11:11,"Morning Workout",36m,"Triceps Extension (Dumbbell)",3,27.22,8.0,0,0.0,,,
2024-07-12 14:11:11,"Morning Workout",36m,"Incline Bench Press (Dumbbell)",1,36.29,8.0,0,0.0,"",,
2024-07-12 14:11:11,"Morning Workout",36m,"Incline Bench Press (Dumbbell)",2,45.36,8.0,0,0.0,,,
2024-07-12 14:11:11,"Morning Workout",36m,"Incline Bench Press (Dumbbell)",3,45.36,8.0,0,0.0,,,
2024-07-12 14:11:11,"Morning Workout",36m,"Chest Fly",1,47.63,8.0,0,0.0,"",,
2024-07-12 14:11:11,"Morning Workout",36m,"Chest Fly",2,61.23,6.0,0,0.0,,,
2024-07-12 14:11:11,"Morning Workout",36m,"Chest Fly",3,61.23,6.0,0,0.0,,,
2024-07-15 14:12:21,"Morning Workout",33m,"Squat (Barbell)",W,20.41,8.0,0,0.0,"","",
2024-07-15 14:12:21,"Morning Workout",33m,"Squat (Barbell)",1,43.09,8.0,0,0.0,,,
2024-07-15 14:12:21,"Morning Workout",33m,"Squat (Barbell)",2,61.23,8.0,0,0.0,,,
2024-07-15 14:12:21,"Morning Workout",33m,"Squat (Barbell)",3,61.23,8.0,0,0.0,,,
2024-07-15 14:12:21,"Morning Workout",33m,"Squat (Barbell)",4,83.91,8.0,0,0.0,,,
2024-07-15 14:12:21,"Morning Workout",33m,"Squat (Barbell)",5,83.91,5.0,0,0.0,,,
2024-07-15 14:12:21,"Morning Workout",33m,"Leg Extension (Machine)",1,49.9,8.0,0,0.0,"",,
2024-07-15 14:12:21,"Morning Workout",33m,"Leg Extension (Machine)",2,49.9,8.0,0,0.0,,,
2024-07-15 14:12:21,"Morning Workout",33m,"Leg Extension (Machine)",3,58.97,8.0,0,0.0,,,
2024-07-15 14:12:21,"Morning Workout",33m,"Leg Extension (Machine)",4,58.97,8.0,0,0.0,,,
2024-07-15 14:12:21,"Morning Workout",33m,"Seated Leg Press (Machine)",1,120.0,6.0,0,0.0,"",,
2024-07-15 14:12:21,"Morning Workout",33m,"Seated Leg Press (Machine)",2,120.0,8.0,0,0.0,,,
2024-07-15 14:12:21,"Morning Workout",33m,"Seated Leg Press (Machine)",3,120.0,8.0,0,0.0,,,
2024-07-17 04:14:44,"Evening Workout",1h 9m,"Bench Press (Dumbbell)",W,20.41,8.0,0,0.0,"","",
2024-07-17 04:14:44,"Evening Workout",1h 9m,"Bench Press (Dumbbell)",1,31.75,6.0,0,0.0,,,
2024-07-17 04:14:44,"Evening Workout",1h 9m,"Bench Press (Dumbbell)",2,31.75,6.0,0,0.0,,,
2024-07-17 04:14:44,"Evening Workout",1h 9m,"Bench Press (Dumbbell)",3,31.75,4.0,0,0.0,,,
2024-07-17 04:14:44,"Evening Workout",1h 9m,"Bench Press (Dumbbell)",D,20.41,6.0,0,0.0,,,
2024-07-17 04:14:44,"Evening Workout",1h 9m,"Hanging Leg Raise",1,0,10.0,0,0.0,"",,
2024-07-17 04:14:44,"Evening Workout",1h 9m,"Hanging Leg Raise",2,0,10.0,0,0.0,,,
2024-07-17 04:14:44,"Evening Workout",1h 9m,"Hanging Leg Raise",3,0,10.0,0,0.0,,,
2024-07-17 04:14:44,"Evening Workout",1h 9m,"Leg Extension (Machine)",1,58.97,10.0,0,0.0,"",,
2024-07-17 04:14:44,"Evening Workout",1h 9m,"Leg Extension (Machine)",2,58.97,10.0,0,0.0,,,
2024-07-17 04:14:44,"Evening Workout",1h 9m,"Leg Extension (Machine)",3,34.93,10.0,0,0.0,,,
2024-07-17 04:14:44,"Evening Workout",1h 9m,"Plank",1,0,0.0,0,60.0,"",,
2024-07-17 04:14:44,"Evening Workout",1h 9m,"Plank",2,0,0.0,0,45.0,,,
2024-07-17 04:14:44,"Evening Workout",1h 9m,"Plank",3,0,0.0,0,60.0,,,
2024-07-25 02:53:48,"Evening Workout",26m,"Bench Press (Barbell)",W,20.41,8.0,0,0.0,"","",
2024-07-25 02:53:48,"Evening Workout",26m,"Bench Press (Barbell)",1,61.23,8.0,0,0.0,,,
2024-07-25 02:53:48,"Evening Workout",26m,"Bench Press (Barbell)",2,61.23,8.0,0,0.0,,,
2024-07-25 02:53:48,"Evening Workout",26m,"Bench Press (Barbell)",3,70.31,5.0,0,0.0,,,
2024-07-25 02:53:48,"Evening Workout",26m,"Bench Press (Barbell)",4,70.31,5.0,0,0.0,,,
2024-07-25 02:53:48,"Evening Workout",26m,"Bench Press (Barbell)",5,70.31,5.0,0,0.0,,,
2024-07-25 02:53:48,"Evening Workout",26m,"Back Extension",1,0,10.0,0,0.0,"",,
2024-07-25 02:53:48,"Evening Workout",26m,"Back Extension",2,25.0,10.0,0,0.0,,,
2024-07-25 02:53:48,"Evening Workout",26m,"Back Extension",3,25.0,10.0,0,0.0,,,
2024-07-25 02:53:48,"Evening Workout",26m,"Chest Fly",1,47.63,8.0,0,0.0,"",,
2024-07-25 02:53:48,"Evening Workout",26m,"Chest Fly",2,54.88,8.0,0,0.0,,,
2024-07-25 02:53:48,"Evening Workout",26m,"Chest Fly",3,62.6,8.0,0,0.0,,,
2024-08-03 04:36:20,"Evening Workout",26m,"Bench Dip",1,0.0,10.0,0,0.0,"","",
2024-08-03 04:36:20,"Evening Workout",26m,"Bench Dip",2,0.0,10.0,0,0.0,,,
2024-08-03 04:36:20,"Evening Workout",26m,"Bench Dip",3,0.0,10.0,0,0.0,,,
2024-08-03 04:36:20,"Evening Workout",26m,"Bench Press (Barbell)",W,20.41,8.0,0,0.0,"",,
2024-08-03 04:36:20,"Evening Workout",26m,"Bench Press (Barbell)",1,61.23,8.0,0,0.0,,,
2024-08-03 04:36:20,"Evening Workout",26m,"Bench Press (Barbell)",2,70.31,6.0,0,0.0,,,
2024-08-03 04:36:20,"Evening Workout",26m,"Bench Press (Barbell)",3,70.31,6.0,0,0.0,,,
2024-08-03 04:36:20,"Evening Workout",26m,"Bench Press (Barbell)",4,70.31,6.0,0,0.0,,,
2024-08-03 04:36:20,"Evening Workout",26m,"Bench Press (Barbell)",5,70.31,8.0,0,0.0,,,
2024-08-03 04:36:20,"Evening Workout",26m,"Bench Press (Barbell)",D,61.23,4.0,0,0.0,,,
2024-08-03 04:36:20,"Evening Workout",26m,"Chest Fly (Band)",1,120.0,8.0,0,0.0,"",,
2024-08-03 04:36:20,"Evening Workout",26m,"Chest Fly (Band)",2,120.0,8.0,0,0.0,,,
2024-08-03 04:36:20,"Evening Workout",26m,"Chest Fly (Band)",3,140.0,6.0,0,0.0,,,
2024-08-04 17:14:14,"Morning Workout",28m,"Squat (Barbell)",W,20.41,8.0,0,0.0,"","",
2024-08-04 17:14:14,"Morning Workout",28m,"Squat (Barbell)",1,61.23,8.0,0,0.0,,,
2024-08-04 17:14:14,"Morning Workout",28m,"Squat (Barbell)",2,70.31,8.0,0,0.0,,,
2024-08-04 17:14:14,"Morning Workout",28m,"Squat (Barbell)",3,83.91,8.0,0,0.0,,,
2024-08-04 17:14:14,"Morning Workout",28m,"Squat (Barbell)",4,102.06,6.0,0,0.0,,,
2024-08-04 17:14:14,"Morning Workout",28m,"Squat (Barbell)",5,102.06,6.0,0,0.0,,,
2024-08-04 17:14:14,"Morning Workout",28m,"Seated Leg Press (Machine)",1,120.0,8.0,0,0.0,"",,
2024-08-04 17:14:14,"Morning Workout",28m,"Seated Leg Press (Machine)",2,137.5,8.0,0,0.0,,,
2024-08-04 17:14:14,"Morning Workout",28m,"Seated Leg Press (Machine)",3,155.0,8.0,0,0.0,,,
2024-08-08 14:32:12,"Morning Workout",34m,"Bench Press (Dumbbell)",W,20.41,8.0,0,0.0,"","",
2024-08-08 14:32:12,"Morning Workout",34m,"Bench Press (Dumbbell)",1,29.48,8.0,0,0.0,,,
2024-08-08 14:32:12,"Morning Workout",34m,"Bench Press (Dumbbell)",2,29.48,8.0,0,0.0,,,
2024-08-08 14:32:12,"Morning Workout",34m,"Bench Press (Dumbbell)",3,29.48,8.0,0,0.0,,,
2024-08-08 14:32:12,"Morning Workout",34m,"Bench Press (Dumbbell)",D,20.41,2.0,0,0.0,,,
2024-08-08 14:32:12,"Morning Workout",34m,"Triceps Extension (Dumbbell)",1,20.41,8.0,0,0.0,"",,
2024-08-08 14:32:12,"Morning Workout",34m,"Triceps Extension (Dumbbell)",2,20.41,10.0,0,0.0,,,
2024-08-08 14:32:12,"Morning Workout",34m,"Triceps Extension (Dumbbell)",3,20.41,8.0,0,0.0,,,
2024-08-08 14:32:12,"Morning Workout",34m,"Chest Fly (Band)",1,120.0,8.0,0,0.0,"",,
2024-08-08 14:32:12,"Morning Workout",34m,"Chest Fly (Band)",2,140.0,6.0,0,0.0,,,
2024-08-08 14:32:12,"Morning Workout",34m,"Chest Fly (Band)",3,140.0,6.0,0,0.0,,,
2024-08-08 14:32:12,"Morning Workout",34m,"Triceps Pushdown (Cable - Straight Bar)",1,45.36,8.0,0,0.0,"",,
2024-08-08 14:32:12,"Morning Workout",34m,"Triceps Pushdown (Cable - Straight Bar)",2,49.9,8.0,0,0.0,,,
2024-08-08 14:32:12,"Morning Workout",34m,"Triceps Pushdown (Cable - Straight Bar)",3,49.9,8.0,0,0.0,,,
2024-08-13 14:33:05,"Morning Workout",41m,"Bench Press (Barbell)",W,20.41,8.0,0,0.0,"","",
2024-08-13 14:33:05,"Morning Workout",41m,"Bench Press (Barbell)",1,61.23,8.0,0,0.0,,,
2024-08-13 14:33:05,"Morning Workout",41m,"Bench Press (Barbell)",2,61.23,8.0,0,0.0,,,
2024-08-13 14:33:05,"Morning Workout",41m,"Bench Press (Barbell)",3,61.23,8.0,0,0.0,,,
2024-08-13 14:33:05,"Morning Workout",41m,"Bench Press (Barbell)",4,61.23,8.0,0,0.0,,,
2024-08-13 14:33:05,"Morning Workout",41m,"Bench Press (Barbell)",5,61.23,8.0,0,0.0,,,
2024-08-13 14:33:05,"Morning Workout",41m,"Bench Press (Barbell)",D,20.41,8.0,0,0.0,,,
2024-08-13 14:33:05,"Morning Workout",41m,"Chest Fly",1,54.88,8.0,0,0.0,"",,
2024-08-13 14:33:05,"Morning Workout",41m,"Chest Fly",2,54.88,8.0,0,0.0,,,
2024-08-13 14:33:05,"Morning Workout",41m,"Chest Fly",3,54.88,8.0,0,0.0,,,
2024-08-13 14:33:05,"Morning Workout",41m,"Triceps Extension",W,36.29,8.0,0,0.0,"",,
2024-08-13 14:33:05,"Morning Workout",41m,"Triceps Extension",1,45.36,8.0,0,0.0,,,
2024-08-13 14:33:05,"Morning Workout",41m,"Triceps Extension",2,45.36,6.0,0,0.0,,,
2024-08-13 14:33:05,"Morning Workout",41m,"Triceps Extension",3,45.36,6.0,0,0.0,,,
2024-08-15 14:32:25,"Morning Workout",36m,"Lat Pulldown (Cable)",1,104.0,8.0,0,0.0,"","",
2024-08-15 14:32:25,"Morning Workout",36m,"Lat Pulldown (Cable)",2,121.0,8.0,0,0.0,,,
2024-08-15 14:32:25,"Morning Workout",36m,"Lat Pulldown (Cable)",3,121.0,8.0,0,0.0,,,
2024-08-15 14:32:25,"Morning Workout",36m,"Hanging Leg Raise",1,0,8.0,0,0.0,"",,
2024-08-15 14:32:25,"Morning Workout",36m,"Hanging Leg Raise",2,0,10.0,0,0.0,,,
2024-08-15 14:32:25,"Morning Workout",36m,"Hanging Leg Raise",3,0,10.0,0,0.0,,,
2024-08-15 14:32:25,"Morning Workout",36m,"Pull Up",1,0,3.0,0,0.0,"",,
2024-08-15 14:32:25,"Morning Workout",36m,"Pull Up",2,0,3.0,0,0.0,,,
2024-08-15 14:32:25,"Morning Workout",36m,"Pull Up",3,0,3.0,0,0.0,,,
2024-08-15 14:32:25,"Morning Workout",36m,"body raises",1,25.0,10.0,0,0.0,"",,
2024-08-15 14:32:25,"Morning Workout",36m,"body raises",2,25.0,10.0,0,0.0,,,
2024-08-15 14:32:25,"Morning Workout",36m,"body raises",3,25.0,10.0,0,0.0,,,
2024-08-19 13:59:14,"Early Morning Workout",52m,"Bench Press (Dumbbell)",W,22.68,8.0,0,0.0,"","",
2024-08-19 13:59:14,"Early Morning Workout",52m,"Bench Press (Dumbbell)",1,31.75,6.0,0,0.0,,,
2024-08-19 13:59:14,"Early Morning Workout",52m,"Bench Press (Dumbbell)",2,31.75,6.0,0,0.0,,,
2024-08-19 13:59:14,"Early Morning Workout",52m,"Bench Press (Dumbbell)",3,31.75,4.0,0,0.0,,,
2024-08-19 13:59:14,"Early Morning Workout",52m,"Bench Press (Dumbbell)",4,31.75,5.0,0,0.0,,,
2024-08-19 13:59:14,"Early Morning Workout",52m,"Bench Press (Dumbbell)",D,22.68,3.0,0,0.0,,,
2024-08-19 13:59:14,"Early Morning Workout",52m,"Triceps Extension (Dumbbell)",1,22.68,8.0,0,0.0,"",,
2024-08-19 13:59:14,"Early Morning Workout",52m,"Triceps Extension (Dumbbell)",2,22.68,8.0,0,0.0,,,
2024-08-19 13:59:14,"Early Morning Workout",52m,"Triceps Extension (Dumbbell)",3,22.68,8.0,0,0.0,,,
2024-08-19 13:59:14,"Early Morning Workout",52m,"Triceps Extension (Dumbbell)",4,22.68,8.0,0,0.0,,,
2024-08-21 15:33:36,"Morning Workout",1h 6m,"Leg Extension (Machine)",W,49.9,6.0,0,0.0,"","",
2024-08-21 15:33:36,"Morning Workout",1h 6m,"Leg Extension (Machine)",1,58.97,8.0,0,0.0,,,
2024-08-21 15:33:36,"Morning Workout",1h 6m,"Leg Extension (Machine)",2,58.97,8.0,0,0.0,,,
2024-08-21 15:33:36,"Morning Workout",1h 6m,"Leg Extension (Machine)",3,58.97,8.0,0,0.0,,,
2024-08-21 15:33:36,"Morning Workout",1h 6m,"Seated Leg Curl (Machine)",1,130.0,8.0,0,0.0,"",,
2024-08-21 15:33:36,"Morning Workout",1h 6m,"Seated Leg Curl (Machine)",2,120.0,8.0,0,0.0,,,
2024-08-21 15:33:36,"Morning Workout",1h 6m,"Seated Leg Curl (Machine)",3,130.0,8.0,0,0.0,,,
2024-08-21 15:33:36,"Morning Workout",1h 6m,"Romanian Deadlift (Barbell)",1,43.09,8.0,0,0.0,"",,
2024-08-21 15:33:36,"Morning Workout",1h 6m,"Romanian Deadlift (Barbell)",2,43.09,8.0,0,0.0,,,
2024-08-21 15:33:36,"Morning Workout",1h 6m,"Romanian Deadlift (Barbell)",3,43.09,8.0,0,0.0,,,
2024-08-21 15:33:36,"Morning Workout",1h 6m,"single leg squat",1,0.0,8.0,0,0.0,"",,
2024-08-21 15:33:36,"Morning Workout",1h 6m,"single leg squat",2,0.0,8.0,0,0.0,,,
2024-08-21 15:33:36,"Morning Workout",1h 6m,"single leg squat",3,0.0,8.0,0,0.0,,,
2024-08-27 03:54:19,"Evening Workout",23m,"Bench Press (Barbell)",W,20.41,8.0,0,0.0,"","",
2024-08-27 03:54:19,"Evening Workout",23m,"Bench Press (Barbell)",1,61.23,8.0,0,0.0,,,
2024-08-27 03:54:19,"Evening Workout",23m,"Bench Press (Barbell)",2,61.23,6.0,0,0.0,,,
2024-08-27 03:54:19,"Evening Workout",23m,"Bench Press (Barbell)",3,61.23,8.0,0,0.0,,,
2024-08-27 03:54:19,"Evening Workout",23m,"Bench Press (Barbell)",4,61.23,8.0,0,0.0,,,
2024-08-27 03:54:19,"Evening Workout",23m,"Bench Press (Barbell)",5,61.23,6.0,0,0.0,,,
2024-08-27 03:54:19,"Evening Workout",23m,"Chest Fly",1,54.88,8.0,0,0.0,"",,
2024-08-27 03:54:19,"Evening Workout",23m,"Chest Fly",2,63.5,8.0,0,0.0,,,
2024-08-27 03:54:19,"Evening Workout",23m,"Chest Fly",3,63.5,8.0,0,0.0,,,
2024-08-28 14:34:49,"Morning Workout",42m,"Lat Pulldown (Cable)",1,104.0,8.0,0,0.0,"","",
2024-08-28 14:34:49,"Morning Workout",42m,"Lat Pulldown (Cable)",2,121.0,5.0,0,0.0,,,
2024-08-28 14:34:49,"Morning Workout",42m,"Lat Pulldown (Cable)",3,121.0,8.0,0,0.0,,,
2024-08-30 14:27:49,"Morning Workout",49m,"Bench Press (Barbell)",W,20.41,15.0,0,0.0,"","",
2024-08-30 14:27:49,"Morning Workout",49m,"Bench Press (Barbell)",1,61.23,8.0,0,0.0,,,
2024-08-30 14:27:49,"Morning Workout",49m,"Bench Press (Barbell)",2,61.23,8.0,0,0.0,,,
2024-08-30 14:27:49,"Morning Workout",49m,"Bench Press (Barbell)",3,61.23,8.0,0,0.0,,,
2024-08-30 14:27:49,"Morning Workout",49m,"Bench Press (Barbell)",4,61.23,8.0,0,0.0,,,
2024-08-30 14:27:49,"Morning Workout",49m,"Bench Press (Barbell)",5,61.23,8.0,0,0.0,,,
2024-08-30 14:27:49,"Morning Workout",49m,"Bench Press (Barbell)",D,20.41,15.0,0,0.0,,,
2024-08-30 14:27:49,"Morning Workout",49m,"Bench Dip",1,0.0,10.0,0,0.0,"",,
2024-08-30 14:27:49,"Morning Workout",49m,"Bench Dip",2,0.0,8.0,0,0.0,,,
2024-08-30 14:27:49,"Morning Workout",49m,"Bench Dip",3,0.0,8.0,0,0.0,,,
2024-08-30 14:27:49,"Morning Workout",49m,"single leg squat",1,0.0,8.0,0,0.0,"",,
2024-08-30 14:27:49,"Morning Workout",49m,"single leg squat",2,0.0,8.0,0,0.0,,,
2024-08-30 14:27:49,"Morning Workout",49m,"single leg squat",3,0.0,8.0,0,0.0,,,
2024-08-30 14:27:49,"Morning Workout",49m,"Romanian Deadlift (Barbell)",1,43.09,8.0,0,0.0,"",,
2024-08-30 14:27:49,"Morning Workout",49m,"Romanian Deadlift (Barbell)",2,43.09,8.0,0,0.0,,,
2024-08-30 14:27:49,"Morning Workout",49m,"Romanian Deadlift (Barbell)",3,43.09,8.0,0,0.0,,,
2024-08-30 14:27:49,"Morning Workout",49m,"Triceps Extension",1,31.75,8.0,0,0.0,"",,
2024-08-30 14:27:49,"Morning Workout",49m,"Triceps Extension",2,36.29,8.0,0,0.0,,,
2024-08-30 14:27:49,"Morning Workout",49m,"Triceps Extension",3,40.82,8.0,0,0.0,,,
2024-08-30 14:27:49,"Morning Workout",49m,"wall squats",1,0,30.0,0,0.0,"",,
2024-08-30 14:27:49,"Morning Workout",49m,"wall squats",2,25.0,30.0,0,0.0,,,
2024-08-30 14:27:49,"Morning Workout",49m,"wall squats",3,25.0,30.0,0,0.0,,,
2024-09-02 04:13:47,"Evening Workout",46m,"Bench Press (Barbell)",W,20.41,15.0,0,0.0,"","",
2024-09-02 04:13:47,"Evening Workout",46m,"Bench Press (Barbell)",1,61.23,8.0,0,0.0,,,
2024-09-02 04:13:47,"Evening Workout",46m,"Bench Press (Barbell)",2,70.31,8.0,0,0.0,,,
2024-09-02 04:13:47,"Evening Workout",46m,"Bench Press (Barbell)",3,70.31,6.0,0,0.0,,,
2024-09-02 04:13:47,"Evening Workout",46m,"Bench Press (Barbell)",4,79.38,3.0,0,0.0,,,
2024-09-02 04:13:47,"Evening Workout",46m,"Bench Press (Barbell)",5,79.38,3.0,0,0.0,,,
2024-09-02 04:13:47,"Evening Workout",46m,"Bench Press (Barbell)",D,61.23,3.0,0,0.0,,,
2024-09-02 04:13:47,"Evening Workout",46m,"single leg squat",1,0.0,8.0,0,0.0,"",,
2024-09-02 04:13:47,"Evening Workout",46m,"single leg squat",2,0.0,8.0,0,0.0,,,
2024-09-02 04:13:47,"Evening Workout",46m,"single leg squat",3,0.0,8.0,0,0.0,,,
2024-09-02 04:13:47,"Evening Workout",46m,"Romanian Deadlift (Barbell)",1,43.09,8.0,0,0.0,"",,
2024-09-02 04:13:47,"Evening Workout",46m,"Romanian Deadlift (Barbell)",2,43.09,8.0,0,0.0,,,
2024-09-02 04:13:47,"Evening Workout",46m,"Romanian Deadlift (Barbell)",3,43.09,8.0,0,0.0,,,
2024-09-02 04:13:47,"Evening Workout",46m,"Concentration Curl (Dumbbell)",1,25.0,8.0,0,0.0,"",,
2024-09-02 04:13:47,"Evening Workout",46m,"Concentration Curl (Dumbbell)",2,25.0,8.0,0,0.0,,,
2024-09-02 04:13:47,"Evening Workout",46m,"Concentration Curl (Dumbbell)",3,30.0,6.0,0,0.0,,,
2024-09-02 04:13:47,"Evening Workout",46m,"Triceps Extension (Dumbbell)",1,18.14,8.0,0,0.0,"",,
2024-09-02 04:13:47,"Evening Workout",46m,"Triceps Extension (Dumbbell)",2,18.14,8.0,0,0.0,,,
2024-09-02 04:13:47,"Evening Workout",46m,"Triceps Extension (Dumbbell)",3,22.68,8.0,0,0.0,,,
2024-09-06 04:04:26,"Evening Workout",1h,"Bench Press (Dumbbell)",1,18.14,8.0,0,0.0,"","",
2024-09-06 04:04:26,"Evening Workout",1h,"Bench Press (Dumbbell)",2,31.75,8.0,0,0.0,,,
2024-09-06 04:04:26,"Evening Workout",1h,"Bench Press (Dumbbell)",3,31.75,8.0,0,0.0,,,
2024-09-06 04:04:26,"Evening Workout",1h,"Bench Press (Dumbbell)",4,31.75,7.0,0,0.0,,,
2024-09-06 04:04:26,"Evening Workout",1h,"Bench Press (Dumbbell)",D,20.41,3.0,0,0.0,,,
2024-09-06 04:04:26,"Evening Workout",1h,"Triceps Extension (Dumbbell)",1,18.14,8.0,0,0.0,"",,
2024-09-06 04:04:26,"Evening Workout",1h,"Triceps Extension (Dumbbell)",2,20.41,8.0,0,0.0,,,
2024-09-06 04:04:26,"Evening Workout",1h,"Triceps Extension (Dumbbell)",3,20.41,8.0,0,0.0,,,
2024-09-06 04:04:26,"Evening Workout",1h,"single leg squat",1,0.0,8.0,0,0.0,"",,
2024-09-06 04:04:26,"Evening Workout",1h,"single leg squat",2,0.0,8.0,0,0.0,,,
2024-09-06 04:04:26,"Evening Workout",1h,"single leg squat",3,0.0,8.0,0,0.0,,,
2024-09-06 04:04:26,"Evening Workout",1h,"Incline Bench Press (Dumbbell)",1,24.95,6.0,0,0.0,"",,
2024-09-06 04:04:26,"Evening Workout",1h,"Incline Bench Press (Dumbbell)",2,24.95,8.0,0,0.0,,,
2024-09-06 04:04:26,"Evening Workout",1h,"Incline Bench Press (Dumbbell)",3,24.95,8.0,0,0.0,,,
2024-09-06 04:04:26,"Evening Workout",1h,"Chest Fly",1,54.88,8.0,0,0.0,"",,
2024-09-06 04:04:26,"Evening Workout",1h,"Chest Fly",2,54.88,7.0,0,0.0,,,
2024-09-06 04:04:26,"Evening Workout",1h,"Chest Fly",3,54.88,7.0,0,0.0,,,
2024-09-08 01:00:59,"Evening Workout",28m,"Lat Pulldown (Cable)",1,121.0,8.0,0,0.0,"","",
2024-09-08 01:00:59,"Evening Workout",28m,"Lat Pulldown (Cable)",2,121.0,8.0,0,0.0,,,
2024-09-08 01:00:59,"Evening Workout",28m,"Lat Pulldown (Cable)",3,121.0,8.0,0,0.0,,,
2024-09-08 01:00:59,"Evening Workout",28m,"Leg Extension (Machine)",1,54.88,8.0,0,0.0,"",,
2024-09-08 01:00:59,"Evening Workout",28m,"Leg Extension (Machine)",2,54.88,8.0,0,0.0,,,
2024-09-08 01:00:59,"Evening Workout",28m,"Leg Extension (Machine)",3,54.88,8.0,0,0.0,,,
2024-09-08 01:00:59,"Evening Workout",28m,"Squat (Barbell)",W,20.41,8.0,0,0.0,"",,
2024-09-08 01:00:59,"Evening Workout",28m,"Squat (Barbell)",1,61.23,8.0,0,0.0,,,
2024-09-08 01:00:59,"Evening Workout",28m,"Squat (Barbell)",2,83.91,6.0,0,0.0,,,
2024-09-08 01:00:59,"Evening Workout",28m,"Squat (Barbell)",3,83.91,6.0,0,0.0,,,
2024-09-08 01:00:59,"Evening Workout",28m,"Squat (Barbell)",D,61.23,6.0,0,0.0,,,
2024-09-12 04:15:00,"Evening Workout",37m,"Bench Press (Barbell)",W,20.41,8.0,0,0.0,"","",
2024-09-12 04:15:00,"Evening Workout",37m,"Bench Press (Barbell)",1,61.23,8.0,0,0.0,,,
2024-09-12 04:15:00,"Evening Workout",37m,"Bench Press (Barbell)",2,61.23,8.0,0,0.0,,,
2024-09-12 04:15:00,"Evening Workout",37m,"Bench Press (Barbell)",3,70.31,7.0,0,0.0,,,
2024-09-12 04:15:00,"Evening Workout",37m,"Bench Press (Barbell)",4,70.31,5.0,0,0.0,,,
2024-09-12 04:15:00,"Evening Workout",37m,"Bench Press (Barbell)",D,61.23,8.0,0,0.0,,,
2024-09-12 04:15:00,"Evening Workout",37m,"single leg squat",1,0.0,8.0,0,0.0,"",,
2024-09-12 04:15:00,"Evening Workout",37m,"single leg squat",2,0.0,8.0,0,0.0,,,
2024-09-12 04:15:00,"Evening Workout",37m,"single leg squat",3,0.0,8.0,0,0.0,,,
2024-09-12 04:15:00,"Evening Workout",37m,"Romanian Deadlift (Barbell)",1,43.09,8.0,0,0.0,"",,
2024-09-12 04:15:00,"Evening Workout",37m,"Romanian Deadlift (Barbell)",2,65.77,5.0,0,0.0,,,
2024-09-12 04:15:00,"Evening Workout",37m,"Romanian Deadlift (Barbell)",3,65.77,5.0,0,0.0,,,
2024-09-18 02:32:42,"Evening Workout",13m,"Bench Press (Barbell)",W,20.41,10.0,0,0.0,"","",
2024-09-18 02:32:42,"Evening Workout",13m,"Bench Press (Barbell)",1,61.23,10.0,0,0.0,,,
2024-09-18 02:32:42,"Evening Workout",13m,"Bench Press (Barbell)",2,83.91,3.0,0,0.0,,,
2024-09-18 02:32:42,"Evening Workout",13m,"Bench Press (Barbell)",3,83.91,3.0,0,0.0,,,
2024-09-18 02:32:42,"Evening Workout",13m,"Bench Press (Barbell)",4,83.91,3.0,0,0.0,,,
2024-09-18 02:32:42,"Evening Workout",13m,"Bench Press (Barbell)",D,61.23,8.0,0,0.0,,,
2024-09-18 02:32:42,"Evening Workout",13m,"single leg squat",1,0.0,8.0,0,0.0,"",,
2024-09-18 02:32:42,"Evening Workout",13m,"single leg squat",2,0.0,8.0,0,0.0,,,
2024-09-18 02:32:42,"Evening Workout",13m,"single leg squat",3,0.0,8.0,0,0.0,,,
2024-09-18 02:32:42,"Evening Workout",13m,"Triceps Pushdown (Cable - Straight Bar)",1,36.29,8.0,0,0.0,"",,
2024-09-18 02:32:42,"Evening Workout",13m,"Triceps Pushdown (Cable - Straight Bar)",2,45.36,8.0,0,0.0,,,
2024-09-18 02:32:42,"Evening Workout",13m,"Triceps Pushdown (Cable - Straight Bar)",3,54.43,8.0,0,0.0,,,
2024-09-18 02:32:42,"Evening Workout",13m,"Triceps Pushdown (Cable - Straight Bar)",4,54.43,8.0,0,0.0,,,
2024-09-21 00:35:55,"Evening Workout",22m,"Triceps Extension (Dumbbell)",1,20.41,8.0,0,0.0,"","",
2024-09-21 00:35:55,"Evening Workout",22m,"Triceps Extension (Dumbbell)",2,20.41,8.0,0,0.0,,,
2024-09-21 00:35:55,"Evening Workout",22m,"Triceps Extension (Dumbbell)",3,22.68,8.0,0,0.0,,,
2024-09-21 00:35:55,"Evening Workout",22m,"Bent Over One Arm Row (Dumbbell)",1,20.41,8.0,0,0.0,"",,
2024-09-21 00:35:55,"Evening Workout",22m,"Bent Over One Arm Row (Dumbbell)",2,20.41,8.0,0,0.0,,,
2024-09-21 00:35:55,"Evening Workout",22m,"Bent Over One Arm Row (Dumbbell)",3,22.68,8.0,0,0.0,,,
2024-09-21 00:35:55,"Evening Workout",22m,"Triceps Pushdown (Cable - Straight Bar)",1,40.82,8.0,0,0.0,"",,
2024-09-21 00:35:55,"Evening Workout",22m,"Triceps Pushdown (Cable - Straight Bar)",2,45.36,8.0,0,0.0,,,
2024-09-21 00:35:55,"Evening Workout",22m,"Triceps Pushdown (Cable - Straight Bar)",3,45.36,8.0,0,0.0,,,
2024-09-21 00:35:55,"Evening Workout",22m,"Bicep Curl (Cable)",1,90.0,8.0,0,0.0,"",,
2024-09-21 00:35:55,"Evening Workout",22m,"Bicep Curl (Cable)",2,100.0,6.0,0,0.0,,,
2024-09-21 00:35:55,"Evening Workout",22m,"Bicep Curl (Cable)",3,100.0,8.0,0,0.0,,,
2024-09-25 04:06:36,"Evening Workout",26m,"Triceps Extension (Dumbbell)",1,22.68,8.0,0,0.0,"","",
2024-09-25 04:06:36,"Evening Workout",26m,"Triceps Extension (Dumbbell)",2,22.68,8.0,0,0.0,,,
2024-09-25 04:06:36,"Evening Workout",26m,"Bench Press (Barbell)",W,20.41,8.0,0,0.0,"",,
2024-09-25 04:06:36,"Evening Workout",26m,"Bench Press (Barbell)",1,61.23,8.0,0,0.0,,,
2024-09-25 04:06:36,"Evening Workout",26m,"Bench Press (Barbell)",2,83.91,3.0,0,0.0,,,
2024-09-25 04:06:36,"Evening Workout",26m,"Bench Press (Barbell)",3,70.31,8.0,0,0.0,,,
2024-09-25 04:06:36,"Evening Workout",26m,"Bench Press (Barbell)",4,70.31,8.0,0,0.0,,,
2024-09-25 04:06:36,"Evening Workout",26m,"Bench Press (Barbell)",5,70.31,6.0,0,0.0,,,
2024-09-25 04:06:36,"Evening Workout",26m,"Bench Press (Barbell)",D,61.23,4.0,0,0.0,,,
2024-09-25 04:06:36,"Evening Workout",26m,"single leg squat",1,0.0,10.0,0,0.0,"",,
2024-09-25 04:06:36,"Evening Workout",26m,"single leg squat",2,0.0,10.0,0,0.0,,,
2024-09-25 04:06:36,"Evening Workout",26m,"single leg squat",3,0.0,10.0,0,0.0,,,
2024-09-25 04:06:36,"Evening Workout",26m,"Chest Fly",1,54.88,8.0,0,0.0,"",,
2024-09-25 04:06:36,"Evening Workout",26m,"Chest Fly",2,62.14,8.0,0,0.0,,,
2024-09-25 04:06:36,"Evening Workout",26m,"Chest Fly",3,62.14,6.0,0,0.0,,,
2024-09-27 23:54:25,"Afternoon Workout",1h 24m,"Seated Row (Cable)",W,45.36,8.0,0,0.0,"","",
2024-09-27 23:54:25,"Afternoon Workout",1h 24m,"Seated Row (Cable)",1,54.43,8.0,0,0.0,,,
2024-09-27 23:54:25,"Afternoon Workout",1h 24m,"Seated Row (Cable)",2,63.5,6.0,0,0.0,,,
2024-09-27 23:54:25,"Afternoon Workout",1h 24m,"Seated Row (Cable)",3,63.5,6.0,0,0.0,,,
2024-09-27 23:54:25,"Afternoon Workout",1h 24m,"Bench Dip",1,0.0,8.0,0,0.0,"",,
2024-09-27 23:54:25,"Afternoon Workout",1h 24m,"Bench Dip",2,0.0,10.0,0,0.0,,,
2024-09-27 23:54:25,"Afternoon Workout",1h 24m,"Bench Dip",3,0.0,10.0,0,0.0,,,
2024-09-27 23:54:25,"Afternoon Workout",1h 24m,"Bench Press (Barbell)",W,20.41,8.0,0,0.0,"",,
2024-09-27 23:54:25,"Afternoon Workout",1h 24m,"Bench Press (Barbell)",1,61.23,8.0,0,0.0,,,
2024-09-27 23:54:25,"Afternoon Workout",1h 24m,"Bench Press (Barbell)",2,83.91,3.0,0,0.0,,,
2024-09-27 23:54:25,"Afternoon Workout",1h 24m,"Bench Press (Barbell)",3,70.31,8.0,0,0.0,,,
2024-09-27 23:54:25,"Afternoon Workout",1h 24m,"Bench Press (Barbell)",4,70.31,8.0,0,0.0,,,
2024-09-27 23:54:25,"Afternoon Workout",1h 24m,"Bench Press (Barbell)",5,79.38,4.0,0,0.0,,,
2024-09-27 23:54:25,"Afternoon Workout",1h 24m,"Bench Press (Barbell)",D,61.23,4.0,0,0.0,,,
2024-09-27 23:54:25,"Afternoon Workout",1h 24m,"Battle Ropes",1,0,0.0,0,20.0,"",,
2024-09-27 23:54:25,"Afternoon Workout",1h 24m,"Battle Ropes",2,0,0.0,0,20.0,,,
2024-09-27 23:54:25,"Afternoon Workout",1h 24m,"Bicep Curl (Barbell)",1,50.0,6.0,0,0.0,"",,
2024-09-27 23:54:25,"Afternoon Workout",1h 24m,"Bicep Curl (Barbell)",2,50.0,6.0,0,0.0,,,
2024-09-27 23:54:25,"Afternoon Workout",1h 24m,"Bicep Curl (Barbell)",3,50.0,6.0,0,0.0,,,
2024-10-06 16:25:55,"Morning Workout",39m,"Squat (Barbell)",W,20.41,8.0,0,0.0,"","",
2024-10-06 16:25:55,"Morning Workout",39m,"Squat (Barbell)",1,43.09,8.0,0,0.0,,,
2024-10-06 16:25:55,"Morning Workout",39m,"Squat (Barbell)",2,61.23,8.0,0,0.0,,,
2024-10-06 16:25:55,"Morning Workout",39m,"Squat (Barbell)",3,70.31,8.0,0,0.0,,,
2024-10-06 16:25:55,"Morning Workout",39m,"Squat (Barbell)",4,83.91,5.0,0,0.0,,,
2024-10-06 16:25:55,"Morning Workout",39m,"Squat (Barbell)",5,92.99,3.0,0,0.0,,,
2024-10-06 16:25:55,"Morning Workout",39m,"Squat (Barbell)",6,83.91,5.0,0,0.0,,,
2024-10-06 16:25:55,"Morning Workout",39m,"Squat (Barbell)",D,61.23,8.0,0,0.0,,,
2024-10-06 16:25:55,"Morning Workout",39m,"Romanian Deadlift (Barbell)",W,20.41,8.0,0,0.0,"",,
2024-10-06 16:25:55,"Morning Workout",39m,"Romanian Deadlift (Barbell)",1,43.09,5.0,0,0.0,,,
2024-10-06 16:25:55,"Morning Workout",39m,"Romanian Deadlift (Barbell)",2,65.77,6.0,0,0.0,,,
2024-10-06 16:25:55,"Morning Workout",39m,"Romanian Deadlift (Barbell)",3,65.77,6.0,0,0.0,,,
2024-10-06 16:25:55,"Morning Workout",39m,"Romanian Deadlift (Barbell)",4,65.77,3.0,0,0.0,,,
2024-10-06 16:25:55,"Morning Workout",39m,"Leg Extension (Machine)",1,54.88,8.0,0,0.0,"",,
2024-10-06 16:25:55,"Morning Workout",39m,"Leg Extension (Machine)",2,54.88,8.0,0,0.0,,,
2024-10-06 16:25:55,"Morning Workout",39m,"Leg Extension (Machine)",3,54.88,8.0,0,0.0,,,
2024-10-10 04:10:51,"Evening Workout",31m,"Bench Press (Barbell)",W,20.41,8.0,0,0.0,"","",
2024-10-10 04:10:51,"Evening Workout",31m,"Bench Press (Barbell)",1,43.09,8.0,0,0.0,,,
2024-10-10 04:10:51,"Evening Workout",31m,"Bench Press (Barbell)",2,61.23,8.0,0,0.0,,,
2024-10-10 04:10:51,"Evening Workout",31m,"Bench Press (Barbell)",3,61.23,8.0,0,0.0,,,
2024-10-10 04:10:51,"Evening Workout",31m,"Bench Press (Barbell)",4,83.91,3.0,0,0.0,,,
2024-10-10 04:10:51,"Evening Workout",31m,"Bench Press (Barbell)",D,61.23,6.0,0,0.0,,,
2024-10-10 04:10:51,"Evening Workout",31m,"Chest Fly (Band)",1,120.0,8.0,0,0.0,"",,
2024-10-10 04:10:51,"Evening Workout",31m,"Chest Fly (Band)",2,120.0,8.0,0,0.0,,,
2024-10-10 04:10:51,"Evening Workout",31m,"Chest Fly (Band)",3,140.0,6.0,0,0.0,,,
2024-10-12 01:46:03,"Evening Workout",36m,"Lat Pulldown (Cable)",1,98.0,8.0,0,0.0,"","",
2024-10-12 01:46:03,"Evening Workout",36m,"Lat Pulldown (Cable)",2,121.0,8.0,0,0.0,,,
2024-10-12 01:46:03,"Evening Workout",36m,"Lat Pulldown (Cable)",3,137.0,8.0,0,0.0,,,
2024-10-12 01:46:03,"Evening Workout",36m,"Pull Up",1,0,3.0,0,0.0,"",,
2024-10-12 01:46:03,"Evening Workout",36m,"Pull Up",2,0,4.0,0,0.0,,,
2024-10-12 01:46:03,"Evening Workout",36m,"Pull Up",3,0,4.0,0,0.0,,,
2024-10-12 01:46:03,"Evening Workout",36m,"Bicep Curl (Cable)",1,80.0,8.0,0,0.0,"",,
2024-10-12 01:46:03,"Evening Workout",36m,"Bicep Curl (Cable)",2,90.0,6.0,0,0.0,,,
2024-10-12 01:46:03,"Evening Workout",36m,"Bicep Curl (Cable)",3,100.0,8.0,0,0.0,,,
2024-10-12 01:46:03,"Evening Workout",36m,"Bent Over One Arm Row (Dumbbell)",1,20.41,8.0,0,0.0,"",,
2024-10-12 01:46:03,"Evening Workout",36m,"Bent Over One Arm Row (Dumbbell)",2,20.41,6.0,0,0.0,,,
2024-10-12 01:46:03,"Evening Workout",36m,"Bent Over One Arm Row (Dumbbell)",3,20.41,8.0,0,0.0,,,
2024-10-15 03:35:07,"Evening Workout",29m,"Squat (Barbell)",W,20.41,8.0,0,0.0,"","",
2024-10-15 03:35:07,"Evening Workout",29m,"Squat (Barbell)",1,43.09,8.0,0,0.0,,,
2024-10-15 03:35:07,"Evening Workout",29m,"Squat (Barbell)",2,61.23,8.0,0,0.0,,,
2024-10-15 03:35:07,"Evening Workout",29m,"Squat (Barbell)",3,83.91,8.0,0,0.0,,,
2024-10-15 03:35:07,"Evening Workout",29m,"Squat (Barbell)",4,92.99,6.0,0,0.0,,,
2024-10-15 03:35:07,"Evening Workout",29m,"Squat (Barbell)",5,83.91,4.0,0,0.0,,,
2024-10-15 03:35:07,"Evening Workout",29m,"Squat (Barbell)",D,83.91,6.0,0,0.0,,,
2024-10-15 03:35:07,"Evening Workout",29m,"Seated Leg Press (Machine)",1,121.0,8.0,0,0.0,"",,
2024-10-15 03:35:07,"Evening Workout",29m,"Seated Leg Press (Machine)",2,154.0,8.0,0,0.0,,,
2024-10-15 03:35:07,"Evening Workout",29m,"Seated Leg Press (Machine)",3,187.0,8.0,0,0.0,,,
2024-10-17 00:38:39,"Evening Workout",48m,"Lat Pulldown (Cable)",W,88.0,8.0,0,0.0,"","",
2024-10-17 00:38:39,"Evening Workout",48m,"Lat Pulldown (Cable)",1,137.0,5.0,0,0.0,,,
2024-10-17 00:38:39,"Evening Workout",48m,"Lat Pulldown (Cable)",2,137.0,5.0,0,0.0,,,
2024-10-17 00:38:39,"Evening Workout",48m,"Lat Pulldown (Cable)",3,137.0,6.0,0,0.0,,,
2024-10-17 00:38:39,"Evening Workout",48m,"Lat Pulldown (Cable)",4,137.0,5.0,0,0.0,,,
2024-10-17 00:38:39,"Evening Workout",48m,"Bench Press (Barbell)",W,20.41,8.0,0,0.0,"",,
2024-10-17 00:38:39,"Evening Workout",48m,"Bench Press (Barbell)",1,61.23,8.0,0,0.0,,,
2024-10-17 00:38:39,"Evening Workout",48m,"Bench Press (Barbell)",2,70.31,6.0,0,0.0,,,
2024-10-17 00:38:39,"Evening Workout",48m,"Bench Press (Barbell)",3,70.31,8.0,0,0.0,,,
2024-10-17 00:38:39,"Evening Workout",48m,"Bench Press (Barbell)",4,70.31,8.0,0,0.0,,,
2024-10-17 00:38:39,"Evening Workout",48m,"Bench Press (Barbell)",D,70.31,5.0,0,0.0,,,
2024-11-07 04:15:35,"Evening Workout",18m,"Bench Press (Barbell)",W,20.41,8.0,0,0.0,"","",
2024-11-07 04:15:35,"Evening Workout",18m,"Bench Press (Barbell)",1,61.23,8.0,0,0.0,,,
2024-11-07 04:15:35,"Evening Workout",18m,"Bench Press (Barbell)",2,61.23,8.0,0,0.0,,,
2024-11-07 04:15:35,"Evening Workout",18m,"Bench Press (Barbell)",3,61.23,8.0,0,0.0,,,
2024-11-07 04:15:35,"Evening Workout",18m,"Bench Press (Barbell)",4,61.23,8.0,0,0.0,,,
2024-11-10 00:14:49,"Evening Workout",16h 4m,"Lat Pulldown (Cable)",W,44.0,8.0,0,0.0,"","",
2024-11-10 00:14:49,"Evening Workout",16h 4m,"Lat Pulldown (Cable)",W,88.0,8.0,0,0.0,,,
2024-11-10 00:14:49,"Evening Workout",16h 4m,"Lat Pulldown (Cable)",1,121.0,8.0,0,0.0,,,
2024-11-10 00:14:49,"Evening Workout",16h 4m,"Lat Pulldown (Cable)",2,121.0,8.0,0,0.0,,,
2024-11-10 00:14:49,"Evening Workout",16h 4m,"Lat Pulldown (Cable)",3,121.0,6.0,0,0.0,,,
2024-11-10 00:14:49,"Evening Workout",16h 4m,"Romanian Deadlift (Barbell)",W,20.41,8.0,0,0.0,"",,
2024-11-10 00:14:49,"Evening Workout",16h 4m,"Romanian Deadlift (Barbell)",1,43.09,5.0,0,0.0,,,
2024-11-10 00:14:49,"Evening Workout",16h 4m,"Romanian Deadlift (Barbell)",2,61.23,8.0,0,0.0,,,
2024-11-10 00:14:49,"Evening Workout",16h 4m,"Romanian Deadlift (Barbell)",3,61.23,8.0,0,0.0,,,
2024-11-10 00:14:49,"Evening Workout",16h 4m,"Romanian Deadlift (Barbell)",4,61.23,6.0,0,0.0,,,
2024-11-13 01:29:19,"Evening Workout",49m,"Bench Press (Dumbbell)",W,22.68,8.0,0,0.0,"","",
2024-11-13 01:29:19,"Evening Workout",49m,"Bench Press (Dumbbell)",1,31.75,8.0,0,0.0,,,
2024-11-13 01:29:19,"Evening Workout",49m,"Bench Press (Dumbbell)",2,31.75,5.0,0,0.0,,,
2024-11-13 01:29:19,"Evening Workout",49m,"Bench Press (Dumbbell)",3,31.75,8.0,0,0.0,,,
2024-11-13 01:29:19,"Evening Workout",49m,"Triceps Extension (Dumbbell)",W,20.41,8.0,0,0.0,"",,
2024-11-13 01:29:19,"Evening Workout",49m,"Triceps Extension (Dumbbell)",1,22.68,8.0,0,0.0,,,
2024-11-13 01:29:19,"Evening Workout",49m,"Triceps Extension (Dumbbell)",2,22.68,8.0,0,0.0,,,
2024-11-13 01:29:19,"Evening Workout",49m,"Triceps Extension (Dumbbell)",3,22.68,8.0,0,0.0,,,
2024-11-13 01:29:19,"Evening Workout",49m,"Incline Bench Press (Dumbbell)",1,20.41,8.0,0,0.0,"",,
2024-11-13 01:29:19,"Evening Workout",49m,"Incline Bench Press (Dumbbell)",2,20.41,8.0,0,0.0,,,
2024-11-13 01:29:19,"Evening Workout",49m,"Incline Bench Press (Dumbbell)",3,20.41,8.0,0,0.0,,,
2024-11-13 01:29:19,"Evening Workout",49m,"Tricep kickback (dumbbell)",1,11.34,10.0,0,0.0,"",,
2024-11-13 01:29:19,"Evening Workout",49m,"Tricep kickback (dumbbell)",2,11.34,10.0,0,0.0,,,
2024-11-13 01:29:19,"Evening Workout",49m,"Tricep kickback (dumbbell)",3,11.34,10.0,0,0.0,,,
2024-11-13 01:29:19,"Evening Workout",49m,"Triceps Pushdown (Cable - Straight Bar)",1,40.82,8.0,0,0.0,"",,
2024-11-13 01:29:19,"Evening Workout",49m,"Triceps Pushdown (Cable - Straight Bar)",2,45.36,8.0,0,0.0,,,
2024-11-16 15:29:57,"Morning Workout",1h 20m,"Squat (Barbell)",W,20.41,8.0,0,0.0,"","",
2024-11-16 15:29:57,"Morning Workout",1h 20m,"Squat (Barbell)",1,61.23,8.0,0,0.0,,,
2024-11-16 15:29:57,"Morning Workout",1h 20m,"Squat (Barbell)",2,61.23,6.0,0,0.0,,,
2024-11-16 15:29:57,"Morning Workout",1h 20m,"Squat (Barbell)",3,61.23,8.0,0,0.0,,,
2024-11-16 15:29:57,"Morning Workout",1h 20m,"Romanian Deadlift (Barbell)",W,20.41,8.0,0,0.0,"",,
2024-11-16 15:29:57,"Morning Workout",1h 20m,"Romanian Deadlift (Barbell)",1,43.09,8.0,0,0.0,,,
2024-11-16 15:29:57,"Morning Workout",1h 20m,"Romanian Deadlift (Barbell)",2,61.23,8.0,0,0.0,,,
2024-11-16 15:29:57,"Morning Workout",1h 20m,"Romanian Deadlift (Barbell)",3,61.23,8.0,0,0.0,,,
2024-11-16 15:29:57,"Morning Workout",1h 20m,"Leg Extension (Machine)",1,54.88,8.0,0,0.0,"",,
2024-11-16 15:29:57,"Morning Workout",1h 20m,"Leg Extension (Machine)",2,54.88,8.0,0,0.0,,,
2024-11-16 15:29:57,"Morning Workout",1h 20m,"Leg Extension (Machine)",3,64.86,8.0,0,0.0,,,
2024-12-03 03:11:04,"Evening Workout",1h 42m,"Bench Press (Dumbbell)",W,18.14,8.0,0,0.0,"","",
2024-12-03 03:11:04,"Evening Workout",1h 42m,"Bench Press (Dumbbell)",1,29.48,8.0,0,0.0,,,
2024-12-03 03:11:04,"Evening Workout",1h 42m,"Bench Press (Dumbbell)",2,29.48,5.0,0,0.0,,,
2024-12-03 03:11:04,"Evening Workout",1h 42m,"Bench Press (Dumbbell)",3,29.48,6.0,0,0.0,,,
2024-12-03 03:11:04,"Evening Workout",1h 42m,"Triceps Extension (Dumbbell)",1,20.41,8.0,0,0.0,"",,
2024-12-03 03:11:04,"Evening Workout",1h 42m,"Triceps Extension (Dumbbell)",2,22.68,8.0,0,0.0,,,
2024-12-03 03:11:04,"Evening Workout",1h 42m,"Triceps Extension (Dumbbell)",3,22.68,8.0,0,0.0,,,
2024-12-03 03:11:04,"Evening Workout",1h 42m,"single leg squat",1,0.0,10.0,0,0.0,"",,
2024-12-03 03:11:04,"Evening Workout",1h 42m,"single leg squat",2,0.0,10.0,0,0.0,,,
2024-12-03 03:11:04,"Evening Workout",1h 42m,"single leg squat",3,0.0,10.0,0,0.0,,,
2024-12-03 03:11:04,"Evening Workout",1h 42m,"Triceps Pushdown (Cable - Straight Bar)",1,40.82,8.0,0,0.0,"",,
2024-12-03 03:11:04,"Evening Workout",1h 42m,"Triceps Pushdown (Cable - Straight Bar)",2,45.36,8.0,0,0.0,,,
2024-12-03 03:11:04,"Evening Workout",1h 42m,"Triceps Pushdown (Cable - Straight Bar)",3,45.36,8.0,0,0.0,,,
2024-12-03 03:11:04,"Evening Workout",1h 42m,"Incline Bench Press (Dumbbell)",1,20.41,8.0,0,0.0,"",,
2024-12-03 03:11:04,"Evening Workout",1h 42m,"Incline Bench Press (Dumbbell)",2,20.41,8.0,0,0.0,,,
2024-12-03 03:11:04,"Evening Workout",1h 42m,"Incline Bench Press (Dumbbell)",3,20.41,8.0,0,0.0,,,
2024-12-03 03:11:04,"Evening Workout",1h 42m,"wall squats",1,0,60.0,0,0.0,"",,
2024-12-03 03:11:04,"Evening Workout",1h 42m,"wall squats",2,25.0,60.0,0,0.0,,,
2024-12-07 23:32:28,"Afternoon Workout",1h 12m,"Lat Pulldown (Cable)",W,44.0,8.0,0,0.0,"","",
2024-12-07 23:32:28,"Afternoon Workout",1h 12m,"Lat Pulldown (Cable)",1,104.5,8.0,0,0.0,,,
2024-12-07 23:32:28,"Afternoon Workout",1h 12m,"Lat Pulldown (Cable)",2,121.0,8.0,0,0.0,,,
2024-12-07 23:32:28,"Afternoon Workout",1h 12m,"Lat Pulldown (Cable)",3,121.0,8.0,0,0.0,,,
2024-12-07 23:32:28,"Afternoon Workout",1h 12m,"Lat Pulldown (Cable)",4,121.0,6.0,0,0.0,,,
2024-12-09 14:15:32,"Morning Workout",48m,"Bench Press (Dumbbell)",W,18.14,8.0,0,0.0,"","",
2024-12-09 14:15:32,"Morning Workout",48m,"Bench Press (Dumbbell)",1,29.48,8.0,0,0.0,,,
2024-12-09 14:15:32,"Morning Workout",48m,"Bench Press (Dumbbell)",2,29.48,8.0,0,0.0,,,
2024-12-09 14:15:32,"Morning Workout",48m,"Bench Press (Dumbbell)",3,29.48,8.0,0,0.0,,,
2024-12-09 14:15:32,"Morning Workout",48m,"Triceps Extension (Dumbbell)",W,18.14,8.0,0,0.0,"",,
2024-12-09 14:15:32,"Morning Workout",48m,"Triceps Extension (Dumbbell)",1,20.41,8.0,0,0.0,,,
2024-12-09 14:15:32,"Morning Workout",48m,"Triceps Extension (Dumbbell)",2,20.41,8.0,0,0.0,,,
2024-12-09 14:15:32,"Morning Workout",48m,"Triceps Extension (Dumbbell)",3,20.41,8.0,0,0.0,,,
2024-12-09 14:15:32,"Morning Workout",48m,"Triceps Pushdown (Cable - Straight Bar)",W,31.75,8.0,0,0.0,"",,
2024-12-09 14:15:32,"Morning Workout",48m,"Triceps Pushdown (Cable - Straight Bar)",1,40.82,8.0,0,0.0,,,
2024-12-09 14:15:32,"Morning Workout",48m,"Triceps Pushdown (Cable - Straight Bar)",2,49.9,8.0,0,0.0,,,
2024-12-09 14:15:32,"Morning Workout",48m,"Triceps Pushdown (Cable - Straight Bar)",3,49.9,8.0,0,0.0,,,
2024-12-11 17:34:58,"Morning Workout",34m,"Squat (Barbell)",W,20.41,8.0,0,0.0,"","",
2024-12-11 17:34:58,"Morning Workout",34m,"Squat (Barbell)",1,61.23,8.0,0,0.0,,,
2024-12-11 17:34:58,"Morning Workout",34m,"Squat (Barbell)",2,61.23,6.0,0,0.0,,,
2024-12-11 17:34:58,"Morning Workout",34m,"Squat (Barbell)",3,83.91,8.0,0,0.0,,,
2024-12-11 17:34:58,"Morning Workout",34m,"Leg Extension (Machine)",1,59.87,8.0,0,0.0,"",,
2024-12-11 17:34:58,"Morning Workout",34m,"Leg Extension (Machine)",2,59.87,8.0,0,0.0,,,
2024-12-11 17:34:58,"Morning Workout",34m,"Leg Extension (Machine)",3,64.86,8.0,0,0.0,,,
2024-12-11 17:34:58,"Morning Workout",34m,"Seated Leg Press (Machine)",1,154.0,8.0,0,0.0,"",,
2024-12-11 17:34:58,"Morning Workout",34m,"Seated Leg Press (Machine)",2,154.0,8.0,0,0.0,,,
2024-12-11 17:34:58,"Morning Workout",34m,"Seated Leg Press (Machine)",3,154.0,8.0,0,0.0,,,
2024-12-28 04:29:52,"Evening Workout",3h 27m,"Bench Press (Barbell)",W,20.41,8.0,0,0.0,"","",
2024-12-28 04:29:52,"Evening Workout",3h 27m,"Bench Press (Barbell)",1,43.09,8.0,0,0.0,,,
2024-12-28 04:29:52,"Evening Workout",3h 27m,"Bench Press (Barbell)",2,61.23,8.0,0,0.0,,,
2024-12-28 04:29:52,"Evening Workout",3h 27m,"Bench Press (Barbell)",3,70.31,8.0,0,0.0,,,
2024-12-28 04:29:52,"Evening Workout",3h 27m,"Bench Press (Barbell)",4,74.84,5.0,0,0.0,,,
2024-12-28 04:29:52,"Evening Workout",3h 27m,"Bench Press (Barbell)",5,74.84,6.0,0,0.0,,,
2024-12-28 04:29:52,"Evening Workout",3h 27m,"Romanian Deadlift (Barbell)",W,20.41,8.0,0,0.0,"",,
2024-12-28 04:29:52,"Evening Workout",3h 27m,"Romanian Deadlift (Barbell)",1,43.09,8.0,0,0.0,,,
2024-12-28 04:29:52,"Evening Workout",3h 27m,"Romanian Deadlift (Barbell)",2,61.23,5.0,0,0.0,,,
2024-12-28 04:29:52,"Evening Workout",3h 27m,"Romanian Deadlift (Barbell)",3,61.23,5.0,0,0.0,,,
2024-12-28 04:29:52,"Evening Workout",3h 27m,"Chest Press (Machine)",1,40.82,8.0,0,0.0,"",,
2024-12-28 04:29:52,"Evening Workout",3h 27m,"Chest Press (Machine)",2,63.5,6.0,0,0.0,,,
2024-12-28 04:29:52,"Evening Workout",3h 27m,"Chest Press (Machine)",3,63.5,6.0,0,0.0,,,
2024-12-29 01:32:42,"Afternoon Workout",58m,"Squat (Barbell)",W,20.41,8.0,0,0.0,"","",
2024-12-29 01:32:42,"Afternoon Workout",58m,"Squat (Barbell)",1,61.23,8.0,0,0.0,,,
2024-12-29 01:32:42,"Afternoon Workout",58m,"Squat (Barbell)",2,83.91,8.0,0,0.0,,,
2024-12-29 01:32:42,"Afternoon Workout",58m,"Squat (Barbell)",3,92.99,4.0,0,0.0,,,
2024-12-29 01:32:42,"Afternoon Workout",58m,"Squat (Barbell)",4,92.99,5.0,0,0.0,,,
2024-12-29 01:32:42,"Afternoon Workout",58m,"Squat (Barbell)",5,92.99,7.0,0,0.0,,,
2024-12-29 01:32:42,"Afternoon Workout",58m,"Leg Extension (Machine)",1,56.7,8.0,0,0.0,"",,
2024-12-29 01:32:42,"Afternoon Workout",58m,"Leg Extension (Machine)",2,65.77,8.0,0,0.0,,,
2024-12-29 01:32:42,"Afternoon Workout",58m,"Leg Extension (Machine)",3,74.84,6.0,0,0.0,,,
2024-12-29 01:32:42,"Afternoon Workout",58m,"Leg Press",1,86.18,8.0,0,0.0,"",,
2024-12-29 01:32:42,"Afternoon Workout",58m,"Leg Press",2,127.01,8.0,0,0.0,,,
2024-12-29 01:32:42,"Afternoon Workout",58m,"Leg Press",3,127.01,5.0,0,0.0,,,
2024-12-29 01:32:42,"Afternoon Workout",58m,"Romanian Deadlift (Barbell)",W,22.68,8.0,0,0.0,"",,
2024-12-29 01:32:42,"Afternoon Workout",58m,"Romanian Deadlift (Barbell)",1,45.36,8.0,0,0.0,,,
2024-12-29 01:32:42,"Afternoon Workout",58m,"Romanian Deadlift (Barbell)",2,45.36,5.0,0,0.0,,,
2024-12-29 01:32:42,"Afternoon Workout",58m,"Romanian Deadlift (Barbell)",3,45.36,5.0,0,0.0,,,
2024-12-31 03:19:56,"Evening Workout",39m,"Seated Row (Cable)",W,39.92,8.0,0,0.0,"","",
2024-12-31 03:19:56,"Evening Workout",39m,"Seated Row (Cable)",1,49.9,8.0,0,0.0,,,
2024-12-31 03:19:56,"Evening Workout",39m,"Seated Row (Cable)",2,54.88,8.0,0,0.0,,,
2024-12-31 03:19:56,"Evening Workout",39m,"Seated Row (Cable)",3,64.86,6.0,0,0.0,,,
2024-12-31 03:19:56,"Evening Workout",39m,"Seated Row (Cable)",4,64.86,6.0,0,0.0,,,
2024-12-31 03:19:56,"Evening Workout",39m,"Lat Pulldown (Cable)",W,77.0,8.0,0,0.0,"",,
2024-12-31 03:19:56,"Evening Workout",39m,"Lat Pulldown (Cable)",1,110.0,8.0,0,0.0,,,
2024-12-31 03:19:56,"Evening Workout",39m,"Lat Pulldown (Cable)",2,120.0,3.0,0,0.0,,,
2024-12-31 03:19:56,"Evening Workout",39m,"Lat Pulldown (Cable)",3,99.0,6.0,0,0.0,,,
2024-12-31 03:19:56,"Evening Workout",39m,"Lat Pulldown (Cable)",4,110.0,6.0,0,0.0,,,
2024-12-31 03:19:56,"Evening Workout",39m,"Bicep Curl (Cable)",1,60.0,6.0,0,0.0,"",,
2024-12-31 03:19:56,"Evening Workout",39m,"Bicep Curl (Cable)",2,55.0,5.0,0,0.0,,,
2024-12-31 03:19:56,"Evening Workout",39m,"Bicep Curl (Cable)",3,50.0,5.0,0,0.0,,,
2024-12-31 03:19:56,"Evening Workout",39m,"Bicep Curl (Cable)",4,50.0,5.0,0,0.0,,,
2024-12-31 03:19:56,"Evening Workout",39m,"Bicep Curl (Barbell)",1,50.0,6.0,0,0.0,"",,
2024-12-31 03:19:56,"Evening Workout",39m,"Bicep Curl (Barbell)",2,50.0,8.0,0,0.0,,,
2024-12-31 03:19:56,"Evening Workout",39m,"Bicep Curl (Barbell)",3,50.0,7.0,0,0.0,,,
2025-01-13 03:45:55,"Evening Workout",24m,"Triceps Extension (Dumbbell)",1,18.14,8.0,0,0.0,"","",
2025-01-13 03:45:55,"Evening Workout",24m,"Triceps Extension (Dumbbell)",2,20.41,8.0,0,0.0,,,
2025-01-13 03:45:55,"Evening Workout",24m,"Triceps Extension (Dumbbell)",3,20.41,8.0,0,0.0,,,
2025-01-13 03:45:55,"Evening Workout",24m,"Triceps Extension (Dumbbell)",4,20.41,8.0,0,0.0,,,
2025-01-13 03:45:55,"Evening Workout",24m,"Bench Press (Dumbbell)",1,18.14,8.0,0,0.0,"",,
2025-01-13 03:45:55,"Evening Workout",24m,"Bench Press (Dumbbell)",2,27.22,8.0,0,0.0,,,
2025-01-13 03:45:55,"Evening Workout",24m,"Bench Press (Dumbbell)",3,27.22,8.0,0,0.0,,,
2025-01-13 03:45:55,"Evening Workout",24m,"Bench Press (Dumbbell)",4,27.22,8.0,0,0.0,,,
2025-01-13 03:45:55,"Evening Workout",24m,"Chest Fly (Band)",1,120.0,5.0,0,0.0,"",,
2025-01-13 03:45:55,"Evening Workout",24m,"Chest Fly (Band)",2,120.0,6.0,0,0.0,,,
2025-01-13 03:45:55,"Evening Workout",24m,"Chest Fly (Band)",3,120.0,5.0,0,0.0,,,
2025-02-12 01:09:43,"Evening Workout",46m,"Bench Press (Barbell)",W,20.41,8.0,0,0.0,"","",
2025-02-12 01:09:43,"Evening Workout",46m,"Bench Press (Barbell)",1,61.23,8.0,0,0.0,,,
2025-02-12 01:09:43,"Evening Workout",46m,"Bench Press (Barbell)",2,70.31,8.0,0,0.0,,,
2025-02-12 01:09:43,"Evening Workout",46m,"Bench Press (Barbell)",3,83.91,3.0,0,0.0,,,
2025-02-12 01:09:43,"Evening Workout",46m,"Bench Press (Barbell)",4,83.91,5.0,0,0.0,,,
2025-02-12 01:09:43,"Evening Workout",46m,"Bench Press (Barbell)",5,92.99,1.0,0,0.0,,,
2025-02-12 01:09:43,"Evening Workout",46m,"Bench Press (Barbell)",D,61.23,8.0,0,0.0,,,
2025-02-12 01:09:43,"Evening Workout",46m,"Bench Dip",1,0.0,10.0,0,0.0,"",,
2025-02-12 01:09:43,"Evening Workout",46m,"Bench Dip",2,0.0,10.0,0,0.0,,,
2025-02-12 01:09:43,"Evening Workout",46m,"Bench Dip",3,0.0,10.0,0,0.0,,,
2025-02-12 01:09:43,"Evening Workout",46m,"Incline Bench Press (Dumbbell)",1,36.29,8.0,0,0.0,"",,
2025-02-12 01:09:43,"Evening Workout",46m,"Incline Bench Press (Dumbbell)",2,45.36,8.0,0,0.0,,,
2025-02-12 01:09:43,"Evening Workout",46m,"Incline Bench Press (Dumbbell)",3,45.36,8.0,0,0.0,,,
2025-02-12 01:09:43,"Evening Workout",46m,"Tricep kickback (dumbbell)",1,9.07,10.0,0,0.0,"",,
2025-02-12 01:09:43,"Evening Workout",46m,"Tricep kickback (dumbbell)",2,13.61,10.0,0,0.0,,,
2025-02-12 01:09:43,"Evening Workout",46m,"Tricep kickback (dumbbell)",3,13.61,10.0,0,0.0,,,
2025-02-12 01:09:43,"Evening Workout",46m,"Chest Dip",1,0,8.0,0,0.0,"",,
2025-02-12 01:09:43,"Evening Workout",46m,"Chest Dip",2,0,8.0,0,0.0,,,
2025-02-12 01:09:43,"Evening Workout",46m,"Chest Dip",3,0,8.0,0,0.0,,,
2025-02-12 01:09:43,"Evening Workout",46m,"Hanging Leg Raise",1,0,10.0,0,0.0,"",,
2025-02-12 01:09:43,"Evening Workout",46m,"Hanging Leg Raise",2,0,10.0,0,0.0,,,
2025-02-12 01:09:43,"Evening Workout",46m,"Hanging Leg Raise",3,0,10.0,0,0.0,,,
2025-03-22 23:44:05,"Evening Workout",57m,"Bench Press (Barbell)",W,20.41,8.0,0,0.0,"","",
2025-03-22 23:44:05,"Evening Workout",57m,"Bench Press (Barbell)",1,43.09,8.0,0,0.0,,,
2025-03-22 23:44:05,"Evening Workout",57m,"Bench Press (Barbell)",2,61.23,10.0,0,0.0,,,
2025-03-22 23:44:05,"Evening Workout",57m,"Bench Press (Barbell)",3,70.31,8.0,0,0.0,,,
2025-03-22 23:44:05,"Evening Workout",57m,"Bench Press (Barbell)",4,83.91,3.0,0,0.0,,,
2025-03-22 23:44:05,"Evening Workout",57m,"Bench Press (Barbell)",5,83.91,3.0,0,0.0,,,
2025-03-22 23:44:05,"Evening Workout",57m,"Bench Press (Barbell)",6,61.23,8.0,0,0.0,,,
2025-03-22 23:44:05,"Evening Workout",57m,"Bench Dip",1,0.0,10.0,0,0.0,"",,
2025-03-22 23:44:05,"Evening Workout",57m,"Bench Dip",2,0.0,10.0,0,0.0,,,
2025-03-22 23:44:05,"Evening Workout",57m,"Bench Dip",3,0.0,10.0,0,0.0,,,
2025-03-22 23:44:05,"Evening Workout",57m,"Push Up",1,0.0,10.0,0,0.0,"",,
2025-03-22 23:44:05,"Evening Workout",57m,"Push Up",2,0.0,10.0,0,0.0,,,
2025-03-22 23:44:05,"Evening Workout",57m,"Side Bend (Dumbbell)",1,50.0,10.0,0,0.0,"",,
2025-03-22 23:44:05,"Evening Workout",57m,"Side Bend (Dumbbell)",2,50.0,10.0,0,0.0,,,
2025-03-22 23:44:05,"Evening Workout",57m,"Chest Fly",1,54.88,8.0,0,0.0,"",,
2025-03-22 23:44:05,"Evening Workout",57m,"Chest Fly",2,62.14,8.0,0,0.0,,,
2025-03-22 23:44:05,"Evening Workout",57m,"Chest Fly",3,62.14,8.0,0,0.0,,,
2025-03-23 22:45:08,"Afternoon Workout",35m,"Squat (Barbell)",1,20.41,8.0,0,0.0,":( broke cuz of knees — probably because haven’t worked out in a while going to focus on stretching today","",
2025-03-23 22:45:08,"Afternoon Workout",35m,"Squat (Barbell)",2,43.09,8.0,0,0.0,,,
2025-03-23 22:45:08,"Afternoon Workout",35m,"Squat (Barbell)",F,61.23,2.0,0,0.0,,,
2025-03-23 22:45:08,"Afternoon Workout",35m,"Squat (Barbell)",F,61.23,2.0,0,0.0,,,
2025-03-23 22:45:08,"Afternoon Workout",35m,"Seated Leg Press (Machine)",1,154.0,8.0,0,0.0,"",,
2025-03-23 22:45:08,"Afternoon Workout",35m,"Seated Leg Press (Machine)",2,154.0,8.0,0,0.0,,,
2025-03-23 22:45:08,"Afternoon Workout",35m,"Seated Leg Press (Machine)",3,137.0,8.0,0,0.0,,,
2025-03-23 22:45:08,"Afternoon Workout",35m,"Leg Extension (Machine)",1,54.88,8.0,0,0.0,"",,
2025-03-23 22:45:08,"Afternoon Workout",35m,"Leg Extension (Machine)",2,59.87,8.0,0,0.0,,,
2025-03-23 22:45:08,"Afternoon Workout",35m,"Leg Extension (Machine)",3,69.85,8.0,0,0.0,,,
2025-03-23 22:45:08,"Afternoon Workout",35m,"Leg Extension (Machine)",4,74.84,8.0,0,0.0,,,
2025-03-23 22:45:08,"Afternoon Workout",35m,"Side Bend (Dumbbell)",1,50.0,10.0,0,0.0,"",,
2025-03-23 22:45:08,"Afternoon Workout",35m,"Side Bend (Dumbbell)",2,50.0,10.0,0,0.0,,,
2025-03-23 22:45:08,"Afternoon Workout",35m,"Side Bend (Dumbbell)",3,50.0,10.0,0,0.0,,,
2025-03-24 13:04:48,"Morning Workout",31m,"Bench Press (Dumbbell)",W,18.14,8.0,0,0.0,"","",
2025-03-24 13:04:48,"Morning Workout",31m,"Bench Press (Dumbbell)",1,27.22,8.0,0,0.0,,,
2025-03-24 13:04:48,"Morning Workout",31m,"Bench Press (Dumbbell)",2,31.75,8.0,0,0.0,,,
2025-03-24 13:04:48,"Morning Workout",31m,"Bench Press (Dumbbell)",3,31.75,8.0,0,0.0,,,
2025-03-24 13:04:48,"Morning Workout",31m,"Bench Press (Dumbbell)",D,18.14,5.0,0,0.0,,,
2025-03-24 13:04:48,"Morning Workout",31m,"Triceps Extension (Dumbbell)",W,15.88,8.0,0,0.0,"",,
2025-03-24 13:04:48,"Morning Workout",31m,"Triceps Extension (Dumbbell)",1,22.68,6.0,0,0.0,,,
2025-03-24 13:04:48,"Morning Workout",31m,"Triceps Extension (Dumbbell)",2,22.68,6.0,0,0.0,,,
2025-03-24 13:04:48,"Morning Workout",31m,"Triceps Extension (Dumbbell)",3,22.68,8.0,0,0.0,,,
2025-03-24 13:04:48,"Morning Workout",31m,"Triceps Pushdown (Cable - Straight Bar)",1,36.29,8.0,0,0.0,"",,
2025-03-24 13:04:48,"Morning Workout",31m,"Triceps Pushdown (Cable - Straight Bar)",2,45.36,8.0,0,0.0,,,
2025-03-24 13:04:48,"Morning Workout",31m,"Triceps Pushdown (Cable - Straight Bar)",3,49.9,8.0,0,0.0,,,
2025-03-24 13:04:48,"Morning Workout",31m,"Triceps Pushdown (Cable - Straight Bar)",4,54.43,6.0,0,0.0,,,
2025-03-24 13:04:48,"Morning Workout",31m,"Bicep Curl (Cable)",1,50.0,8.0,0,0.0,"",,
2025-03-24 13:04:48,"Morning Workout",31m,"Bicep Curl (Cable)",2,60.0,8.0,0,0.0,,,
2025-03-24 13:04:48,"Morning Workout",31m,"Bicep Curl (Cable)",3,80.0,8.0,0,0.0,,,
2025-03-24 13:04:48,"Morning Workout",31m,"Bicep Curl (Cable)",4,110.0,6.0,0,0.0,,,
2025-03-28 01:00:28,"Evening Workout",38m,"Seated Leg Press (Machine)",1,121.0,8.0,0,0.0,"","",
2025-03-28 01:00:28,"Evening Workout",38m,"Seated Leg Press (Machine)",2,137.0,8.0,0,0.0,,,
2025-03-28 01:00:28,"Evening Workout",38m,"Seated Leg Press (Machine)",3,154.0,8.0,0,0.0,,,
2025-03-28 01:00:28,"Evening Workout",38m,"Seated Leg Press (Machine)",4,170.5,8.0,0,0.0,,,
2025-03-28 01:00:28,"Evening Workout",38m,"Squat (Barbell)",W,20.41,8.0,0,0.0,"",,
2025-03-28 01:00:28,"Evening Workout",38m,"Squat (Barbell)",1,43.09,8.0,0,0.0,,,
2025-03-28 01:00:28,"Evening Workout",38m,"Squat (Barbell)",2,61.23,7.0,0,0.0,,,
2025-03-28 01:00:28,"Evening Workout",38m,"Squat (Barbell)",3,61.23,5.0,0,0.0,,,
2025-03-28 01:00:28,"Evening Workout",38m,"Deadlift (Barbell)",W,20.41,8.0,0,0.0,"",,
2025-03-28 01:00:28,"Evening Workout",38m,"Deadlift (Barbell)",1,43.09,8.0,0,0.0,,,
2025-03-28 01:00:28,"Evening Workout",38m,"Deadlift (Barbell)",2,43.09,8.0,0,0.0,,,
2025-03-28 01:00:28,"Evening Workout",38m,"Deadlift (Barbell)",3,61.23,8.0,0,0.0,,,
2025-03-28 01:00:28,"Evening Workout",38m,"Deadlift (Barbell)",4,83.91,5.0,0,0.0,,,
2025-03-31 00:46:27,"Evening Workout",38m,"Bench Press (Barbell)",W,20.41,8.0,0,0.0,"","",
2025-03-31 00:46:27,"Evening Workout",38m,"Bench Press (Barbell)",1,61.23,6.0,0,0.0,,,
2025-03-31 00:46:27,"Evening Workout",38m,"Bench Press (Barbell)",2,61.23,6.0,0,0.0,,,
2025-03-31 00:46:27,"Evening Workout",38m,"Bench Press (Barbell)",3,83.91,5.0,0,0.0,,,
2025-03-31 00:46:27,"Evening Workout",38m,"Bench Press (Barbell)",4,83.91,4.0,0,0.0,,,
2025-03-31 00:46:27,"Evening Workout",38m,"Bench Press (Barbell)",5,83.91,5.0,0,0.0,,,
2025-03-31 00:46:27,"Evening Workout",38m,"Bench Press (Barbell)",D,61.23,5.0,0,0.0,,,
2025-03-31 00:46:27,"Evening Workout",38m,"Bench Press (Barbell)",D,20.41,5.0,0,0.0,,,
2025-03-31 00:46:27,"Evening Workout",38m,"Side Bend (Dumbbell)",1,60.0,8.0,0,0.0,"",,
2025-03-31 00:46:27,"Evening Workout",38m,"Side Bend (Dumbbell)",2,60.0,10.0,0,0.0,,,
2025-03-31 00:46:27,"Evening Workout",38m,"Side Bend (Dumbbell)",3,60.0,10.0,0,0.0,,,
2025-03-31 00:46:27,"Evening Workout",38m,"Triceps Extension (Dumbbell)",1,27.22,8.0,0,0.0,"",,
2025-03-31 00:46:27,"Evening Workout",38m,"Triceps Extension (Dumbbell)",2,27.22,6.0,0,0.0,,,
2025-03-31 00:46:27,"Evening Workout",38m,"Triceps Extension (Dumbbell)",3,27.22,6.0,0,0.0,,,
2025-03-31 00:46:27,"Evening Workout",38m,"Triceps Extension (Dumbbell)",4,27.22,4.0,0,0.0,,,
2025-03-31 00:46:27,"Evening Workout",38m,"Incline Bench Press (Dumbbell)",1,45.36,5.0,0,0.0,"",,
2025-03-31 00:46:27,"Evening Workout",38m,"Incline Bench Press (Dumbbell)",2,45.36,8.0,0,0.0,,,
2025-03-31 00:46:27,"Evening Workout",38m,"Incline Bench Press (Dumbbell)",3,45.36,8.0,0,0.0,,,
2025-03-31 00:46:27,"Evening Workout",38m,"Chest Fly",1,69.85,8.0,0,0.0,"",,
2025-03-31 00:46:27,"Evening Workout",38m,"Chest Fly",2,69.85,8.0,0,0.0,,,
2025-03-31 00:46:27,"Evening Workout",38m,"Chest Fly",3,69.85,6.0,0,0.0,,,
2025-04-02 01:10:50,"Evening Workout",1h 15m,"Lat Pulldown (Cable)",W,55.0,8.0,0,0.0,"","",
2025-04-02 01:10:50,"Evening Workout",1h 15m,"Lat Pulldown (Cable)",1,120.0,8.0,0,0.0,,,
2025-04-02 01:10:50,"Evening Workout",1h 15m,"Lat Pulldown (Cable)",2,137.0,6.0,0,0.0,,,
2025-04-02 01:10:50,"Evening Workout",1h 15m,"Lat Pulldown (Cable)",3,120.0,8.0,0,0.0,,,
2025-04-02 01:10:50,"Evening Workout",1h 15m,"Lat Pulldown (Cable)",F,120.0,5.0,0,0.0,,,
2025-04-02 01:10:50,"Evening Workout",1h 15m,"Reverse Fly (Machine)",1,100.0,5.0,0,0.0,"",,
2025-04-02 01:10:50,"Evening Workout",1h 15m,"Reverse Fly (Machine)",2,100.0,6.0,0,0.0,,,
2025-04-02 01:10:50,"Evening Workout",1h 15m,"Reverse Fly (Machine)",3,100.0,5.0,0,0.0,,,
2025-04-02 01:10:50,"Evening Workout",1h 15m,"Bicep Curl (Barbell)",1,30.0,8.0,0,0.0,"",,
2025-04-02 01:10:50,"Evening Workout",1h 15m,"Bicep Curl (Barbell)",2,50.0,5.0,0,0.0,,,
2025-04-02 01:10:50,"Evening Workout",1h 15m,"Bicep Curl (Barbell)",3,50.0,6.0,0,0.0,,,
2025-04-02 01:10:50,"Evening Workout",1h 15m,"body raises",1,25.0,10.0,0,0.0,"",,
2025-04-02 01:10:50,"Evening Workout",1h 15m,"body raises",2,25.0,10.0,0,0.0,,,
2025-04-02 01:10:50,"Evening Workout",1h 15m,"body raises",3,25.0,10.0,0,0.0,,,
2025-04-02 01:10:50,"Evening Workout",1h 15m,"Front Raise (Plate)",1,25.0,8.0,0,0.0,"",,
2025-04-02 01:10:50,"Evening Workout",1h 15m,"Front Raise (Plate)",2,25.0,8.0,0,0.0,,,
2025-04-02 01:10:50,"Evening Workout",1h 15m,"Front Raise (Plate)",3,25.0,8.0,0,0.0,,,
2025-04-02 01:10:50,"Evening Workout",1h 15m,"Triceps Pushdown (Cable - Straight Bar)",1,36.29,8.0,0,0.0,"",,
2025-04-02 01:10:50,"Evening Workout",1h 15m,"Triceps Pushdown (Cable - Straight Bar)",2,40.82,8.0,0,0.0,,,
2025-04-02 01:10:50,"Evening Workout",1h 15m,"Triceps Pushdown (Cable - Straight Bar)",3,45.36,8.0,0,0.0,,,
2025-04-02 01:10:50,"Evening Workout",1h 15m,"Bicep Curl (Cable)",1,80.0,8.0,0,0.0,"",,
2025-04-02 01:10:50,"Evening Workout",1h 15m,"Bicep Curl (Cable)",2,90.0,8.0,0,0.0,,,
2025-04-02 01:10:50,"Evening Workout",1h 15m,"Bicep Curl (Cable)",3,100.0,8.0,0,0.0,,,
2025-04-02 14:18:21,"Morning Workout",47m,"Romanian Deadlift (Barbell)",W,20.41,8.0,0,0.0,"","",
2025-04-02 14:18:21,"Morning Workout",47m,"Romanian Deadlift (Barbell)",1,43.09,8.0,0,0.0,,,
2025-04-02 14:18:21,"Morning Workout",47m,"Romanian Deadlift (Barbell)",2,61.23,8.0,0,0.0,,,
2025-04-02 14:18:21,"Morning Workout",47m,"Squat (Barbell)",W,20.41,8.0,0,0.0,"",,
2025-04-02 14:18:21,"Morning Workout",47m,"Squat (Barbell)",1,61.23,8.0,0,0.0,,,
2025-04-02 14:18:21,"Morning Workout",47m,"Squat (Barbell)",2,83.91,8.0,0,0.0,,,
2025-04-02 14:18:21,"Morning Workout",47m,"Squat (Barbell)",3,92.99,6.0,0,0.0,,,
2025-04-02 14:18:21,"Morning Workout",47m,"Squat (Barbell)",4,102.06,3.0,0,0.0,,,
2025-04-02 14:18:21,"Morning Workout",47m,"Squat (Barbell)",D,61.23,5.0,0,0.0,,,
2025-04-02 14:18:21,"Morning Workout",47m,"Leg Extension (Machine)",1,69.85,8.0,0,0.0,"",,
2025-04-02 14:18:21,"Morning Workout",47m,"Leg Extension (Machine)",2,59.87,8.0,0,0.0,,,
2025-04-02 14:18:21,"Morning Workout",47m,"Leg Extension (Machine)",3,59.87,8.0,0,0.0,,,
2025-04-02 14:18:21,"Morning Workout",47m,"Leg Extension (Machine)",4,59.87,8.0,0,0.0,,,
2025-04-02 14:18:21,"Morning Workout",47m,"Seated Leg Press (Machine)",1,132.0,8.0,0,0.0,"",,
2025-04-02 14:18:21,"Morning Workout",47m,"Seated Leg Press (Machine)",2,154.0,8.0,0,0.0,,,
2025-04-02 14:18:21,"Morning Workout",47m,"Seated Leg Press (Machine)",3,154.0,8.0,0,0.0,,,
2025-04-02 14:18:21,"Morning Workout",47m,"Seated Leg Press (Machine)",4,154.0,8.0,0,0.0,,,
2025-04-07 03:17:30,"Evening Workout",45m,"Romanian Deadlift (Barbell)",W,20.41,8.0,0,0.0,"","",
2025-04-07 03:17:30,"Evening Workout",45m,"Romanian Deadlift (Barbell)",1,43.09,8.0,0,0.0,,,
2025-04-07 03:17:30,"Evening Workout",45m,"Romanian Deadlift (Barbell)",2,61.23,8.0,0,0.0,,,
2025-04-07 03:17:30,"Evening Workout",45m,"Squat (Barbell)",W,20.41,8.0,0,0.0,"",,
2025-04-07 03:17:30,"Evening Workout",45m,"Squat (Barbell)",1,61.23,8.0,0,0.0,,,
2025-04-07 03:17:30,"Evening Workout",45m,"Squat (Barbell)",2,83.91,8.0,0,0.0,,,
2025-04-07 03:17:30,"Evening Workout",45m,"Squat (Barbell)",3,102.06,3.0,0,0.0,,,
2025-04-07 03:17:30,"Evening Workout",45m,"Squat (Barbell)",4,83.91,3.0,0,0.0,,,
2025-04-07 03:17:30,"Evening Workout",45m,"Squat (Barbell)",D,83.91,8.0,0,0.0,,,
2025-04-07 03:17:30,"Evening Workout",45m,"Leg Extension (Machine)",1,69.85,8.0,0,0.0,"",,
2025-04-07 03:17:30,"Evening Workout",45m,"Leg Extension (Machine)",2,74.84,8.0,0,0.0,,,
2025-04-07 03:17:30,"Evening Workout",45m,"Leg Extension (Machine)",3,79.83,8.0,0,0.0,,,
2025-04-07 03:17:30,"Evening Workout",45m,"Leg Extension (Machine)",4,84.82,8.0,0,0.0,,,
2025-04-07 03:17:30,"Evening Workout",45m,"Seated Leg Press (Machine)",1,154.0,8.0,0,0.0,"",,
2025-04-07 03:17:30,"Evening Workout",45m,"Seated Leg Press (Machine)",2,170.5,8.0,0,0.0,,,
2025-04-07 03:17:30,"Evening Workout",45m,"Seated Leg Press (Machine)",3,170.5,8.0,0,0.0,,,
2025-04-09 03:39:17,"Evening Workout",44m,"Lat Pulldown (Cable)",W,30.0,8.0,0,0.0,"","",
2025-04-09 03:39:17,"Evening Workout",44m,"Lat Pulldown (Cable)",1,121.0,8.0,0,0.0,,,
2025-04-09 03:39:17,"Evening Workout",44m,"Lat Pulldown (Cable)",2,121.0,6.0,0,0.0,,,
2025-04-09 03:39:17,"Evening Workout",44m,"Lat Pulldown (Cable)",3,137.5,6.0,0,0.0,,,
2025-04-09 03:39:17,"Evening Workout",44m,"Lat Pulldown (Cable)",D,120.0,3.0,0,0.0,,,
2025-04-09 03:39:17,"Evening Workout",44m,"Reverse Fly (Machine)",1,88.0,8.0,0,0.0,"",,
2025-04-09 03:39:17,"Evening Workout",44m,"Reverse Fly (Machine)",2,104.5,5.0,0,0.0,,,
2025-04-09 03:39:17,"Evening Workout",44m,"Reverse Fly (Machine)",3,104.5,5.0,0,0.0,,,
2025-04-09 03:39:17,"Evening Workout",44m,"Romanian Deadlift (Barbell)",1,43.09,8.0,0,0.0,"",,
2025-04-09 03:39:17,"Evening Workout",44m,"Romanian Deadlift (Barbell)",2,43.09,8.0,0,0.0,,,
2025-04-09 03:39:17,"Evening Workout",44m,"Romanian Deadlift (Barbell)",3,43.09,8.0,0,0.0,,,
2025-04-09 03:39:17,"Evening Workout",44m,"Deadlift (Barbell)",W,43.09,8.0,0,0.0,"",,
2025-04-09 03:39:17,"Evening Workout",44m,"Deadlift (Barbell)",1,61.23,8.0,0,0.0,,,
2025-04-09 03:39:17,"Evening Workout",44m,"Deadlift (Barbell)",2,61.23,6.0,0,0.0,,,
2025-04-09 03:39:17,"Evening Workout",44m,"Deadlift (Barbell)",3,83.91,5.0,0,0.0,,,
2025-04-09 03:39:17,"Evening Workout",44m,"Deadlift (Barbell)",4,83.91,5.0,0,0.0,,,
2025-04-09 03:39:17,"Evening Workout",44m,"Side Bend (Dumbbell)",1,50.0,10.0,0,0.0,"",,
2025-04-09 03:39:17,"Evening Workout",44m,"Side Bend (Dumbbell)",2,50.0,10.0,0,0.0,,,
2025-04-09 03:39:17,"Evening Workout",44m,"Side Bend (Dumbbell)",3,50.0,10.0,0,0.0,,,
2025-04-09 03:39:17,"Evening Workout",44m,"Hanging Knee Raise",1,0,10.0,0,0.0,"",,
2025-04-09 03:39:17,"Evening Workout",44m,"Hanging Knee Raise",2,0,12.0,0,0.0,,,
2025-04-09 03:39:17,"Evening Workout",44m,"Hanging Knee Raise",3,0,12.0,0,0.0,,,
2025-04-09 03:39:17,"Evening Workout",44m,"Bench Dip",1,0.0,10.0,0,0.0,"",,
2025-04-09 03:39:17,"Evening Workout",44m,"Bench Dip",2,0.0,10.0,0,0.0,,,
2025-04-09 03:39:17,"Evening Workout",44m,"Bench Dip",3,0.0,10.0,0,0.0,,,
2025-04-11 01:34:16,"Evening Workout",48m,"Chest Fly",1,54.88,8.0,0,0.0,"","",
2025-04-11 01:34:16,"Evening Workout",48m,"Chest Fly",2,69.85,8.0,0,0.0,,,
2025-04-11 01:34:16,"Evening Workout",48m,"Chest Fly",3,69.85,6.0,0,0.0,,,
2025-04-11 01:34:16,"Evening Workout",48m,"Bench Press (Dumbbell)",W,27.22,8.0,0,0.0,"",,
2025-04-11 01:34:16,"Evening Workout",48m,"Bench Press (Dumbbell)",1,31.75,6.0,0,0.0,,,
2025-04-11 01:34:16,"Evening Workout",48m,"Bench Press (Dumbbell)",2,31.75,6.0,0,0.0,,,
2025-04-11 01:34:16,"Evening Workout",48m,"Bench Press (Dumbbell)",3,31.75,6.0,0,0.0,,,
2025-04-11 01:34:16,"Evening Workout",48m,"Bench Press (Dumbbell)",D,18.14,6.0,0,0.0,,,
2025-04-11 01:34:16,"Evening Workout",48m,"Triceps Extension (Dumbbell)",1,27.22,8.0,0,0.0,"",,
2025-04-11 01:34:16,"Evening Workout",48m,"Triceps Extension (Dumbbell)",2,27.22,8.0,0,0.0,,,
2025-04-11 01:34:16,"Evening Workout",48m,"Triceps Extension (Dumbbell)",3,22.68,6.0,0,0.0,,,
2025-04-11 01:34:16,"Evening Workout",48m,"Triceps Extension (Dumbbell)",4,22.68,5.0,0,0.0,,,
2025-04-11 01:34:16,"Evening Workout",48m,"Incline Bench Press (Dumbbell)",1,45.36,8.0,0,0.0,"",,
2025-04-11 01:34:16,"Evening Workout",48m,"Incline Bench Press (Dumbbell)",2,45.36,8.0,0,0.0,,,
2025-04-11 01:34:16,"Evening Workout",48m,"Incline Bench Press (Dumbbell)",3,45.36,8.0,0,0.0,,,
2025-04-11 01:34:16,"Evening Workout",48m,"Tricep kickback (dumbbell)",1,13.61,10.0,0,0.0,"",,
2025-04-11 01:34:16,"Evening Workout",48m,"Tricep kickback (dumbbell)",2,13.61,10.0,0,0.0,,,
2025-04-11 01:34:16,"Evening Workout",48m,"Tricep kickback (dumbbell)",3,13.61,10.0,0,0.0,,,
2025-04-12 00:26:47,"Evening Workout",48m,"Leg Extension (Machine)",W,44.91,8.0,0,0.0,"","",
2025-04-12 00:26:47,"Evening Workout",48m,"Leg Extension (Machine)",1,54.88,10.0,0,0.0,,,
2025-04-12 00:26:47,"Evening Workout",48m,"Leg Extension (Machine)",2,74.84,8.0,0,0.0,,,
2025-04-12 00:26:47,"Evening Workout",48m,"Leg Extension (Machine)",3,84.82,8.0,0,0.0,,,
2025-04-12 00:26:47,"Evening Workout",48m,"Leg Extension (Machine)",4,84.82,8.0,0,0.0,,,
2025-04-12 00:26:47,"Evening Workout",48m,"Squat (Barbell)",W,20.41,8.0,0,0.0,"",,
2025-04-12 00:26:47,"Evening Workout",48m,"Squat (Barbell)",1,61.23,8.0,0,0.0,,,
2025-04-12 00:26:47,"Evening Workout",48m,"Squat (Barbell)",2,83.91,8.0,0,0.0,,,
2025-04-12 00:26:47,"Evening Workout",48m,"Squat (Barbell)",3,102.06,4.0,0,0.0,,,
2025-04-12 00:26:47,"Evening Workout",48m,"Squat (Barbell)",4,106.59,5.0,0,0.0,,,
2025-04-12 00:26:47,"Evening Workout",48m,"Squat (Barbell)",5,111.13,5.0,0,0.0,,,
2025-04-12 00:26:47,"Evening Workout",48m,"Squat (Barbell)",D,61.23,8.0,0,0.0,,,
2025-04-12 00:26:47,"Evening Workout",48m,"Romanian Deadlift (Barbell)",W,20.41,8.0,0,0.0,"",,
2025-04-12 00:26:47,"Evening Workout",48m,"Seated Leg Press (Machine)",1,170.4,8.0,0,0.0,"",,
2025-04-12 00:26:47,"Evening Workout",48m,"Seated Leg Press (Machine)",2,170.4,8.0,0,0.0,,,
2025-04-12 00:26:47,"Evening Workout",48m,"Seated Leg Press (Machine)",3,170.4,8.0,0,0.0,,,
2025-04-14 03:03:53,"Evening Workout",3h 13m,"Bicep Curl (Barbell)",W,20.0,5.0,0,0.0,"","",
2025-04-14 03:03:53,"Evening Workout",3h 13m,"Bicep Curl (Barbell)",1,70.0,5.0,0,0.0,,,
2025-04-14 03:03:53,"Evening Workout",3h 13m,"Bicep Curl (Barbell)",2,70.0,5.0,0,0.0,,,
2025-04-14 03:03:53,"Evening Workout",3h 13m,"Bicep Curl (Barbell)",3,70.0,5.0,0,0.0,,,
2025-04-14 03:03:53,"Evening Workout",3h 13m,"Side Bend (Dumbbell)",1,60.0,10.0,0,0.0,"",,
2025-04-14 03:03:53,"Evening Workout",3h 13m,"Side Bend (Dumbbell)",2,60.0,10.0,0,0.0,,,
2025-04-14 03:03:53,"Evening Workout",3h 13m,"Side Bend (Dumbbell)",3,60.0,10.0,0,0.0,,,
2025-04-14 03:03:53,"Evening Workout",3h 13m,"Bicep Curl (Dumbbell)",1,25.0,8.0,0,0.0,"",,
2025-04-14 03:03:53,"Evening Workout",3h 13m,"Bicep Curl (Dumbbell)",2,30.0,8.0,0,0.0,,,
2025-04-14 03:03:53,"Evening Workout",3h 13m,"Bicep Curl (Dumbbell)",3,30.0,8.0,0,0.0,,,
2025-04-14 03:03:53,"Evening Workout",3h 13m,"Front Raise (Plate)",1,25.0,8.0,0,0.0,"",,
2025-04-14 03:03:53,"Evening Workout",3h 13m,"Front Raise (Plate)",2,25.0,8.0,0,0.0,,,
2025-04-14 03:03:53,"Evening Workout",3h 13m,"Front Raise (Plate)",3,25.0,8.0,0,0.0,,,
2025-04-14 03:03:53,"Evening Workout",3h 13m,"Bicep Curl (Cable)",1,60.0,8.0,0,0.0,"",,
2025-04-14 03:03:53,"Evening Workout",3h 13m,"Bicep Curl (Cable)",2,60.0,8.0,0,0.0,,,
2025-04-14 03:03:53,"Evening Workout",3h 13m,"Bicep Curl (Cable)",3,60.0,8.0,0,0.0,,,
2025-04-14 03:03:53,"Evening Workout",3h 13m,"Hanging Leg Raise",1,0,10.0,0,0.0,"",,
2025-04-14 03:03:53,"Evening Workout",3h 13m,"Hanging Leg Raise",2,0,10.0,0,0.0,,,
2025-04-14 03:03:53,"Evening Workout",3h 13m,"Hanging Leg Raise",3,0,10.0,0,0.0,,,
2025-04-16 01:21:44,"Evening Workout",1h 9m,"Bench Press (Barbell)",W,20.41,8.0,0,0.0,"","",
2025-04-16 01:21:44,"Evening Workout",1h 9m,"Bench Press (Barbell)",1,61.23,8.0,0,0.0,,,
2025-04-16 01:21:44,"Evening Workout",1h 9m,"Bench Press (Barbell)",2,83.91,5.0,0,0.0,,,
2025-04-16 01:21:44,"Evening Workout",1h 9m,"Bench Press (Barbell)",3,83.91,5.0,0,0.0,,,
2025-04-16 01:21:44,"Evening Workout",1h 9m,"Bench Press (Barbell)",4,83.91,5.0,0,0.0,,,
2025-04-16 01:21:44,"Evening Workout",1h 9m,"Bench Press (Barbell)",D,61.23,8.0,0,0.0,,,
2025-04-16 01:21:44,"Evening Workout",1h 9m,"Bench Dip",1,0.0,10.0,0,0.0,"",,
2025-04-16 01:21:44,"Evening Workout",1h 9m,"Bench Dip",2,0.0,10.0,0,0.0,,,
2025-04-16 01:21:44,"Evening Workout",1h 9m,"Bench Dip",3,0.0,10.0,0,0.0,,,
2025-04-16 01:21:44,"Evening Workout",1h 9m,"Incline Bench Press (Barbell)",W,45.0,8.0,0,0.0,"",,
2025-04-16 01:21:44,"Evening Workout",1h 9m,"Incline Bench Press (Barbell)",1,95.0,8.0,0,0.0,,,
2025-04-16 01:21:44,"Evening Workout",1h 9m,"Incline Bench Press (Barbell)",2,115.0,5.0,0,0.0,,,
2025-04-16 01:21:44,"Evening Workout",1h 9m,"Triceps Extension (Dumbbell)",1,22.68,8.0,0,0.0,"",,
2025-04-16 01:21:44,"Evening Workout",1h 9m,"Triceps Extension (Dumbbell)",2,22.68,8.0,0,0.0,,,
2025-04-16 01:21:44,"Evening Workout",1h 9m,"Triceps Pushdown (Cable - Straight Bar)",W,18.14,8.0,0,0.0,"",,
2025-04-16 01:21:44,"Evening Workout",1h 9m,"Triceps Pushdown (Cable - Straight Bar)",1,45.36,8.0,0,0.0,,,
2025-04-16 01:21:44,"Evening Workout",1h 9m,"Triceps Pushdown (Cable - Straight Bar)",2,45.36,8.0,0,0.0,,,
2025-04-16 01:21:44,"Evening Workout",1h 9m,"Triceps Pushdown (Cable - Straight Bar)",3,45.36,8.0,0,0.0,,,
2025-04-16 01:21:44,"Evening Workout",1h 9m,"Chest Fly",1,69.85,8.0,0,0.0,"",,
2025-04-16 01:21:44,"Evening Workout",1h 9m,"Chest Fly",2,69.85,8.0,0,0.0,,,
2025-04-16 01:21:44,"Evening Workout",1h 9m,"Chest Fly",3,69.85,8.0,0,0.0,,,
2025-04-16 13:58:25,"Early Morning Workout",2h 49m,"Romanian Deadlift (Barbell)",1,20.41,8.0,0,0.0,"","",
2025-04-16 13:58:25,"Early Morning Workout",2h 49m,"Romanian Deadlift (Barbell)",2,44.23,8.0,0,0.0,,,
2025-04-16 13:58:25,"Early Morning Workout",2h 49m,"Romanian Deadlift (Barbell)",3,43.09,8.0,0,0.0,,,
2025-04-16 13:58:25,"Early Morning Workout",2h 49m,"Leg Extension (Machine)",W,44.91,8.0,0,0.0,"broken today should be up to 164/187",,
2025-04-16 13:58:25,"Early Morning Workout",2h 49m,"Leg Extension (Machine)",1,54.88,10.0,0,0.0,,,
2025-04-16 13:58:25,"Early Morning Workout",2h 49m,"Leg Extension (Machine)",2,54.88,8.0,0,0.0,,,
2025-04-16 13:58:25,"Early Morning Workout",2h 49m,"Leg Extension (Machine)",3,54.88,8.0,0,0.0,,,
2025-04-16 13:58:25,"Early Morning Workout",2h 49m,"Seated Leg Press (Machine)",1,121.0,8.0,0,0.0,"Felt Broken usually it’s 170.4",,
2025-04-16 13:58:25,"Early Morning Workout",2h 49m,"Seated Leg Press (Machine)",2,121.0,8.0,0,0.0,,,
2025-04-16 13:58:25,"Early Morning Workout",2h 49m,"Seated Leg Press (Machine)",3,121.0,8.0,0,0.0,,,
2025-04-16 13:58:25,"Early Morning Workout",2h 49m,"Deadlift (Barbell)",W,20.41,8.0,0,0.0,"",,
2025-04-16 13:58:25,"Early Morning Workout",2h 49m,"Deadlift (Barbell)",1,43.09,8.0,0,0.0,,,
2025-04-16 13:58:25,"Early Morning Workout",2h 49m,"Deadlift (Barbell)",2,61.23,8.0,0,0.0,,,
2025-04-16 13:58:25,"Early Morning Workout",2h 49m,"Deadlift (Barbell)",3,83.91,6.0,0,0.0,,,
2025-04-16 13:58:25,"Early Morning Workout",2h 49m,"Deadlift (Barbell)",4,83.91,8.0,0,0.0,,,
2025-04-16 13:58:25,"Early Morning Workout",2h 49m,"Deadlift (Barbell)",5,83.91,7.0,0,0.0,,,
2025-04-16 13:58:25,"Early Morning Workout",2h 49m,"Decline Crunch",1,0,10.0,0,0.0,"",,
2025-04-16 13:58:25,"Early Morning Workout",2h 49m,"Decline Crunch",2,0,14.0,0,0.0,,,
2025-04-16 13:58:25,"Early Morning Workout",2h 49m,"Decline Crunch",3,0,10.0,0,0.0,,,
2025-04-18 15:31:26,"Morning Workout",39m,"Leg Extension (Machine)",W,54.88,8.0,0,0.0,"","",
2025-04-18 15:31:26,"Morning Workout",39m,"Leg Extension (Machine)",1,69.85,8.0,0,0.0,,,
2025-04-18 15:31:26,"Morning Workout",39m,"Leg Extension (Machine)",2,69.85,8.0,0,0.0,,,
2025-04-18 15:31:26,"Morning Workout",39m,"Leg Extension (Machine)",3,78.93,8.0,0,0.0,,,
2025-04-18 15:31:26,"Morning Workout",39m,"Romanian Deadlift (Barbell)",1,20.41,8.0,0,0.0,"",,
2025-04-18 15:31:26,"Morning Workout",39m,"Romanian Deadlift (Barbell)",2,43.09,8.0,0,0.0,,,
2025-04-18 15:31:26,"Morning Workout",39m,"Romanian Deadlift (Barbell)",3,43.09,8.0,0,0.0,,,
2025-04-18 15:31:26,"Morning Workout",39m,"Squat (Barbell)",W,20.41,8.0,0,0.0,"",,
2025-04-18 15:31:26,"Morning Workout",39m,"Squat (Barbell)",1,61.23,8.0,0,0.0,,,
2025-04-18 15:31:26,"Morning Workout",39m,"Squat (Barbell)",2,83.91,7.0,0,0.0,,,
2025-04-18 15:31:26,"Morning Workout",39m,"Squat (Barbell)",3,92.99,5.0,0,0.0,,,
2025-04-18 15:31:26,"Morning Workout",39m,"Squat (Barbell)",4,92.99,8.0,0,0.0,,,
2025-04-18 15:31:26,"Morning Workout",39m,"Squat (Barbell)",D,61.23,8.0,0,0.0,,,
2025-04-18 15:31:26,"Morning Workout",39m,"Seated Leg Press (Machine)",1,121.0,8.0,0,0.0,"",,
2025-04-18 15:31:26,"Morning Workout",39m,"Seated Leg Press (Machine)",2,154.0,8.0,0,0.0,,,
2025-04-18 15:31:26,"Morning Workout",39m,"Seated Leg Press (Machine)",3,154.0,8.0,0,0.0,,,
2025-04-23 00:14:40,"Evening Workout",2h 4m,"Bench Press (Barbell)",W,20.41,8.0,0,0.0,"","",
2025-04-23 00:14:40,"Evening Workout",2h 4m,"Bench Press (Barbell)",1,61.23,8.0,0,0.0,,,
2025-04-23 00:14:40,"Evening Workout",2h 4m,"Bench Press (Barbell)",2,83.91,4.0,0,0.0,,,
2025-04-23 00:14:40,"Evening Workout",2h 4m,"Bench Press (Barbell)",3,83.91,5.0,0,0.0,,,
2025-04-23 00:14:40,"Evening Workout",2h 4m,"Bench Press (Barbell)",4,83.91,3.0,0,0.0,,,
2025-04-23 00:14:40,"Evening Workout",2h 4m,"Bench Press (Barbell)",5,61.23,5.0,0,0.0,,,
2025-04-23 00:14:40,"Evening Workout",2h 4m,"Triceps Extension (Dumbbell)",W,15.88,8.0,0,0.0,"",,
2025-04-23 00:14:40,"Evening Workout",2h 4m,"Triceps Extension (Dumbbell)",1,18.14,8.0,0,0.0,,,
2025-04-23 00:14:40,"Evening Workout",2h 4m,"Triceps Extension (Dumbbell)",2,22.68,5.0,0,0.0,,,
2025-04-23 00:14:40,"Evening Workout",2h 4m,"Triceps Extension (Dumbbell)",3,22.68,8.0,0,0.0,,,
2025-04-23 00:14:40,"Evening Workout",2h 4m,"Incline Bench Press (Barbell)",W,45.0,8.0,0,0.0,"",,
2025-04-23 00:14:40,"Evening Workout",2h 4m,"Incline Bench Press (Barbell)",1,95.0,8.0,0,0.0,,,
2025-04-23 00:14:40,"Evening Workout",2h 4m,"Incline Bench Press (Barbell)",2,95.0,8.0,0,0.0,,,
2025-04-23 00:14:40,"Evening Workout",2h 4m,"Incline Bench Press (Barbell)",3,115.0,6.0,0,0.0,,,
2025-04-23 00:14:40,"Evening Workout",2h 4m,"Chest Fly",1,69.85,8.0,0,0.0,"",,
2025-04-23 00:14:40,"Evening Workout",2h 4m,"Chest Fly",2,69.85,8.0,0,0.0,,,
2025-04-23 00:14:40,"Evening Workout",2h 4m,"Chest Fly",3,69.85,8.0,0,0.0,,,
2025-04-23 14:40:28,"Morning Workout",57m,"Leg Extension (Machine)",W,54.88,8.0,0,0.0,"","",
2025-04-23 14:40:28,"Morning Workout",57m,"Leg Extension (Machine)",1,69.85,8.0,0,0.0,,,
2025-04-23 14:40:28,"Morning Workout",57m,"Leg Extension (Machine)",2,78.93,8.0,0,0.0,,,
2025-04-23 14:40:28,"Morning Workout",57m,"Leg Extension (Machine)",3,78.93,8.0,0,0.0,,,
2025-04-23 14:40:28,"Morning Workout",57m,"Romanian Deadlift (Barbell)",W,20.41,8.0,0,0.0,"",,
2025-04-23 14:40:28,"Morning Workout",57m,"Romanian Deadlift (Barbell)",1,43.09,8.0,0,0.0,,,
2025-04-23 14:40:28,"Morning Workout",57m,"Romanian Deadlift (Barbell)",2,52.16,8.0,0,0.0,,,
2025-04-23 14:40:28,"Morning Workout",57m,"Squat (Barbell)",W,20.41,8.0,0,0.0,"",,
2025-04-23 14:40:28,"Morning Workout",57m,"Squat (Barbell)",1,61.23,8.0,0,0.0,,,
2025-04-23 14:40:28,"Morning Workout",57m,"Squat (Barbell)",2,83.91,8.0,0,0.0,,,
2025-04-23 14:40:28,"Morning Workout",57m,"Squat (Barbell)",3,92.99,8.0,0,0.0,,,
2025-04-23 14:40:28,"Morning Workout",57m,"Squat (Barbell)",4,115.67,8.0,0,0.0,,,
2025-04-23 14:40:28,"Morning Workout",57m,"Squat (Barbell)",D,61.23,8.0,0,0.0,,,
2025-04-30 19:15:45,"Morning Workout",57m,"Bench Press (Barbell)",W,20.41,8.0,0,0.0,"","",
2025-04-30 19:15:45,"Morning Workout",57m,"Bench Press (Barbell)",W,43.09,8.0,0,0.0,,,
2025-04-30 19:15:45,"Morning Workout",57m,"Bench Press (Barbell)",1,61.23,8.0,0,0.0,,,
2025-04-30 19:15:45,"Morning Workout",57m,"Bench Press (Barbell)",2,83.91,3.0,0,0.0,,,
2025-04-30 19:15:45,"Morning Workout",57m,"Bench Press (Barbell)",3,83.91,3.0,0,0.0,,,
2025-04-30 19:15:45,"Morning Workout",57m,"Bench Press (Barbell)",4,83.91,3.0,0,0.0,,,
2025-04-30 19:15:45,"Morning Workout",57m,"Bench Press (Barbell)",D,61.23,6.0,0,0.0,,,
2025-04-30 19:15:45,"Morning Workout",57m,"Chest Fly (Band)",W,40.0,8.0,0,0.0,"",,
2025-04-30 19:15:45,"Morning Workout",57m,"Chest Fly (Band)",1,60.0,8.0,0,0.0,,,
2025-04-30 19:15:45,"Morning Workout",57m,"Chest Fly (Band)",2,60.0,8.0,0,0.0,,,
2025-04-30 19:15:45,"Morning Workout",57m,"Preacher Curl (Barbell)",W,0.0,8.0,0,0.0,"",,
2025-04-30 19:15:45,"Morning Workout",57m,"Preacher Curl (Barbell)",1,22.68,8.0,0,0.0,,,
2025-04-30 19:15:45,"Morning Workout",57m,"Preacher Curl (Barbell)",F,31.75,1.0,0,0.0,,,
2025-04-30 19:15:45,"Morning Workout",57m,"Preacher Curl (Barbell)",3,22.68,8.0,0,0.0,,,
2025-04-30 19:15:45,"Morning Workout",57m,"Preacher Curl (Barbell)",4,22.68,6.0,0,0.0,,,
2025-05-07 02:19:46,"Evening Workout",35m,"Bench Press (Barbell)",W,20.41,8.0,0,0.0,"","",
2025-05-07 02:19:46,"Evening Workout",35m,"Bench Press (Barbell)",1,61.23,8.0,0,0.0,,,
2025-05-07 02:19:46,"Evening Workout",35m,"Bench Press (Barbell)",2,70.31,6.0,0,0.0,,,
2025-05-07 02:19:46,"Evening Workout",35m,"Bench Press (Barbell)",3,83.91,3.0,0,0.0,,,
2025-05-07 02:19:46,"Evening Workout",35m,"Bench Press (Barbell)",4,83.91,5.0,0,0.0,,,
2025-05-07 02:19:46,"Evening Workout",35m,"Bench Press (Barbell)",5,83.91,4.0,0,0.0,,,
2025-05-07 02:19:46,"Evening Workout",35m,"Bench Press (Barbell)",D,83.91,5.0,0,0.0,,,
2025-05-07 02:19:46,"Evening Workout",35m,"Triceps Pushdown (Cable - Straight Bar)",1,45.36,8.0,0,0.0,"",,
2025-05-07 02:19:46,"Evening Workout",35m,"Triceps Pushdown (Cable - Straight Bar)",2,54.43,7.0,0,0.0,,,
2025-05-07 02:19:46,"Evening Workout",35m,"Triceps Pushdown (Cable - Straight Bar)",3,63.5,8.0,0,0.0,,,
2025-05-07 02:19:46,"Evening Workout",35m,"Bicep Curl (Cable)",W,60.0,8.0,0,0.0,"",,
2025-05-07 02:19:46,"Evening Workout",35m,"Bicep Curl (Cable)",1,100.0,8.0,0,0.0,,,
2025-05-07 02:19:46,"Evening Workout",35m,"Bicep Curl (Cable)",2,120.0,8.0,0,0.0,,,
2025-05-07 02:19:46,"Evening Workout",35m,"Bicep Curl (Cable)",3,120.0,6.0,0,0.0,,,
2025-05-07 02:19:46,"Evening Workout",35m,"Chest Fly",1,61.01,8.0,0,0.0,"",,
2025-05-07 02:19:46,"Evening Workout",35m,"Chest Fly",2,69.85,8.0,0,0.0,,,
2025-05-07 02:19:46,"Evening Workout",35m,"Chest Fly",3,69.85,4.0,0,0.0,,,
2025-05-07 02:19:46,"Evening Workout",35m,"Side Bend (Dumbbell)",1,60.0,10.0,0,0.0,"",,
2025-05-07 02:19:46,"Evening Workout",35m,"Side Bend (Dumbbell)",2,60.0,10.0,0,0.0,,,
2025-05-07 02:19:46,"Evening Workout",35m,"Side Bend (Dumbbell)",3,60.0,10.0,0,0.0,,,
2025-05-07 02:19:46,"Evening Workout",35m,"Goblet Squat (Kettlebell)",1,60.0,5.0,0,0.0,"",,
2025-05-07 02:19:46,"Evening Workout",35m,"Goblet Squat (Kettlebell)",2,60.0,4.0,0,0.0,,,
2025-05-07 02:19:46,"Evening Workout",35m,"Goblet Squat (Kettlebell)",3,60.0,4.0,0,0.0,,,
2025-05-08 02:37:11,"Evening Workout",30m,"Leg Extension (Machine)",W,59.87,8.0,0,0.0,"","",
2025-05-08 02:37:11,"Evening Workout",30m,"Leg Extension (Machine)",1,69.85,8.0,0,0.0,,,
2025-05-08 02:37:11,"Evening Workout",30m,"Leg Extension (Machine)",2,78.93,8.0,0,0.0,,,
2025-05-08 02:37:11,"Evening Workout",30m,"Leg Extension (Machine)",3,78.93,8.0,0,0.0,,,
2025-05-08 02:37:11,"Evening Workout",30m,"Romanian Deadlift (Barbell)",W,20.41,8.0,0,0.0,"",,
2025-05-08 02:37:11,"Evening Workout",30m,"Romanian Deadlift (Barbell)",1,43.09,8.0,0,0.0,,,
2025-05-08 02:37:11,"Evening Workout",30m,"Romanian Deadlift (Barbell)",2,52.16,8.0,0,0.0,,,
2025-05-08 02:37:11,"Evening Workout",30m,"Romanian Deadlift (Barbell)",3,52.16,8.0,0,0.0,,,
2025-05-08 02:37:11,"Evening Workout",30m,"Squat (Barbell)",W,20.41,8.0,0,0.0,"",,
2025-05-08 02:37:11,"Evening Workout",30m,"Squat (Barbell)",1,61.23,8.0,0,0.0,,,
2025-05-08 02:37:11,"Evening Workout",30m,"Squat (Barbell)",2,83.91,5.0,0,0.0,,,
2025-05-08 02:37:11,"Evening Workout",30m,"Squat (Barbell)",3,83.91,8.0,0,0.0,,,
2025-05-08 02:37:11,"Evening Workout",30m,"Squat (Barbell)",4,83.91,8.0,0,0.0,,,
2025-05-08 02:37:11,"Evening Workout",30m,"Squat (Barbell)",D,61.23,8.0,0,0.0,,,
2025-05-23 00:28:36,"Evening Workout",1h 17m,"Triceps Extension",1,31.75,10.0,0,0.0,"","",
2025-05-23 00:28:36,"Evening Workout",1h 17m,"Triceps Extension",2,45.36,8.0,0,0.0,,,
2025-05-23 00:28:36,"Evening Workout",1h 17m,"Triceps Extension",3,45.36,8.0,0,0.0,,,
2025-05-23 00:28:36,"Evening Workout",1h 17m,"Bench Press (Barbell)",W,20.41,8.0,0,0.0,"",,
2025-05-23 00:28:36,"Evening Workout",1h 17m,"Bench Press (Barbell)",1,61.23,8.0,0,0.0,,,
2025-05-23 00:28:36,"Evening Workout",1h 17m,"Bench Press (Barbell)",2,70.31,8.0,0,0.0,,,
2025-05-23 00:28:36,"Evening Workout",1h 17m,"Bench Press (Barbell)",3,70.31,6.0,0,0.0,,,
2025-05-23 00:28:36,"Evening Workout",1h 17m,"Bench Press (Barbell)",4,70.31,6.0,0,0.0,,,
2025-05-23 00:28:36,"Evening Workout",1h 17m,"Bench Press (Barbell)",5,83.91,2.0,0,0.0,,,
2025-05-23 00:28:36,"Evening Workout",1h 17m,"Bench Press (Barbell)",D,61.23,5.0,0,0.0,,,
2025-05-23 00:28:36,"Evening Workout",1h 17m,"Bench Dip",1,0.0,10.0,0,0.0,"",,
2025-05-23 00:28:36,"Evening Workout",1h 17m,"Bench Dip",2,0.0,10.0,0,0.0,,,
2025-05-23 00:28:36,"Evening Workout",1h 17m,"Bench Dip",3,0.0,10.0,0,0.0,,,
2025-05-23 00:28:36,"Evening Workout",1h 17m,"Triceps Extension (Dumbbell)",1,27.22,6.0,0,0.0,"",,
2025-05-23 00:28:36,"Evening Workout",1h 17m,"Triceps Extension (Dumbbell)",2,27.22,6.0,0,0.0,,,
2025-05-23 00:28:36,"Evening Workout",1h 17m,"Triceps Extension (Dumbbell)",3,27.22,6.0,0,0.0,,,
2025-05-24 04:02:50,"Evening Workout",46m,"Romanian Deadlift (Barbell)",W,20.41,8.0,0,0.0,"","",
2025-05-24 04:02:50,"Evening Workout",46m,"Romanian Deadlift (Barbell)",1,43.09,8.0,0,0.0,,,
2025-05-24 04:02:50,"Evening Workout",46m,"Romanian Deadlift (Barbell)",2,52.16,8.0,0,0.0,,,
2025-05-24 04:02:50,"Evening Workout",46m,"Romanian Deadlift (Barbell)",3,61.23,8.0,0,0.0,,,
2025-05-24 04:02:50,"Evening Workout",46m,"Leg Extension (Machine)",W,59.87,8.0,0,0.0,"",,
2025-05-24 04:02:50,"Evening Workout",46m,"Leg Extension (Machine)",1,69.85,8.0,0,0.0,,,
2025-05-24 04:02:50,"Evening Workout",46m,"Leg Extension (Machine)",2,78.93,8.0,0,0.0,,,
2025-05-24 04:02:50,"Evening Workout",46m,"Leg Extension (Machine)",3,78.93,8.0,0,0.0,,,
2025-05-24 04:02:50,"Evening Workout",46m,"Squat (Barbell)",W,20.41,8.0,0,0.0,"",,
2025-05-24 04:02:50,"Evening Workout",46m,"Squat (Barbell)",1,61.23,8.0,0,0.0,,,
2025-05-24 04:02:50,"Evening Workout",46m,"Squat (Barbell)",F,83.91,4.0,0,0.0,,,
2025-05-24 04:02:50,"Evening Workout",46m,"Squat (Barbell)",F,61.23,4.0,0,0.0,,,
2025-05-24 04:02:50,"Evening Workout",46m,"Seated Leg Press (Machine)",1,137.5,8.0,0,0.0,"",,
2025-05-24 04:02:50,"Evening Workout",46m,"Seated Leg Press (Machine)",2,154.0,8.0,0,0.0,,,
2025-05-24 04:02:50,"Evening Workout",46m,"Seated Leg Press (Machine)",3,154.0,8.0,0,0.0,,,
2025-05-29 00:53:58,"Evening Workout",34m,"Bench Press (Barbell)",W,20.41,8.0,0,0.0,"","",
2025-05-29 00:53:58,"Evening Workout",34m,"Bench Press (Barbell)",1,61.23,8.0,0,0.0,,,
2025-05-29 00:53:58,"Evening Workout",34m,"Bench Press (Barbell)",2,70.31,8.0,0,0.0,,,
2025-05-29 00:53:58,"Evening Workout",34m,"Bench Press (Barbell)",3,83.91,3.0,0,0.0,,,
2025-05-29 00:53:58,"Evening Workout",34m,"Bench Press (Barbell)",4,83.91,5.0,0,0.0,,,
2025-05-29 00:53:58,"Evening Workout",34m,"Bench Press (Barbell)",5,70.31,3.0,0,0.0,,,
2025-05-29 00:53:58,"Evening Workout",34m,"Bench Press (Barbell)",D,61.23,8.0,0,0.0,,,
2025-05-29 00:53:58,"Evening Workout",34m,"Triceps Pushdown (Cable - Straight Bar)",1,54.43,8.0,0,0.0,"",,
2025-05-29 00:53:58,"Evening Workout",34m,"Triceps Pushdown (Cable - Straight Bar)",2,54.43,8.0,0,0.0,,,
2025-05-29 00:53:58,"Evening Workout",34m,"Triceps Pushdown (Cable - Straight Bar)",3,54.43,8.0,0,0.0,,,
2025-05-29 00:53:58,"Evening Workout",34m,"Chest Press (Machine)",1,54.88,8.0,0,0.0,"",,
2025-05-29 00:53:58,"Evening Workout",34m,"Chest Press (Machine)",2,62.37,8.0,0,0.0,,,
2025-05-29 00:53:58,"Evening Workout",34m,"Chest Press (Machine)",3,62.37,8.0,0,0.0,,,
2025-06-11 03:29:10,"Evening Workout",38m,"Bench Press (Barbell)",W,20.41,8.0,0,0.0,"","",
2025-06-11 03:29:10,"Evening Workout",38m,"Bench Press (Barbell)",1,43.09,8.0,0,0.0,,,
2025-06-11 03:29:10,"Evening Workout",38m,"Bench Press (Barbell)",2,61.23,8.0,0,0.0,,,
2025-06-11 03:29:10,"Evening Workout",38m,"Bench Press (Barbell)",3,70.31,3.0,0,0.0,,,
2025-06-11 03:29:10,"Evening Workout",38m,"Bench Press (Barbell)",4,83.91,5.0,0,0.0,,,
2025-06-11 03:29:10,"Evening Workout",38m,"Bench Press (Barbell)",5,70.31,8.0,0,0.0,,,
2025-06-11 03:29:10,"Evening Workout",38m,"Bench Press (Barbell)",D,61.23,4.0,0,0.0,,,
2025-06-11 03:29:10,"Evening Workout",38m,"Triceps Extension (Dumbbell)",1,27.22,6.0,0,0.0,"",,
2025-06-11 03:29:10,"Evening Workout",38m,"Triceps Extension (Dumbbell)",2,27.22,8.0,0,0.0,,,
2025-06-11 03:29:10,"Evening Workout",38m,"Triceps Extension (Dumbbell)",3,27.22,8.0,0,0.0,,,
2025-06-11 03:29:10,"Evening Workout",38m,"Chest Press (Machine)",1,54.88,8.0,0,0.0,"",,
2025-06-11 03:29:10,"Evening Workout",38m,"Chest Press (Machine)",2,69.85,8.0,0,0.0,,,
2025-06-11 03:29:10,"Evening Workout",38m,"Chest Press (Machine)",3,69.85,8.0,0,0.0,,,
2025-06-16 13:29:52,"Early Morning Workout",41m,"Romanian Deadlift (Barbell)",W,20.41,8.0,0,0.0,"","",
2025-06-16 13:29:52,"Early Morning Workout",41m,"Romanian Deadlift (Barbell)",1,43.09,15.0,0,0.0,,,
2025-06-16 13:29:52,"Early Morning Workout",41m,"Romanian Deadlift (Barbell)",2,43.09,15.0,0,0.0,,,
2025-06-16 13:29:52,"Early Morning Workout",41m,"Romanian Deadlift (Barbell)",3,52.16,15.0,0,0.0,,,
2025-06-16 13:29:52,"Early Morning Workout",41m,"Squat (Barbell)",W,20.41,8.0,0,0.0,"",,
2025-06-16 13:29:52,"Early Morning Workout",41m,"Squat (Barbell)",1,43.09,8.0,0,0.0,,,
2025-06-16 13:29:52,"Early Morning Workout",41m,"Squat (Barbell)",2,61.23,6.0,0,0.0,,,
2025-06-16 13:29:52,"Early Morning Workout",41m,"Squat (Barbell)",3,83.91,6.0,0,0.0,,,
2025-06-16 13:29:52,"Early Morning Workout",41m,"Squat (Barbell)",4,92.99,8.0,0,0.0,,,
2025-06-16 13:29:52,"Early Morning Workout",41m,"Standing Calf Raise (Barbell)",W,45.0,15.0,0,0.0,"",,
2025-06-16 13:29:52,"Early Morning Workout",41m,"Standing Calf Raise (Barbell)",1,95.0,15.0,0,0.0,,,
2025-06-16 13:29:52,"Early Morning Workout",41m,"Standing Calf Raise (Barbell)",2,135.0,15.0,0,0.0,,,
2025-06-16 13:29:52,"Early Morning Workout",41m,"Standing Calf Raise (Barbell)",3,135.0,15.0,0,0.0,,,
2025-06-19 00:41:59,"Evening Workout",44m,"Bench Press (Barbell)",W,20.41,8.0,0,0.0,"","",
2025-06-19 00:41:59,"Evening Workout",44m,"Bench Press (Barbell)",1,61.23,6.0,0,0.0,,,
2025-06-19 00:41:59,"Evening Workout",44m,"Bench Press (Barbell)",2,70.31,6.0,0,0.0,,,
2025-06-19 00:41:59,"Evening Workout",44m,"Bench Press (Barbell)",3,83.91,5.0,0,0.0,,,
2025-06-19 00:41:59,"Evening Workout",44m,"Bench Press (Barbell)",4,83.91,4.0,0,0.0,,,
2025-06-19 00:41:59,"Evening Workout",44m,"Bench Press (Barbell)",5,70.31,4.0,0,0.0,,,
2025-06-19 00:41:59,"Evening Workout",44m,"Bench Press (Barbell)",D,70.31,4.0,0,0.0,,,
2025-06-19 00:41:59,"Evening Workout",44m,"Incline Bench Press (Barbell)",W,45.0,8.0,0,0.0,"",,
2025-06-19 00:41:59,"Evening Workout",44m,"Incline Bench Press (Barbell)",1,95.0,7.0,0,0.0,,,
2025-06-19 00:41:59,"Evening Workout",44m,"Incline Bench Press (Barbell)",2,95.0,6.0,0,0.0,,,
2025-06-19 00:41:59,"Evening Workout",44m,"Incline Bench Press (Barbell)",3,95.0,5.0,0,0.0,,,
2025-06-19 00:41:59,"Evening Workout",44m,"Chest Press (Machine)",1,54.88,8.0,0,0.0,"",,
2025-06-19 00:41:59,"Evening Workout",44m,"Chest Press (Machine)",2,60.78,8.0,0,0.0,,,
2025-06-19 00:41:59,"Evening Workout",44m,"Chest Press (Machine)",3,69.85,5.0,0,0.0,,,
2025-06-20 00:19:27,"Evening Workout",44m,"Leg Extension (Machine)",W,39.92,8.0,0,0.0,"","",
2025-06-20 00:19:27,"Evening Workout",44m,"Leg Extension (Machine)",1,69.85,8.0,0,0.0,,,
2025-06-20 00:19:27,"Evening Workout",44m,"Leg Extension (Machine)",2,78.93,8.0,0,0.0,,,
2025-06-20 00:19:27,"Evening Workout",44m,"Leg Extension (Machine)",3,78.93,8.0,0,0.0,,,
2025-06-20 00:19:27,"Evening Workout",44m,"Seated Leg Press (Machine)",1,121.0,8.0,0,0.0,"",,
2025-06-20 00:19:27,"Evening Workout",44m,"Seated Leg Press (Machine)",2,154.0,8.0,0,0.0,,,
2025-06-20 00:19:27,"Evening Workout",44m,"Seated Leg Press (Machine)",3,170.5,8.0,0,0.0,,,
2025-06-20 00:19:27,"Evening Workout",44m,"Calf Press on Seated Leg Press",1,121.0,15.0,0,0.0,"",,
2025-06-20 00:19:27,"Evening Workout",44m,"Calf Press on Seated Leg Press",2,154.0,15.0,0,0.0,,,
2025-06-20 00:19:27,"Evening Workout",44m,"Calf Press on Seated Leg Press",3,170.5,15.0,0,0.0,,,
2025-06-25 01:15:02,"Evening Workout",44m,"Bench Press (Barbell)",W,20.41,8.0,0,0.0,"","",
2025-06-25 01:15:02,"Evening Workout",44m,"Bench Press (Barbell)",1,61.23,8.0,0,0.0,,,
2025-06-25 01:15:02,"Evening Workout",44m,"Bench Press (Barbell)",2,70.31,6.0,0,0.0,,,
2025-06-25 01:15:02,"Evening Workout",44m,"Bench Press (Barbell)",3,83.91,3.0,0,0.0,,,
2025-06-25 01:15:02,"Evening Workout",44m,"Bench Press (Barbell)",F,83.91,2.0,0,0.0,,,
2025-06-25 01:15:02,"Evening Workout",44m,"Bench Press (Barbell)",5,70.31,6.0,0,0.0,,,
2025-06-25 01:15:02,"Evening Workout",44m,"Bench Press (Barbell)",6,70.31,5.0,0,0.0,,,
2025-06-25 01:15:02,"Evening Workout",44m,"Bench Press (Barbell)",D,61.23,4.0,0,0.0,,,
2025-06-25 01:15:02,"Evening Workout",44m,"Bench Dip",1,0.0,10.0,0,0.0,"",,
2025-06-25 01:15:02,"Evening Workout",44m,"Bench Dip",2,0.0,10.0,0,0.0,,,
2025-06-25 01:15:02,"Evening Workout",44m,"Bench Dip",3,0.0,10.0,0,0.0,,,
2025-06-25 01:15:02,"Evening Workout",44m,"Incline Bench Press (Barbell)",W,25.0,8.0,0,0.0,"",,
2025-06-25 01:15:02,"Evening Workout",44m,"Incline Bench Press (Barbell)",1,75.0,8.0,0,0.0,,,
2025-06-25 01:15:02,"Evening Workout",44m,"Incline Bench Press (Barbell)",2,95.0,6.0,0,0.0,,,
2025-06-25 01:15:02,"Evening Workout",44m,"Incline Bench Press (Barbell)",3,95.0,5.0,0,0.0,,,
2025-06-25 01:15:02,"Evening Workout",44m,"Tricep kickback (dumbbell)",1,11.34,10.0,0,0.0,"",,
2025-06-25 01:15:02,"Evening Workout",44m,"Tricep kickback (dumbbell)",2,11.34,10.0,0,0.0,,,
2025-06-25 01:15:02,"Evening Workout",44m,"Tricep kickback (dumbbell)",3,11.34,10.0,0,0.0,,,
2025-06-25 01:15:02,"Evening Workout",44m,"Chest Press (Machine)",1,62.37,8.0,0,0.0,"",,
2025-06-25 01:15:02,"Evening Workout",44m,"Chest Press (Machine)",2,62.37,5.0,0,0.0,,,
2025-06-25 01:15:02,"Evening Workout",44m,"Chest Press (Machine)",F,62.37,3.0,0,0.0,,,
2025-06-26 23:56:10,"Afternoon Workout",57m,"Leg Extension (Machine)",W,19.96,15.0,0,0.0,"","",
2025-06-26 23:56:10,"Afternoon Workout",57m,"Leg Extension (Machine)",1,54.88,8.0,0,0.0,,,
2025-06-26 23:56:10,"Afternoon Workout",57m,"Leg Extension (Machine)",2,69.85,8.0,0,0.0,,,
2025-06-26 23:56:10,"Afternoon Workout",57m,"Leg Extension (Machine)",3,69.85,8.0,0,0.0,,,
2025-06-26 23:56:10,"Afternoon Workout",57m,"Leg Extension (Machine)",4,69.85,8.0,0,0.0,,,
2025-06-26 23:56:10,"Afternoon Workout",57m,"Romanian Deadlift (Barbell)",W,20.41,8.0,0,0.0,"",,
2025-06-26 23:56:10,"Afternoon Workout",57m,"Romanian Deadlift (Barbell)",1,43.09,15.0,0,0.0,,,
2025-06-26 23:56:10,"Afternoon Workout",57m,"Romanian Deadlift (Barbell)",2,43.09,10.0,0,0.0,,,
2025-06-26 23:56:10,"Afternoon Workout",57m,"Romanian Deadlift (Barbell)",3,52.16,8.0,0,0.0,,,
2025-06-26 23:56:10,"Afternoon Workout",57m,"Squat (Barbell)",W,20.41,8.0,0,0.0,"",,
2025-06-26 23:56:10,"Afternoon Workout",57m,"Squat (Barbell)",1,43.09,8.0,0,0.0,,,
2025-06-26 23:56:10,"Afternoon Workout",57m,"Squat (Barbell)",2,61.23,8.0,0,0.0,,,
2025-06-26 23:56:10,"Afternoon Workout",57m,"Squat (Barbell)",3,83.91,7.0,0,0.0,,,
2025-06-26 23:56:10,"Afternoon Workout",57m,"Standing Calf Raise (Barbell)",W,45.0,10.0,0,0.0,"",,
2025-06-26 23:56:10,"Afternoon Workout",57m,"Standing Calf Raise (Barbell)",1,65.0,10.0,0,0.0,,,
2025-06-26 23:56:10,"Afternoon Workout",57m,"Standing Calf Raise (Barbell)",2,95.0,15.0,0,0.0,,,
2025-06-26 23:56:10,"Afternoon Workout",57m,"Standing Calf Raise (Barbell)",3,95.0,12.0,0,0.0,,,
2025-06-28 00:24:48,"Evening Workout",34m,"Rowing (Machine)",1,0,0.0,1.3869039482023688,150.0,"","",
2025-06-28 00:24:48,"Evening Workout",34m,"Lat Pulldown (Cable)",1,88.0,8.0,0,0.0,"",,
2025-06-28 00:24:48,"Evening Workout",34m,"Lat Pulldown (Cable)",2,121.0,8.0,0,0.0,,,
2025-06-28 00:24:48,"Evening Workout",34m,"Lat Pulldown (Cable)",3,137.5,5.0,0,0.0,,,
2025-06-28 00:24:48,"Evening Workout",34m,"Lat Pulldown (Cable)",4,121.0,6.0,0,0.0,,,
2025-06-28 00:24:48,"Evening Workout",34m,"Deadlift (Barbell)",W,20.41,8.0,0,0.0,"",,
2025-06-28 00:24:48,"Evening Workout",34m,"Deadlift (Barbell)",1,61.23,8.0,0,0.0,,,
2025-06-28 00:24:48,"Evening Workout",34m,"Deadlift (Barbell)",2,83.91,8.0,0,0.0,,,
2025-06-28 00:24:48,"Evening Workout",34m,"Deadlift (Barbell)",3,83.91,7.0,0,0.0,,,
2025-06-28 00:24:48,"Evening Workout",34m,"Deadlift (Barbell)",4,83.91,8.0,0,0.0,,,
2025-06-28 00:24:48,"Evening Workout",34m,"Seated Row (Cable)",1,54.88,8.0,0,0.0,"",,
2025-06-28 00:24:48,"Evening Workout",34m,"Seated Row (Cable)",2,63.5,8.0,0,0.0,,,
2025-06-28 00:24:48,"Evening Workout",34m,"Seated Row (Cable)",3,72.57,8.0,0,0.0,,,
2025-06-30 13:28:26,"Early Morning Workout",50m,"Bench Press (Barbell)",W,20.41,8.0,0,0.0,"","",
2025-06-30 13:28:26,"Early Morning Workout",50m,"Bench Press (Barbell)",1,43.09,8.0,0,0.0,,,
2025-06-30 13:28:26,"Early Morning Workout",50m,"Bench Press (Barbell)",2,61.23,8.0,0,0.0,,,
2025-06-30 13:28:26,"Early Morning Workout",50m,"Bench Press (Barbell)",3,70.31,6.0,0,0.0,,,
2025-06-30 13:28:26,"Early Morning Workout",50m,"Bench Press (Barbell)",4,83.91,3.0,0,0.0,,,
2025-06-30 13:28:26,"Early Morning Workout",50m,"Bench Press (Barbell)",5,70.31,8.0,0,0.0,,,
2025-06-30 13:28:26,"Early Morning Workout",50m,"Bench Press (Barbell)",D,61.23,8.0,0,0.0,,,
2025-06-30 13:28:26,"Early Morning Workout",50m,"Triceps Extension (Dumbbell)",1,27.22,6.0,0,0.0,"",,
2025-06-30 13:28:26,"Early Morning Workout",50m,"Triceps Extension (Dumbbell)",2,27.22,8.0,0,0.0,,,
2025-06-30 13:28:26,"Early Morning Workout",50m,"Triceps Extension (Dumbbell)",3,27.22,8.0,0,0.0,,,
2025-06-30 13:28:26,"Early Morning Workout",50m,"Incline Bench Press (Dumbbell)",1,54.43,4.0,0,0.0,"",,
2025-06-30 13:28:26,"Early Morning Workout",50m,"Incline Bench Press (Dumbbell)",2,45.36,6.0,0,0.0,,,
2025-06-30 13:28:26,"Early Morning Workout",50m,"Incline Bench Press (Dumbbell)",3,45.36,6.0,0,0.0,,,
2025-06-30 13:28:26,"Early Morning Workout",50m,"Chest Press (Machine)",1,62.37,8.0,0,0.0,"",,
2025-06-30 13:28:26,"Early Morning Workout",50m,"Chest Press (Machine)",2,62.37,8.0,0,0.0,,,
2025-06-30 13:28:26,"Early Morning Workout",50m,"Chest Press (Machine)",F,62.37,6.0,0,0.0,,,
2025-07-02 00:31:10,"Evening Workout",47m,"Romanian Deadlift (Barbell)",W,20.41,10.0,0,0.0,"","",
2025-07-02 00:31:10,"Evening Workout",47m,"Romanian Deadlift (Barbell)",1,43.09,10.0,0,0.0,,,
2025-07-02 00:31:10,"Evening Workout",47m,"Romanian Deadlift (Barbell)",2,52.16,10.0,0,0.0,,,
2025-07-02 00:31:10,"Evening Workout",47m,"Romanian Deadlift (Barbell)",3,56.7,8.0,0,0.0,,,
2025-07-02 00:31:10,"Evening Workout",47m,"Standing Calf Raise (Barbell)",W,45.0,10.0,0,0.0,"",,
2025-07-02 00:31:10,"Evening Workout",47m,"Standing Calf Raise (Barbell)",1,65.0,10.0,0,0.0,,,
2025-07-02 00:31:10,"Evening Workout",47m,"Standing Calf Raise (Barbell)",2,95.0,12.0,0,0.0,,,
2025-07-02 00:31:10,"Evening Workout",47m,"Standing Calf Raise (Barbell)",3,95.0,12.0,0,0.0,,,
2025-07-02 00:31:10,"Evening Workout",47m,"Squat (Barbell)",W,20.41,8.0,0,0.0,"",,
2025-07-02 00:31:10,"Evening Workout",47m,"Squat (Barbell)",1,61.23,6.0,0,0.0,,,
2025-07-02 00:31:10,"Evening Workout",47m,"Squat (Barbell)",2,43.09,6.0,0,0.0,,,
2025-07-02 00:31:10,"Evening Workout",47m,"Squat (Barbell)",3,43.09,6.0,0,0.0,,,
2025-07-02 00:31:10,"Evening Workout",47m,"Leg Extension (Machine)",W,19.96,15.0,0,0.0,"",,
2025-07-02 00:31:10,"Evening Workout",47m,"Leg Extension (Machine)",1,59.87,8.0,0,0.0,,,
2025-07-02 00:31:10,"Evening Workout",47m,"Leg Extension (Machine)",2,69.85,8.0,0,0.0,,,
2025-07-02 00:31:10,"Evening Workout",47m,"Leg Extension (Machine)",3,79.83,8.0,0,0.0,,,
2025-07-02 00:31:10,"Evening Workout",47m,"Seated Leg Press (Machine)",1,154.0,8.0,0,0.0,"",,
2025-07-02 00:31:10,"Evening Workout",47m,"Seated Leg Press (Machine)",2,154.0,8.0,0,0.0,,,
2025-07-02 00:31:10,"Evening Workout",47m,"Seated Leg Press (Machine)",3,176.0,8.0,0,0.0,,,
2025-07-03 02:02:05,"Evening Workout",36m,"Rowing (Machine)",1,0,0.0,2.0,150.0,"","",
2025-07-03 02:02:05,"Evening Workout",36m,"Bent Over One Arm Row (Dumbbell)",W,13.61,10.0,0,0.0,"",,
2025-07-03 02:02:05,"Evening Workout",36m,"Bent Over One Arm Row (Dumbbell)",1,18.14,8.0,0,0.0,,,
2025-07-03 02:02:05,"Evening Workout",36m,"Bent Over One Arm Row (Dumbbell)",2,18.14,8.0,0,0.0,,,
2025-07-03 02:02:05,"Evening Workout",36m,"Bent Over One Arm Row (Dumbbell)",3,22.68,8.0,0,0.0,,,
2025-07-03 02:02:05,"Evening Workout",36m,"Standing Calf Raise (Smith Machine)",1,50.0,8.0,0,0.0,"",,
2025-07-03 02:02:05,"Evening Workout",36m,"Standing Calf Raise (Smith Machine)",2,50.0,8.0,0,0.0,,,
2025-07-03 02:02:05,"Evening Workout",36m,"Standing Calf Raise (Smith Machine)",3,70.0,8.0,0,0.0,,,
2025-07-03 02:02:05,"Evening Workout",36m,"Lat Pulldown (Cable)",1,121.0,8.0,0,0.0,"",,
2025-07-03 02:02:05,"Evening Workout",36m,"Lat Pulldown (Cable)",F,137.5,5.0,0,0.0,,,
2025-07-03 02:02:05,"Evening Workout",36m,"Lat Pulldown (Cable)",3,121.0,6.0,0,0.0,,,
2025-07-15 02:03:56,"Evening Workout",29m,"Bench Press (Dumbbell)",W,13.61,8.0,0,0.0,"","",
2025-07-15 02:03:56,"Evening Workout",29m,"Bench Press (Dumbbell)",1,27.22,6.0,0,0.0,,,
2025-07-15 02:03:56,"Evening Workout",29m,"Bench Press (Dumbbell)",2,31.75,6.0,0,0.0,,,
2025-07-15 02:03:56,"Evening Workout",29m,"Bench Press (Dumbbell)",3,31.75,6.0,0,0.0,,,
2025-07-15 02:03:56,"Evening Workout",29m,"Bench Press (Dumbbell)",4,31.75,6.0,0,0.0,,,
2025-07-15 02:03:56,"Evening Workout",29m,"Bench Press (Dumbbell)",D,20.41,4.0,0,0.0,,,
2025-07-15 02:03:56,"Evening Workout",29m,"Triceps Extension (Dumbbell)",W,13.61,8.0,0,0.0,"",,
2025-07-15 02:03:56,"Evening Workout",29m,"Triceps Extension (Dumbbell)",1,27.22,6.0,0,0.0,,,
2025-07-15 02:03:56,"Evening Workout",29m,"Triceps Extension (Dumbbell)",2,27.22,8.0,0,0.0,,,
2025-07-15 02:03:56,"Evening Workout",29m,"Triceps Extension (Dumbbell)",3,27.22,5.0,0,0.0,,,
2025-07-15 02:03:56,"Evening Workout",29m,"Chest Press (Machine)",1,54.88,8.0,0,0.0,"",,
2025-07-15 02:03:56,"Evening Workout",29m,"Chest Press (Machine)",2,62.37,8.0,0,0.0,,,
2025-07-15 02:03:56,"Evening Workout",29m,"Chest Press (Machine)",3,62.37,8.0,0,0.0,,,
2025-07-17 00:01:35,"Evening Workout",43m,"Leg Extension (Machine)",W,44.91,10.0,0,0.0,"","",
2025-07-17 00:01:35,"Evening Workout",43m,"Leg Extension (Machine)",1,64.86,10.0,0,0.0,,,
2025-07-17 00:01:35,"Evening Workout",43m,"Leg Extension (Machine)",2,69.85,8.0,0,0.0,,,
2025-07-17 00:01:35,"Evening Workout",43m,"Leg Extension (Machine)",3,79.83,10.0,0,0.0,,,
2025-07-17 00:01:35,"Evening Workout",43m,"Seated Leg Press (Machine)",1,154.0,8.0,0,0.0,"",,
2025-07-17 00:01:35,"Evening Workout",43m,"Seated Leg Press (Machine)",2,170.5,8.0,0,0.0,,,
2025-07-17 00:01:35,"Evening Workout",43m,"Seated Leg Press (Machine)",3,170.5,8.0,0,0.0,,,
2025-07-17 00:01:35,"Evening Workout",43m,"Calf Press on Seated Leg Press",1,154.0,15.0,0,0.0,"",,
2025-07-17 00:01:35,"Evening Workout",43m,"Calf Press on Seated Leg Press",2,170.5,15.0,0,0.0,,,
2025-07-17 00:01:35,"Evening Workout",43m,"Calf Press on Seated Leg Press",3,170.5,15.0,0,0.0,,,
2025-07-17 00:01:35,"Evening Workout",43m,"Squat (Barbell)",W,20.41,8.0,0,0.0,"",,
2025-07-17 00:01:35,"Evening Workout",43m,"Squat (Barbell)",1,61.23,8.0,0,0.0,,,
2025-07-17 00:01:35,"Evening Workout",43m,"Squat (Barbell)",2,83.91,6.0,0,0.0,,,
2025-07-17 00:01:35,"Evening Workout",43m,"Squat (Barbell)",3,83.91,8.0,0,0.0,,,
2025-07-17 00:01:35,"Evening Workout",43m,"Squat (Barbell)",4,92.99,5.0,0,0.0,,,
2025-07-18 00:38:22,"Evening Workout",38m,"Lat Pulldown (Cable)",W,88.0,10.0,0,0.0,"","",
2025-07-18 00:38:22,"Evening Workout",38m,"Lat Pulldown (Cable)",1,121.0,8.0,0,0.0,,,
2025-07-18 00:38:22,"Evening Workout",38m,"Lat Pulldown (Cable)",2,121.0,8.0,0,0.0,,,
2025-07-18 00:38:22,"Evening Workout",38m,"Lat Pulldown (Cable)",F,137.5,6.0,0,0.0,,,
2025-07-18 00:38:22,"Evening Workout",38m,"Bicep Curl (Cable)",1,100.0,8.0,0,0.0,"",,
2025-07-18 00:38:22,"Evening Workout",38m,"Bicep Curl (Cable)",2,120.0,8.0,0,0.0,,,
2025-07-18 00:38:22,"Evening Workout",38m,"Bicep Curl (Cable)",3,120.0,8.0,0,0.0,,,
2025-07-18 00:38:22,"Evening Workout",38m,"Bicep Curl (Cable)",F,120.0,5.0,0,0.0,,,
2025-07-18 00:38:22,"Evening Workout",38m,"Seated Row (Cable)",1,54.43,8.0,0,0.0,"",,
2025-07-18 00:38:22,"Evening Workout",38m,"Seated Row (Cable)",2,63.5,8.0,0,0.0,,,
2025-07-18 00:38:22,"Evening Workout",38m,"Seated Row (Cable)",3,72.57,8.0,0,0.0,,,
2025-07-18 00:38:22,"Evening Workout",38m,"Seated Row (Cable)",4,77.11,8.0,0,0.0,,,
2025-07-18 00:38:22,"Evening Workout",38m,"Side Bend (Dumbbell)",1,60.0,10.0,0,0.0,"",,
2025-07-18 00:38:22,"Evening Workout",38m,"Side Bend (Dumbbell)",2,60.0,10.0,0,0.0,,,
2025-07-18 00:38:22,"Evening Workout",38m,"Side Bend (Dumbbell)",3,60.0,10.0,0,0.0,,,
2025-07-22 00:46:16,"Evening Workout",16m,"Bench Press (Barbell)",W,20.41,8.0,0,0.0,"","",
2025-07-22 00:46:16,"Evening Workout",16m,"Bench Press (Barbell)",1,61.23,8.0,0,0.0,,,
2025-07-22 00:46:16,"Evening Workout",16m,"Bench Press (Barbell)",2,70.31,6.0,0,0.0,,,
2025-07-22 00:46:16,"Evening Workout",16m,"Bench Press (Barbell)",3,79.38,4.0,0,0.0,,,
2025-07-22 00:46:16,"Evening Workout",16m,"Bench Press (Barbell)",4,79.38,4.0,0,0.0,,,
2025-07-22 00:46:16,"Evening Workout",16m,"Bench Press (Barbell)",5,79.38,5.0,0,0.0,,,
2025-07-22 00:46:16,"Evening Workout",16m,"Chest Press (Machine)",1,54.88,8.0,0,0.0,"",,
2025-07-22 00:46:16,"Evening Workout",16m,"Chest Press (Machine)",2,69.85,8.0,0,0.0,,,
2025-07-22 00:46:16,"Evening Workout",16m,"Chest Press (Machine)",3,69.85,8.0,0,0.0,,,
2025-07-22 23:36:35,"Afternoon Workout",53m,"Romanian Deadlift (Barbell)",W,11.34,10.0,0,0.0,"","",
2025-07-22 23:36:35,"Afternoon Workout",53m,"Romanian Deadlift (Barbell)",1,34.02,10.0,0,0.0,,,
2025-07-22 23:36:35,"Afternoon Workout",53m,"Romanian Deadlift (Barbell)",2,56.7,6.0,0,0.0,,,
2025-07-22 23:36:35,"Afternoon Workout",53m,"Romanian Deadlift (Barbell)",3,56.7,6.0,0,0.0,,,
2025-07-22 23:36:35,"Afternoon Workout",53m,"Squat (Barbell)",W,20.41,8.0,0,0.0,"",,
2025-07-22 23:36:35,"Afternoon Workout",53m,"Squat (Barbell)",1,61.23,8.0,0,0.0,,,
2025-07-22 23:36:35,"Afternoon Workout",53m,"Squat (Barbell)",2,83.91,8.0,0,0.0,,,
2025-07-22 23:36:35,"Afternoon Workout",53m,"Squat (Barbell)",3,92.99,8.0,0,0.0,,,
2025-07-22 23:36:35,"Afternoon Workout",53m,"Squat (Barbell)",4,102.06,8.0,0,0.0,,,
2025-07-22 23:36:35,"Afternoon Workout",53m,"Squat (Barbell)",D,61.23,8.0,0,0.0,,,
2025-07-22 23:36:35,"Afternoon Workout",53m,"Leg Extension (Machine)",W,29.94,8.0,0,0.0,"",,
2025-07-22 23:36:35,"Afternoon Workout",53m,"Leg Extension (Machine)",1,79.83,8.0,0,0.0,,,
2025-07-22 23:36:35,"Afternoon Workout",53m,"Leg Extension (Machine)",2,79.83,8.0,0,0.0,,,
2025-07-22 23:36:35,"Afternoon Workout",53m,"Leg Extension (Machine)",3,79.83,8.0,0,0.0,,,
2025-07-22 23:36:35,"Afternoon Workout",53m,"Seated Leg Press (Machine)",W,88.0,8.0,0,0.0,"",,
2025-07-22 23:36:35,"Afternoon Workout",53m,"Seated Leg Press (Machine)",1,170.5,8.0,0,0.0,,,
2025-07-22 23:36:35,"Afternoon Workout",53m,"Seated Leg Press (Machine)",2,170.5,8.0,0,0.0,,,
2025-07-22 23:36:35,"Afternoon Workout",53m,"Seated Leg Press (Machine)",3,170.5,8.0,0,0.0,,,
2025-07-22 23:36:35,"Afternoon Workout",53m,"Calf Press on Seated Leg Press",W,88.0,10.0,0,0.0,"",,
2025-07-22 23:36:35,"Afternoon Workout",53m,"Calf Press on Seated Leg Press",1,170.5,12.0,0,0.0,,,
2025-07-22 23:36:35,"Afternoon Workout",53m,"Calf Press on Seated Leg Press",2,170.5,15.0,0,0.0,,,
2025-07-22 23:36:35,"Afternoon Workout",53m,"Calf Press on Seated Leg Press",3,170.5,15.0,0,0.0,,,
2025-07-26 00:43:56,"Evening Workout",28m,"Seated Row (Cable)",W,31.75,8.0,0,0.0,"","",
2025-07-26 00:43:56,"Evening Workout",28m,"Seated Row (Cable)",1,63.5,8.0,0,0.0,,,
2025-07-26 00:43:56,"Evening Workout",28m,"Seated Row (Cable)",2,72.57,10.0,0,0.0,,,
2025-07-26 00:43:56,"Evening Workout",28m,"Seated Row (Cable)",3,81.65,10.0,0,0.0,,,
2025-07-26 00:43:56,"Evening Workout",28m,"Bicep Curl (Dumbbell)",1,25.0,8.0,0,0.0,"",,
2025-07-26 00:43:56,"Evening Workout",28m,"Bicep Curl (Dumbbell)",2,30.0,8.0,0,0.0,,,
2025-07-26 00:43:56,"Evening Workout",28m,"Bicep Curl (Dumbbell)",3,30.0,8.0,0,0.0,,,
2025-07-26 00:43:56,"Evening Workout",28m,"Deadlift (Barbell)",W,20.41,8.0,0,0.0,"",,
2025-07-26 00:43:56,"Evening Workout",28m,"Deadlift (Barbell)",1,43.09,8.0,0,0.0,,,
2025-07-26 00:43:56,"Evening Workout",28m,"Deadlift (Barbell)",2,61.23,8.0,0,0.0,,,
2025-07-26 00:43:56,"Evening Workout",28m,"Deadlift (Barbell)",3,83.91,5.0,0,0.0,,,
2025-07-26 00:43:56,"Evening Workout",28m,"Deadlift (Barbell)",4,83.91,5.0,0,0.0,,,
2025-07-26 00:43:56,"Evening Workout",28m,"Standing Calf Raise (Smith Machine)",1,50.0,8.0,0,0.0,"",,
2025-07-26 00:43:56,"Evening Workout",28m,"Standing Calf Raise (Smith Machine)",2,50.0,8.0,0,0.0,,,
2025-07-28 01:15:36,"Evening Workout",37m,"Bench Press (Barbell)",W,20.41,10.0,0,0.0,"","",
2025-07-28 01:15:36,"Evening Workout",37m,"Bench Press (Barbell)",W,43.09,8.0,0,0.0,,,
2025-07-28 01:15:36,"Evening Workout",37m,"Bench Press (Barbell)",1,61.23,8.0,0,0.0,,,
2025-07-28 01:15:36,"Evening Workout",37m,"Bench Press (Barbell)",2,83.91,4.0,0,0.0,,,
2025-07-28 01:15:36,"Evening Workout",37m,"Bench Press (Barbell)",3,83.91,4.0,0,0.0,,,
2025-07-28 01:15:36,"Evening Workout",37m,"Bench Press (Barbell)",4,83.91,3.0,0,0.0,,,
2025-07-28 01:15:36,"Evening Workout",37m,"Bench Press (Barbell)",5,83.91,4.0,0,0.0,,,
2025-07-28 01:15:36,"Evening Workout",37m,"Bench Press (Barbell)",D,61.23,6.0,0,0.0,,,
2025-07-28 01:15:36,"Evening Workout",37m,"Triceps Extension",1,27.22,8.0,0,0.0,"",,
2025-07-28 01:15:36,"Evening Workout",37m,"Triceps Extension",2,36.29,8.0,0,0.0,,,
2025-07-28 01:15:36,"Evening Workout",37m,"Triceps Extension",F,36.29,8.0,0,0.0,,,
2025-07-28 01:15:36,"Evening Workout",37m,"Cable side pull",1,13.61,8.0,0,0.0,"",,
2025-07-28 01:15:36,"Evening Workout",37m,"Cable side pull",2,13.61,8.0,0,0.0,,,
2025-07-28 01:15:36,"Evening Workout",37m,"Cable side pull",3,13.61,8.0,0,0.0,,,
2025-07-28 01:15:36,"Evening Workout",37m,"Cable Crossover",1,30.0,8.0,0,0.0,"",,
2025-07-28 01:15:36,"Evening Workout",37m,"Cable Crossover",2,40.0,10.0,0,0.0,,,
2025-07-28 01:15:36,"Evening Workout",37m,"Cable Crossover",3,50.0,10.0,0,0.0,,,
2025-07-30 00:54:49,"Evening Workout",18m,"Lat Pulldown (Cable)",W,66.0,10.0,0,0.0,"","",
2025-07-30 00:54:49,"Evening Workout",18m,"Lat Pulldown (Cable)",1,121.0,8.0,0,0.0,,,
2025-07-30 00:54:49,"Evening Workout",18m,"Lat Pulldown (Cable)",2,121.0,8.0,0,0.0,,,
2025-07-30 00:54:49,"Evening Workout",18m,"Lat Pulldown (Cable)",3,121.0,8.0,0,0.0,,,
2025-07-30 00:54:49,"Evening Workout",18m,"Romanian Deadlift (Barbell)",W,20.41,8.0,0,0.0,"",,
2025-07-30 00:54:49,"Evening Workout",18m,"Romanian Deadlift (Barbell)",1,43.09,8.0,0,0.0,,,
2025-07-30 00:54:49,"Evening Workout",18m,"Romanian Deadlift (Barbell)",2,61.23,8.0,0,0.0,,,
2025-07-30 00:54:49,"Evening Workout",18m,"Romanian Deadlift (Barbell)",3,70.31,8.0,0,0.0,,,
2025-07-30 00:54:49,"Evening Workout",18m,"Romanian Deadlift (Barbell)",4,83.91,5.0,0,0.0,,,
2025-08-01 01:15:56,"Evening Workout",46m,"Leg Extension (Machine)",W,24.95,10.0,0,0.0,"","",
2025-08-01 01:15:56,"Evening Workout",46m,"Leg Extension (Machine)",1,74.84,8.0,0,0.0,,,
2025-08-01 01:15:56,"Evening Workout",46m,"Leg Extension (Machine)",2,79.83,8.0,0,0.0,,,
2025-08-01 01:15:56,"Evening Workout",46m,"Leg Extension (Machine)",3,84.82,8.0,0,0.0,,,
2025-08-01 01:15:56,"Evening Workout",46m,"Squat (Barbell)",W,20.41,8.0,0,0.0,"",,
2025-08-01 01:15:56,"Evening Workout",46m,"Squat (Barbell)",1,61.23,8.0,0,0.0,,,
2025-08-01 01:15:56,"Evening Workout",46m,"Squat (Barbell)",2,83.91,8.0,0,0.0,,,
2025-08-01 01:15:56,"Evening Workout",46m,"Squat (Barbell)",3,102.06,3.0,0,0.0,,,
2025-08-01 01:15:56,"Evening Workout",46m,"Squat (Barbell)",4,83.91,3.0,0,0.0,,,
2025-08-01 01:15:56,"Evening Workout",46m,"Squat (Barbell)",D,61.23,8.0,0,0.0,,,
2025-08-01 01:15:56,"Evening Workout",46m,"Seated Leg Press (Machine)",W,77.0,8.0,0,0.0,"",,
2025-08-01 01:15:56,"Evening Workout",46m,"Seated Leg Press (Machine)",1,170.5,8.0,0,0.0,,,
2025-08-01 01:15:56,"Evening Workout",46m,"Seated Leg Press (Machine)",2,170.5,8.0,0,0.0,,,
2025-08-01 01:15:56,"Evening Workout",46m,"Seated Leg Press (Machine)",3,187.0,8.0,0,0.0,,,
2025-08-01 01:15:56,"Evening Workout",46m,"Calf Press on Seated Leg Press",W,88.0,15.0,0,0.0,"",,
2025-08-01 01:15:56,"Evening Workout",46m,"Calf Press on Seated Leg Press",1,170.5,12.0,0,0.0,,,
2025-08-01 01:15:56,"Evening Workout",46m,"Calf Press on Seated Leg Press",2,170.5,12.0,0,0.0,,,
2025-08-01 01:15:56,"Evening Workout",46m,"Calf Press on Seated Leg Press",3,187.0,6.0,0,0.0,,,
2025-08-06 00:54:39,"Evening Workout",44m,"Bench Press (Barbell)",W,20.41,10.0,0,0.0,"","",
2025-08-06 00:54:39,"Evening Workout",44m,"Bench Press (Barbell)",1,61.23,8.0,0,0.0,,,
2025-08-06 00:54:39,"Evening Workout",44m,"Bench Press (Barbell)",2,83.91,5.0,0,0.0,,,
2025-08-06 00:54:39,"Evening Workout",44m,"Bench Press (Barbell)",3,83.91,5.0,0,0.0,,,
2025-08-06 00:54:39,"Evening Workout",44m,"Bench Press (Barbell)",4,92.99,2.0,0,0.0,,,
2025-08-06 00:54:39,"Evening Workout",44m,"Bench Press (Barbell)",5,83.91,2.0,0,0.0,,,
2025-08-06 00:54:39,"Evening Workout",44m,"Bench Press (Barbell)",D,61.23,6.0,0,0.0,,,
2025-08-06 00:54:39,"Evening Workout",44m,"Cable side pull",1,13.61,10.0,0,0.0,"",,
2025-08-06 00:54:39,"Evening Workout",44m,"Cable side pull",2,13.61,8.0,0,0.0,,,
2025-08-06 00:54:39,"Evening Workout",44m,"Cable side pull",3,18.14,8.0,0,0.0,,,
2025-08-06 00:54:39,"Evening Workout",44m,"Incline Bench Press (Barbell)",W,45.0,8.0,0,0.0,"",,
2025-08-06 00:54:39,"Evening Workout",44m,"Incline Bench Press (Barbell)",1,95.0,8.0,0,0.0,,,
2025-08-06 00:54:39,"Evening Workout",44m,"Incline Bench Press (Barbell)",2,95.0,8.0,0,0.0,,,
2025-08-06 00:54:39,"Evening Workout",44m,"Incline Bench Press (Barbell)",3,95.0,7.0,0,0.0,,,
2025-08-06 00:54:39,"Evening Workout",44m,"Skullcrusher (Barbell)",1,25.0,8.0,0,0.0,"",,
2025-08-06 00:54:39,"Evening Workout",44m,"Skullcrusher (Barbell)",2,45.0,8.0,0,0.0,,,
2025-08-06 00:54:39,"Evening Workout",44m,"Skullcrusher (Barbell)",3,65.0,6.0,0,0.0,,,
2025-08-08 17:36:04,"Morning Workout",45m,"Romanian Deadlift (Barbell)",W,20.41,10.0,0,0.0,"","",
2025-08-08 17:36:04,"Morning Workout",45m,"Romanian Deadlift (Barbell)",1,43.09,10.0,0,0.0,,,
2025-08-08 17:36:04,"Morning Workout",45m,"Romanian Deadlift (Barbell)",2,61.23,8.0,0,0.0,,,
2025-08-08 17:36:04,"Morning Workout",45m,"Romanian Deadlift (Barbell)",3,61.23,8.0,0,0.0,,,
2025-08-08 17:36:04,"Morning Workout",45m,"Squat (Barbell)",W,20.41,8.0,0,0.0,"",,
2025-08-08 17:36:04,"Morning Workout",45m,"Squat (Barbell)",1,61.23,8.0,0,0.0,,,
2025-08-08 17:36:04,"Morning Workout",45m,"Squat (Barbell)",2,83.91,8.0,0,0.0,,,
2025-08-08 17:36:04,"Morning Workout",45m,"Squat (Barbell)",3,106.59,8.0,0,0.0,,,
2025-08-08 17:36:04,"Morning Workout",45m,"Squat (Barbell)",D,83.91,8.0,0,0.0,,,
2025-08-08 17:36:04,"Morning Workout",45m,"Leg Extension (Machine)",1,74.84,10.0,0,0.0,"",,
2025-08-08 17:36:04,"Morning Workout",45m,"Leg Extension (Machine)",2,79.83,8.0,0,0.0,,,
2025-08-08 17:36:04,"Morning Workout",45m,"Leg Extension (Machine)",3,84.82,8.0,0,0.0,,,
2025-08-12 01:15:06,"Evening Workout",26m,"Chest Fly",1,61.01,10.0,0,0.0,"","",
2025-08-12 01:15:06,"Evening Workout",26m,"Chest Fly",2,61.01,10.0,0,0.0,,,
2025-08-12 01:15:06,"Evening Workout",26m,"Chest Fly",3,61.01,10.0,0,0.0,,,
2025-08-12 01:15:06,"Evening Workout",26m,"Triceps Pushdown (Cable - Straight Bar)",1,54.43,8.0,0,0.0,"",,
2025-08-12 01:15:06,"Evening Workout",26m,"Triceps Pushdown (Cable - Straight Bar)",2,58.97,8.0,0,0.0,,,
2025-08-12 01:15:06,"Evening Workout",26m,"Triceps Pushdown (Cable - Straight Bar)",F,58.97,7.0,0,0.0,,,
2025-08-12 01:15:06,"Evening Workout",26m,"Incline Bench Press (Barbell)",W,25.0,8.0,0,0.0,"",,
2025-08-12 01:15:06,"Evening Workout",26m,"Incline Bench Press (Barbell)",1,115.0,3.0,0,0.0,,,
2025-08-12 01:15:06,"Evening Workout",26m,"Incline Bench Press (Barbell)",2,105.0,5.0,0,0.0,,,
2025-08-12 01:15:06,"Evening Workout",26m,"Incline Bench Press (Barbell)",3,105.0,5.0,0,0.0,,,
2025-08-13 01:17:05,"Evening Workout",1h 9m,"Romanian Deadlift (Barbell)",W,20.41,8.0,0,0.0,"","",
2025-08-13 01:17:05,"Evening Workout",1h 9m,"Romanian Deadlift (Barbell)",1,43.09,10.0,0,0.0,,,
2025-08-13 01:17:05,"Evening Workout",1h 9m,"Romanian Deadlift (Barbell)",2,61.23,8.0,0,0.0,,,
2025-08-13 01:17:05,"Evening Workout",1h 9m,"Romanian Deadlift (Barbell)",3,61.23,8.0,0,0.0,,,
2025-08-13 01:17:05,"Evening Workout",1h 9m,"Squat (Barbell)",W,20.41,8.0,0,0.0,"",,
2025-08-13 01:17:05,"Evening Workout",1h 9m,"Squat (Barbell)",1,61.23,8.0,0,0.0,,,
2025-08-13 01:17:05,"Evening Workout",1h 9m,"Squat (Barbell)",2,83.91,8.0,0,0.0,,,
2025-08-13 01:17:05,"Evening Workout",1h 9m,"Squat (Barbell)",3,102.06,8.0,0,0.0,,,
2025-08-13 01:17:05,"Evening Workout",1h 9m,"Squat (Barbell)",4,111.13,3.0,0,0.0,,,
2025-08-13 01:17:05,"Evening Workout",1h 9m,"Standing Calf Raise (Barbell)",W,25.0,12.0,0,0.0,"",,
2025-08-13 01:17:05,"Evening Workout",1h 9m,"Standing Calf Raise (Barbell)",1,95.0,12.0,0,0.0,,,
2025-08-13 01:17:05,"Evening Workout",1h 9m,"Standing Calf Raise (Barbell)",2,95.0,12.0,0,0.0,,,
2025-08-13 01:17:05,"Evening Workout",1h 9m,"Standing Calf Raise (Barbell)",3,95.0,12.0,0,0.0,,,
2025-08-13 01:17:05,"Evening Workout",1h 9m,"Leg Extension (Machine)",1,79.83,10.0,0,0.0,"",,
2025-08-13 01:17:05,"Evening Workout",1h 9m,"Leg Extension (Machine)",2,84.82,8.0,0,0.0,,,
2025-08-13 01:17:05,"Evening Workout",1h 9m,"Leg Extension (Machine)",3,84.82,10.0,0,0.0,,,
2025-08-16 00:13:53,"Evening Workout",36m,"Seated Row (Cable)",W,31.75,8.0,0,0.0,"","",
2025-08-16 00:13:53,"Evening Workout",36m,"Seated Row (Cable)",1,63.5,8.0,0,0.0,,,
2025-08-16 00:13:53,"Evening Workout",36m,"Seated Row (Cable)",2,77.11,10.0,0,0.0,,,
2025-08-16 00:13:53,"Evening Workout",36m,"Seated Row (Cable)",3,90.72,8.0,0,0.0,,,
2025-08-16 00:13:53,"Evening Workout",36m,"Push Up",1,0.0,15.0,0,0.0,"",,
2025-08-16 00:13:53,"Evening Workout",36m,"Push Up",2,0.0,20.0,0,0.0,,,
2025-08-16 00:13:53,"Evening Workout",36m,"Push Up",3,10.0,20.0,0,0.0,,,
2025-08-16 00:13:53,"Evening Workout",36m,"Bent Over One Arm Row (Dumbbell)",1,22.68,8.0,0,0.0,"",,
2025-08-16 00:13:53,"Evening Workout",36m,"Bent Over One Arm Row (Dumbbell)",2,22.68,8.0,0,0.0,,,
2025-08-16 00:13:53,"Evening Workout",36m,"Bent Over One Arm Row (Dumbbell)",3,22.68,8.0,0,0.0,,,
2025-08-16 00:13:53,"Evening Workout",36m,"Bench Dip",1,0.0,10.0,0,0.0,"",,
2025-08-16 00:13:53,"Evening Workout",36m,"Bench Dip",2,0.0,10.0,0,0.0,,,
2025-08-16 00:13:53,"Evening Workout",36m,"Bench Dip",3,0.0,10.0,0,0.0,,,
2025-08-20 22:32:14,"Afternoon Workout",46m,"Bench Press (Barbell)",W,20.41,8.0,0,0.0,"","",
2025-08-20 22:32:14,"Afternoon Workout",46m,"Bench Press (Barbell)",1,61.23,8.0,0,0.0,,,
2025-08-20 22:32:14,"Afternoon Workout",46m,"Bench Press (Barbell)",2,83.91,6.0,0,0.0,,,
2025-08-20 22:32:14,"Afternoon Workout",46m,"Bench Press (Barbell)",3,92.99,2.0,0,0.0,,,
2025-08-20 22:32:14,"Afternoon Workout",46m,"Bench Press (Barbell)",4,83.91,4.0,0,0.0,,,
2025-08-20 22:32:14,"Afternoon Workout",46m,"Bench Press (Barbell)",5,83.91,4.0,0,0.0,,,
2025-08-20 22:32:14,"Afternoon Workout",46m,"Bench Press (Barbell)",D,61.23,5.0,0,0.0,,,
2025-08-20 22:32:14,"Afternoon Workout",46m,"Triceps Dip",1,0.0,6.0,0,0.0,"",,
2025-08-20 22:32:14,"Afternoon Workout",46m,"Triceps Dip",2,0.0,10.0,0,0.0,,,
2025-08-20 22:32:14,"Afternoon Workout",46m,"Triceps Dip",3,0.0,10.0,0,0.0,,,
2025-08-20 22:32:14,"Afternoon Workout",46m,"Incline Bench Press (Barbell)",W,45.0,8.0,0,0.0,"",,
2025-08-20 22:32:14,"Afternoon Workout",46m,"Incline Bench Press (Barbell)",1,95.0,5.0,0,0.0,,,
2025-08-20 22:32:14,"Afternoon Workout",46m,"Incline Bench Press (Barbell)",2,95.0,5.0,0,0.0,,,
2025-08-20 22:32:14,"Afternoon Workout",46m,"Incline Bench Press (Barbell)",3,95.0,7.0,0,0.0,,,
2025-08-20 22:32:14,"Afternoon Workout",46m,"Chest Fly",1,61.01,10.0,0,0.0,"",,
2025-08-20 22:32:14,"Afternoon Workout",46m,"Chest Fly",2,61.01,6.0,0,0.0,,,
2025-08-20 22:32:14,"Afternoon Workout",46m,"Chest Fly",3,61.01,6.0,0,0.0,,,
2025-08-23 00:17:46,"Evening Workout",50m,"Leg Extension (Machine)",W,34.93,8.0,0,0.0,"","",
2025-08-23 00:17:46,"Evening Workout",50m,"Leg Extension (Machine)",1,74.84,10.0,0,0.0,,,
2025-08-23 00:17:46,"Evening Workout",50m,"Leg Extension (Machine)",2,79.83,10.0,0,0.0,,,
2025-08-23 00:17:46,"Evening Workout",50m,"Leg Extension (Machine)",3,84.82,10.0,0,0.0,,,
2025-08-23 00:17:46,"Evening Workout",50m,"Seated Leg Press (Machine)",W,77.0,8.0,0,0.0,"",,
2025-08-23 00:17:46,"Evening Workout",50m,"Seated Leg Press (Machine)",1,170.5,8.0,0,0.0,,,
2025-08-23 00:17:46,"Evening Workout",50m,"Seated Leg Press (Machine)",2,170.5,8.0,0,0.0,,,
2025-08-23 00:17:46,"Evening Workout",50m,"Seated Leg Press (Machine)",3,170.5,8.0,0,0.0,,,
2025-08-23 00:17:46,"Evening Workout",50m,"Calf Press on Seated Leg Press",W,77.0,10.0,0,0.0,"",,
2025-08-23 00:17:46,"Evening Workout",50m,"Calf Press on Seated Leg Press",1,170.8,8.0,0,0.0,,,
2025-08-23 00:17:46,"Evening Workout",50m,"Calf Press on Seated Leg Press",2,170.8,8.0,0,0.0,,,
2025-08-23 00:17:46,"Evening Workout",50m,"Squat (Barbell)",W,20.41,8.0,0,0.0,"",,
2025-08-23 00:17:46,"Evening Workout",50m,"Squat (Barbell)",1,61.23,8.0,0,0.0,,,
2025-08-23 00:17:46,"Evening Workout",50m,"Squat (Barbell)",2,83.91,8.0,0,0.0,,,
2025-08-23 00:17:46,"Evening Workout",50m,"Squat (Barbell)",3,102.06,8.0,0,0.0,,,
2025-08-23 00:17:46,"Evening Workout",50m,"Squat (Barbell)",4,102.06,5.0,0,0.0,,,
2025-08-23 00:17:46,"Evening Workout",50m,"Squat (Barbell)",D,61.23,8.0,0,0.0,,,
2025-09-02 23:30:21,"Afternoon Workout",40m,"Bench Press (Barbell)",W,20.41,8.0,0,0.0,"","",
2025-09-02 23:30:21,"Afternoon Workout",40m,"Bench Press (Barbell)",W,43.09,8.0,0,0.0,,,
2025-09-02 23:30:21,"Afternoon Workout",40m,"Bench Press (Barbell)",1,61.23,8.0,0,0.0,,,
2025-09-02 23:30:21,"Afternoon Workout",40m,"Bench Press (Barbell)",2,61.23,8.0,0,0.0,,,
2025-09-02 23:30:21,"Afternoon Workout",40m,"Bench Press (Barbell)",3,83.91,3.0,0,0.0,,,
2025-09-02 23:30:21,"Afternoon Workout",40m,"Bench Press (Barbell)",4,83.91,3.0,0,0.0,,,
2025-09-02 23:30:21,"Afternoon Workout",40m,"Bench Press (Barbell)",D,61.23,8.0,0,0.0,,,
2025-09-02 23:30:21,"Afternoon Workout",40m,"Incline Bench Press (Barbell)",W,45.0,8.0,0,0.0,"",,
2025-09-02 23:30:21,"Afternoon Workout",40m,"Incline Bench Press (Barbell)",1,95.0,8.0,0,0.0,,,
2025-09-02 23:30:21,"Afternoon Workout",40m,"Incline Bench Press (Barbell)",2,95.0,8.0,0,0.0,,,
2025-09-02 23:30:21,"Afternoon Workout",40m,"Incline Bench Press (Barbell)",3,95.0,8.0,0,0.0,,,
2025-09-02 23:30:21,"Afternoon Workout",40m,"Triceps Pushdown (Cable - Straight Bar)",1,45.36,8.0,0,0.0,"",,
2025-09-02 23:30:21,"Afternoon Workout",40m,"Triceps Pushdown (Cable - Straight Bar)",2,45.36,8.0,0,0.0,,,
2025-09-02 23:30:21,"Afternoon Workout",40m,"Triceps Pushdown (Cable - Straight Bar)",3,45.36,8.0,0,0.0,,,
2025-09-02 23:30:21,"Afternoon Workout",40m,"Cable side pull",1,13.61,10.0,0,0.0,"",,
2025-09-02 23:30:21,"Afternoon Workout",40m,"Cable side pull",2,13.61,8.0,0,0.0,,,
2025-09-02 23:30:21,"Afternoon Workout",40m,"Cable side pull",3,13.61,8.0,0,0.0,,,
2025-09-06 00:28:31,"Evening Workout",27m,"Leg Extension (Machine)",W,34.93,8.0,0,0.0,"","",
2025-09-06 00:28:31,"Evening Workout",27m,"Leg Extension (Machine)",1,74.84,8.0,0,0.0,,,
2025-09-06 00:28:31,"Evening Workout",27m,"Leg Extension (Machine)",2,79.83,8.0,0,0.0,,,
2025-09-06 00:28:31,"Evening Workout",27m,"Leg Extension (Machine)",3,79.83,8.0,0,0.0,,,
2025-09-06 00:28:31,"Evening Workout",27m,"Seated Leg Press (Machine)",W,77.0,10.0,0,0.0,"",,
2025-09-06 00:28:31,"Evening Workout",27m,"Seated Leg Press (Machine)",1,170.5,8.0,0,0.0,,,
2025-09-06 00:28:31,"Evening Workout",27m,"Seated Leg Press (Machine)",2,170.5,10.0,0,0.0,,,
2025-09-06 00:28:31,"Evening Workout",27m,"Seated Leg Press (Machine)",3,170.5,10.0,0,0.0,,,
2025-09-06 00:28:31,"Evening Workout",27m,"Calf Press on Seated Leg Press",W,77.0,10.0,0,0.0,"",,
2025-09-06 00:28:31,"Evening Workout",27m,"Calf Press on Seated Leg Press",1,170.5,12.0,0,0.0,,,
2025-09-06 00:28:31,"Evening Workout",27m,"Calf Press on Seated Leg Press",2,170.5,12.0,0,0.0,,,
2025-09-06 00:28:31,"Evening Workout",27m,"Calf Press on Seated Leg Press",3,170.5,12.0,0,0.0,,,
2025-09-06 00:28:31,"Evening Workout",27m,"Goblet Squat (Kettlebell)",1,40.0,6.0,0,0.0,"",,
2025-09-06 00:28:31,"Evening Workout",27m,"Goblet Squat (Kettlebell)",2,45.0,6.0,0,0.0,,,
2025-09-06 00:28:31,"Evening Workout",27m,"Goblet Squat (Kettlebell)",3,45.0,8.0,0,0.0,,,
2025-09-21 23:49:24,"Afternoon Workout",40m,"Romanian Deadlift (Barbell)",W,20.41,8.0,0,0.0,"","",
2025-09-21 23:49:24,"Afternoon Workout",40m,"Romanian Deadlift (Barbell)",1,43.09,10.0,0,0.0,,,
2025-09-21 23:49:24,"Afternoon Workout",40m,"Romanian Deadlift (Barbell)",2,52.16,8.0,0,0.0,,,
2025-09-21 23:49:24,"Afternoon Workout",40m,"Romanian Deadlift (Barbell)",3,61.23,8.0,0,0.0,,,
2025-09-21 23:49:24,"Afternoon Workout",40m,"Squat (Barbell)",W,20.41,8.0,0,0.0,"",,
2025-09-21 23:49:24,"Afternoon Workout",40m,"Squat (Barbell)",1,61.23,8.0,0,0.0,,,
2025-09-21 23:49:24,"Afternoon Workout",40m,"Squat (Barbell)",2,83.91,8.0,0,0.0,,,
2025-09-21 23:49:24,"Afternoon Workout",40m,"Squat (Barbell)",3,83.91,8.0,0,0.0,,,
2025-09-21 23:49:24,"Afternoon Workout",40m,"Squat (Barbell)",4,83.91,8.0,0,0.0,,,
2025-10-02 23:53:35,"Afternoon Workout",34m,"Bench Press (Barbell)",W,20.41,8.0,0,0.0,"","",
2025-10-02 23:53:35,"Afternoon Workout",34m,"Bench Press (Barbell)",1,61.23,8.0,0,0.0,,,
2025-10-02 23:53:35,"Afternoon Workout",34m,"Bench Press (Barbell)",2,70.31,8.0,0,0.0,,,
2025-10-02 23:53:35,"Afternoon Workout",34m,"Bench Press (Barbell)",3,83.91,2.0,0,0.0,,,
2025-10-02 23:53:35,"Afternoon Workout",34m,"Bench Press (Barbell)",4,83.91,3.0,0,0.0,,,
2025-10-02 23:53:35,"Afternoon Workout",34m,"Bench Press (Barbell)",5,83.91,3.0,0,0.0,,,
2025-10-02 23:53:35,"Afternoon Workout",34m,"Bench Press (Barbell)",D,61.23,4.0,0,0.0,,,
2025-10-02 23:53:35,"Afternoon Workout",34m,"Incline Bench Press (Barbell)",W,45.0,8.0,0,0.0,"",,
2025-10-02 23:53:35,"Afternoon Workout",34m,"Incline Bench Press (Barbell)",1,95.0,8.0,0,0.0,,,
2025-10-02 23:53:35,"Afternoon Workout",34m,"Incline Bench Press (Barbell)",2,115.0,6.0,0,0.0,,,
2025-10-02 23:53:35,"Afternoon Workout",34m,"Incline Bench Press (Barbell)",3,115.0,6.0,0,0.0,,,
2025-10-02 23:53:35,"Afternoon Workout",34m,"Incline Bench Press (Barbell)",F,135.0,1.0,0,0.0,,,
2025-10-02 23:53:35,"Afternoon Workout",34m,"Incline Bench Press (Barbell)",D,95.0,5.0,0,0.0,,,
2025-10-02 23:53:35,"Afternoon Workout",34m,"Triceps Extension (Dumbbell)",1,22.68,5.0,0,0.0,"",,
2025-10-02 23:53:35,"Afternoon Workout",34m,"Triceps Extension (Dumbbell)",2,22.68,8.0,0,0.0,,,
2025-10-02 23:53:35,"Afternoon Workout",34m,"Triceps Extension (Dumbbell)",3,22.68,7.0,0,0.0,,,
2025-10-02 23:53:35,"Afternoon Workout",34m,"Triceps Extension",1,14.97,6.0,0,0.0,"",,
2025-10-02 23:53:35,"Afternoon Workout",34m,"Triceps Extension",2,19.96,5.0,0,0.0,,,
2025-10-02 23:53:35,"Afternoon Workout",34m,"Triceps Extension",3,19.96,5.0,0,0.0,,,
2025-10-02 23:53:35,"Afternoon Workout",34m,"Triceps Extension",4,19.96,5.0,0,0.0,,,
2025-10-07 00:45:05,"Evening Workout",31m,"Bench Press (Barbell)",W,20.41,8.0,0,0.0,"","",
2025-10-07 00:45:05,"Evening Workout",31m,"Bench Press (Barbell)",1,61.23,8.0,0,0.0,,,
2025-10-07 00:45:05,"Evening Workout",31m,"Bench Press (Barbell)",2,70.31,8.0,0,0.0,,,
2025-10-07 00:45:05,"Evening Workout",31m,"Bench Press (Barbell)",3,83.91,4.0,0,0.0,,,
2025-10-07 00:45:05,"Evening Workout",31m,"Bench Press (Barbell)",4,83.91,3.0,0,0.0,,,
2025-10-07 00:45:05,"Evening Workout",31m,"Bench Press (Barbell)",5,70.31,8.0,0,0.0,,,
2025-10-07 00:45:05,"Evening Workout",31m,"Bench Press (Barbell)",D,61.23,5.0,0,0.0,,,
2025-10-12 20:16:36,"Afternoon Workout",44m,"Bench Press (Barbell)",W,20.41,8.0,0,0.0,"","",
2025-10-12 20:16:36,"Afternoon Workout",44m,"Bench Press (Barbell)",1,61.23,8.0,0,0.0,,,
2025-10-12 20:16:36,"Afternoon Workout",44m,"Bench Press (Barbell)",2,83.91,5.0,0,0.0,,,
2025-10-12 20:16:36,"Afternoon Workout",44m,"Bench Press (Barbell)",3,83.91,4.0,0,0.0,,,
2025-10-12 20:16:36,"Afternoon Workout",44m,"Bench Press (Barbell)",4,83.91,4.0,0,0.0,,,
2025-10-12 20:16:36,"Afternoon Workout",44m,"Bench Press (Barbell)",5,83.91,3.0,0,0.0,,,
2025-10-12 20:16:36,"Afternoon Workout",44m,"Bench Press (Barbell)",D,61.23,6.0,0,0.0,,,
2025-10-12 20:16:36,"Afternoon Workout",44m,"Incline Bench Press (Barbell)",W,45.0,8.0,0,0.0,"",,
2025-10-12 20:16:36,"Afternoon Workout",44m,"Incline Bench Press (Barbell)",1,95.0,6.0,0,0.0,,,
2025-10-12 20:16:36,"Afternoon Workout",44m,"Incline Bench Press (Barbell)",2,95.0,8.0,0,0.0,,,
2025-10-12 20:16:36,"Afternoon Workout",44m,"Incline Bench Press (Barbell)",3,115.0,6.0,0,0.0,,,
2025-10-12 20:16:36,"Afternoon Workout",44m,"Triceps Pushdown (Cable - Straight Bar)",1,45.36,8.0,0,0.0,"",,
2025-10-12 20:16:36,"Afternoon Workout",44m,"Triceps Pushdown (Cable - Straight Bar)",2,45.36,8.0,0,0.0,,,
2025-10-12 20:16:36,"Afternoon Workout",44m,"Triceps Pushdown (Cable - Straight Bar)",3,54.43,8.0,0,0.0,,,
2025-10-14 02:45:06,"Evening Workout",41m,"Leg Extension (Machine)",W,34.93,8.0,0,0.0,"","",
2025-10-14 02:45:06,"Evening Workout",41m,"Leg Extension (Machine)",1,74.84,8.0,0,0.0,,,
2025-10-14 02:45:06,"Evening Workout",41m,"Leg Extension (Machine)",2,79.83,8.0,0,0.0,,,
2025-10-14 02:45:06,"Evening Workout",41m,"Leg Extension (Machine)",3,84.82,10.0,0,0.0,,,
2025-10-14 02:45:06,"Evening Workout",41m,"Seated Leg Press (Machine)",W,77.0,10.0,0,0.0,"",,
2025-10-14 02:45:06,"Evening Workout",41m,"Seated Leg Press (Machine)",1,170.5,8.0,0,0.0,,,
2025-10-14 02:45:06,"Evening Workout",41m,"Seated Leg Press (Machine)",2,170.5,10.0,0,0.0,,,
2025-10-14 02:45:06,"Evening Workout",41m,"Seated Leg Press (Machine)",3,187.0,8.0,0,0.0,,,
2025-10-14 02:45:06,"Evening Workout",41m,"Calf Press on Seated Leg Press",W,77.0,12.0,0,0.0,"",,
2025-10-14 02:45:06,"Evening Workout",41m,"Calf Press on Seated Leg Press",1,170.5,10.0,0,0.0,,,
2025-10-14 02:45:06,"Evening Workout",41m,"Calf Press on Seated Leg Press",2,170.5,10.0,0,0.0,,,
2025-10-14 02:45:06,"Evening Workout",41m,"Calf Press on Seated Leg Press",3,187.0,10.0,0,0.0,,,
2025-10-14 02:45:06,"Evening Workout",41m,"Trap Bar Deadlift",W,0.0,10.0,0,0.0,"",,
2025-10-14 02:45:06,"Evening Workout",41m,"Trap Bar Deadlift",1,90.0,8.0,0,0.0,,,
2025-10-14 02:45:06,"Evening Workout",41m,"Trap Bar Deadlift",2,110.0,8.0,0,0.0,,,
2025-10-14 02:45:06,"Evening Workout",41m,"Trap Bar Deadlift",3,140.0,5.0,0,0.0,,,
2025-10-15 01:03:35,"Evening Workout",36m,"Reverse Fly (Machine)",W,77.0,8.0,0,0.0,"","",
2025-10-15 01:03:35,"Evening Workout",36m,"Reverse Fly (Machine)",1,88.0,5.0,0,0.0,,,
2025-10-15 01:03:35,"Evening Workout",36m,"Reverse Fly (Machine)",2,104.5,5.0,0,0.0,,,
2025-10-15 01:03:35,"Evening Workout",36m,"Reverse Fly (Machine)",3,104.5,5.0,0,0.0,,,
2025-10-15 01:03:35,"Evening Workout",36m,"Lat Pulldown (Cable)",W,66.0,8.0,0,0.0,"",,
2025-10-15 01:03:35,"Evening Workout",36m,"Lat Pulldown (Cable)",1,121.0,6.0,0,0.0,,,
2025-10-15 01:03:35,"Evening Workout",36m,"Lat Pulldown (Cable)",2,121.0,6.0,0,0.0,,,
2025-10-15 01:03:35,"Evening Workout",36m,"Lat Pulldown (Cable)",3,104.5,8.0,0,0.0,,,
2025-10-15 01:03:35,"Evening Workout",36m,"Bent Over One Arm Row (Dumbbell)",1,22.68,6.0,0,0.0,"",,
2025-10-15 01:03:35,"Evening Workout",36m,"Bent Over One Arm Row (Dumbbell)",2,22.68,8.0,0,0.0,,,
2025-10-15 01:03:35,"Evening Workout",36m,"Bent Over One Arm Row (Dumbbell)",3,20.41,8.0,0,0.0,,,
2025-10-21 02:46:05,"Evening Workout",1h 4m,"Bench Press (Barbell)",W,20.41,8.0,0,0.0,"","",
2025-10-21 02:46:05,"Evening Workout",1h 4m,"Bench Press (Barbell)",1,61.23,8.0,0,0.0,,,
2025-10-21 02:46:05,"Evening Workout",1h 4m,"Bench Press (Barbell)",2,70.31,6.0,0,0.0,,,
2025-10-21 02:46:05,"Evening Workout",1h 4m,"Bench Press (Barbell)",3,70.31,8.0,0,0.0,,,
2025-10-21 02:46:05,"Evening Workout",1h 4m,"Bench Press (Barbell)",4,83.91,3.0,0,0.0,,,
2025-10-21 02:46:05,"Evening Workout",1h 4m,"Bench Press (Barbell)",F,83.91,2.0,0,0.0,,,
2025-10-21 02:46:05,"Evening Workout",1h 4m,"Bench Press (Barbell)",D,61.23,6.0,0,0.0,,,
2025-10-21 02:46:05,"Evening Workout",1h 4m,"Bench Dip",1,0.0,10.0,0,0.0,"",,
2025-10-21 02:46:05,"Evening Workout",1h 4m,"Bench Dip",2,0.0,10.0,0,0.0,,,
2025-10-21 02:46:05,"Evening Workout",1h 4m,"Bench Dip",3,0.0,10.0,0,0.0,,,
2025-10-21 02:46:05,"Evening Workout",1h 4m,"Triceps Pushdown (Cable - Straight Bar)",1,45.36,8.0,0,0.0,"",,
2025-10-21 02:46:05,"Evening Workout",1h 4m,"Triceps Pushdown (Cable - Straight Bar)",2,45.36,8.0,0,0.0,,,
2025-10-21 02:46:05,"Evening Workout",1h 4m,"Triceps Pushdown (Cable - Straight Bar)",3,49.9,8.0,0,0.0,,,
2025-10-23 03:15:26,"Evening Workout",33m,"Lat Pulldown (Cable)",W,66.0,8.0,0,0.0,"","",
2025-10-23 03:15:26,"Evening Workout",33m,"Lat Pulldown (Cable)",1,104.5,8.0,0,0.0,,,
2025-10-23 03:15:26,"Evening Workout",33m,"Lat Pulldown (Cable)",2,104.5,8.0,0,0.0,,,
2025-10-23 03:15:26,"Evening Workout",33m,"Lat Pulldown (Cable)",3,104.5,8.0,0,0.0,,,
2025-10-23 03:15:26,"Evening Workout",33m,"Concentration Curl (Dumbbell)",1,25.0,8.0,0,0.0,"",,
2025-10-23 03:15:26,"Evening Workout",33m,"Concentration Curl (Dumbbell)",2,25.0,8.0,0,0.0,,,
2025-10-23 03:15:26,"Evening Workout",33m,"Concentration Curl (Dumbbell)",3,25.0,8.0,0,0.0,,,
2025-10-23 03:15:26,"Evening Workout",33m,"Seated Row (Cable)",1,58.97,8.0,0,0.0,"",,
2025-10-23 03:15:26,"Evening Workout",33m,"Seated Row (Cable)",2,77.11,8.0,0,0.0,,,
2025-10-23 03:15:26,"Evening Workout",33m,"Seated Row (Cable)",3,77.11,8.0,0,0.0,,,
2025-10-29 00:24:29,"Evening Workout",32m,"Bench Press (Dumbbell)",W,13.61,8.0,0,0.0,"","",
2025-10-29 00:24:29,"Evening Workout",32m,"Bench Press (Dumbbell)",1,31.75,4.0,0,0.0,,,
2025-10-29 00:24:29,"Evening Workout",32m,"Bench Press (Dumbbell)",2,31.75,8.0,0,0.0,,,
2025-10-29 00:24:29,"Evening Workout",32m,"Bench Press (Dumbbell)",3,31.75,4.0,0,0.0,,,
2025-10-29 00:24:29,"Evening Workout",32m,"Bench Press (Dumbbell)",4,27.22,8.0,0,0.0,,,
2025-10-29 00:24:29,"Evening Workout",32m,"Triceps Extension (Dumbbell)",1,22.68,5.0,0,0.0,"",,
2025-10-29 00:24:29,"Evening Workout",32m,"Triceps Extension (Dumbbell)",2,22.68,8.0,0,0.0,,,
2025-10-29 00:24:29,"Evening Workout",32m,"Triceps Extension (Dumbbell)",3,22.68,8.0,0,0.0,,,
2025-10-29 00:24:29,"Evening Workout",32m,"Triceps Extension",1,31.75,8.0,0,0.0,"",,
2025-10-29 00:24:29,"Evening Workout",32m,"Triceps Extension",2,31.75,8.0,0,0.0,,,
2025-10-29 00:24:29,"Evening Workout",32m,"Triceps Extension",3,31.75,8.0,0,0.0,,,
2025-10-29 00:24:29,"Evening Workout",32m,"Triceps Extension",4,31.75,8.0,0,0.0,,,
2025-11-11 01:10:29,"Evening Workout",41m,"Bench Press (Barbell)",W,20.41,8.0,0,0.0,"","",
2025-11-11 01:10:29,"Evening Workout",41m,"Bench Press (Barbell)",1,43.09,8.0,0,0.0,,,
2025-11-11 01:10:29,"Evening Workout",41m,"Bench Press (Barbell)",2,61.23,8.0,0,0.0,,,
2025-11-11 01:10:29,"Evening Workout",41m,"Bench Press (Barbell)",3,70.31,6.0,0,0.0,,,
2025-11-11 01:10:29,"Evening Workout",41m,"Bench Press (Barbell)",4,83.91,3.0,0,0.0,,,
2025-11-11 01:10:29,"Evening Workout",41m,"Bench Press (Barbell)",5,70.31,6.0,0,0.0,,,
2025-11-11 01:10:29,"Evening Workout",41m,"Bench Press (Barbell)",D,61.23,8.0,0,0.0,,,
2025-11-11 01:10:29,"Evening Workout",41m,"Bench Dip",1,0.0,10.0,0,0.0,"",,
2025-11-11 01:10:29,"Evening Workout",41m,"Bench Dip",2,0.0,10.0,0,0.0,,,
2025-11-11 01:10:29,"Evening Workout",41m,"Bench Dip",3,0.0,10.0,0,0.0,,,
2025-11-11 01:10:29,"Evening Workout",41m,"Triceps Extension (Dumbbell)",1,22.68,8.0,0,0.0,"",,
2025-11-11 01:10:29,"Evening Workout",41m,"Triceps Extension (Dumbbell)",2,22.68,8.0,0,0.0,,,
2025-11-11 01:10:29,"Evening Workout",41m,"Triceps Extension (Dumbbell)",F,22.68,4.0,0,0.0,,,
2025-11-11 01:10:29,"Evening Workout",41m,"Incline Bench Press (Dumbbell)",1,45.36,5.0,0,0.0,"",,
2025-11-11 01:10:29,"Evening Workout",41m,"Incline Bench Press (Dumbbell)",2,45.36,8.0,0,0.0,,,
2025-11-11 01:10:29,"Evening Workout",41m,"Incline Bench Press (Dumbbell)",3,45.36,5.0,0,0.0,,,
2025-11-13 01:52:54,"Evening Workout",45m,"Leg Extension (Machine)",W,34.93,8.0,0,0.0,"","",
2025-11-13 01:52:54,"Evening Workout",45m,"Leg Extension (Machine)",1,54.88,8.0,0,0.0,,,
2025-11-13 01:52:54,"Evening Workout",45m,"Leg Extension (Machine)",2,64.86,10.0,0,0.0,,,
2025-11-13 01:52:54,"Evening Workout",45m,"Leg Extension (Machine)",3,76.2,10.0,0,0.0,,,
2025-11-13 01:52:54,"Evening Workout",45m,"Seated Leg Curl (Machine)",1,77.0,8.0,0,0.0,"",,
2025-11-13 01:52:54,"Evening Workout",45m,"Seated Leg Curl (Machine)",2,110.0,8.0,0,0.0,,,
2025-11-13 01:52:54,"Evening Workout",45m,"Seated Leg Curl (Machine)",3,110.0,8.0,0,0.0,,,
2025-11-13 01:52:54,"Evening Workout",45m,"Seated Leg Press (Machine)",W,55.0,10.0,0,0.0,"",,
2025-11-13 01:52:54,"Evening Workout",45m,"Seated Leg Press (Machine)",1,121.0,8.0,0,0.0,,,
2025-11-13 01:52:54,"Evening Workout",45m,"Seated Leg Press (Machine)",2,121.0,8.0,0,0.0,,,
2025-11-13 01:52:54,"Evening Workout",45m,"Seated Leg Press (Machine)",3,121.0,8.0,0,0.0,,,
2025-11-13 01:52:54,"Evening Workout",45m,"Calf Press on Seated Leg Press",W,55.0,12.0,0,0.0,"",,
2025-11-13 01:52:54,"Evening Workout",45m,"Calf Press on Seated Leg Press",1,121.0,12.0,0,0.0,,,
2025-11-13 01:52:54,"Evening Workout",45m,"Calf Press on Seated Leg Press",2,121.0,12.0,0,0.0,,,
2025-11-13 01:52:54,"Evening Workout",45m,"Calf Press on Seated Leg Press",3,121.0,12.0,0,0.0,,,
2025-11-13 01:52:54,"Evening Workout",45m,"Hip Thrust (Barbell)",1,0.0,8.0,0,0.0,"",,
2025-11-13 01:52:54,"Evening Workout",45m,"Hip Thrust (Barbell)",2,50.0,8.0,0,0.0,,,
2025-11-13 01:52:54,"Evening Workout",45m,"Hip Thrust (Barbell)",3,50.0,8.0,0,0.0,,,
2025-11-13 01:52:54,"Evening Workout",45m,"Hip Thrust (Barbell)",4,50.0,8.0,0,0.0,,,
2025-11-14 03:16:52,"Evening Workout",31m,"Lat Pulldown (Cable)",W,88.0,8.0,0,0.0,"","",
2025-11-14 03:16:52,"Evening Workout",31m,"Lat Pulldown (Cable)",1,121.0,6.0,0,0.0,,,
2025-11-14 03:16:52,"Evening Workout",31m,"Lat Pulldown (Cable)",2,121.0,8.0,0,0.0,,,
2025-11-14 03:16:52,"Evening Workout",31m,"Lat Pulldown (Cable)",3,121.0,8.0,0,0.0,,,
2025-11-14 03:16:52,"Evening Workout",31m,"Bicep Curl (Barbell)",W,33.0,8.0,0,0.0,"",,
2025-11-14 03:16:52,"Evening Workout",31m,"Bicep Curl (Barbell)",1,53.0,8.0,0,0.0,,,
2025-11-14 03:16:52,"Evening Workout",31m,"Bicep Curl (Barbell)",2,73.0,4.0,0,0.0,,,
2025-11-14 03:16:52,"Evening Workout",31m,"Bicep Curl (Barbell)",3,73.0,5.0,0,0.0,,,
2025-11-14 03:16:52,"Evening Workout",31m,"Seated Row (Cable)",1,68.04,8.0,0,0.0,"",,
2025-11-14 03:16:52,"Evening Workout",31m,"Seated Row (Cable)",2,77.11,8.0,0,0.0,,,
2025-11-14 03:16:52,"Evening Workout",31m,"Seated Row (Cable)",3,81.65,8.0,0,0.0,,,
2025-12-20 02:47:36,"Afternoon Workout",49m,"Bench Press (Barbell)",W,20.41,8.0,0,0.0,"","",
2025-12-20 02:47:36,"Afternoon Workout",49m,"Bench Press (Barbell)",1,61.23,8.0,0,0.0,,,
2025-12-20 02:47:36,"Afternoon Workout",49m,"Bench Press (Barbell)",2,83.91,2.0,0,0.0,,,
2025-12-20 02:47:36,"Afternoon Workout",49m,"Bench Press (Barbell)",3,70.31,8.0,0,0.0,,,
2025-12-20 02:47:36,"Afternoon Workout",49m,"Bench Press (Barbell)",4,70.31,6.0,0,0.0,,,
2025-12-20 02:47:36,"Afternoon Workout",49m,"Bench Press (Barbell)",5,70.31,4.0,0,0.0,,,
2025-12-20 02:47:36,"Afternoon Workout",49m,"Bench Press (Barbell)",D,61.23,4.0,0,0.0,,,
2025-12-20 02:47:36,"Afternoon Workout",49m,"Incline Bench Press (Barbell)",W,45.0,8.0,0,0.0,"",,
2025-12-20 02:47:36,"Afternoon Workout",49m,"Incline Bench Press (Barbell)",1,95.0,8.0,0,0.0,,,
2025-12-20 02:47:36,"Afternoon Workout",49m,"Incline Bench Press (Barbell)",2,95.0,8.0,0,0.0,,,
2025-12-20 02:47:36,"Afternoon Workout",49m,"Incline Bench Press (Barbell)",3,95.0,6.0,0,0.0,,,
2025-12-20 02:47:36,"Afternoon Workout",49m,"Triceps Pushdown (Cable - Straight Bar)",1,19.96,8.0,0,0.0,"",,
2025-12-20 02:47:36,"Afternoon Workout",49m,"Triceps Pushdown (Cable - Straight Bar)",2,22.45,8.0,0,0.0,,,
2025-12-20 02:47:36,"Afternoon Workout",49m,"Triceps Pushdown (Cable - Straight Bar)",3,22.45,8.0,0,0.0,,,
2025-12-20 02:47:36,"Afternoon Workout",49m,"Triceps Extension (Dumbbell)",1,18.14,8.0,0,0.0,"",,
2025-12-20 02:47:36,"Afternoon Workout",49m,"Triceps Extension (Dumbbell)",2,22.68,7.0,0,0.0,,,
2025-12-20 02:47:36,"Afternoon Workout",49m,"Triceps Extension (Dumbbell)",F,22.68,6.0,0,0.0,,,
2025-12-20 02:47:36,"Afternoon Workout",49m,"Skullcrusher (Barbell)",1,30.0,8.0,0,0.0,"",,
2025-12-20 02:47:36,"Afternoon Workout",49m,"Skullcrusher (Barbell)",2,45.0,6.0,0,0.0,,,
2025-12-20 02:47:36,"Afternoon Workout",49m,"Skullcrusher (Barbell)",F,45.0,5.0,0,0.0,,,
2025-12-21 01:21:06,"Afternoon Workout",45m,"Squat (Barbell)",W,20.41,8.0,0,0.0,"","",
2025-12-21 01:21:06,"Afternoon Workout",45m,"Squat (Barbell)",1,61.23,6.0,0,0.0,,,
2025-12-21 01:21:06,"Afternoon Workout",45m,"Squat (Barbell)",2,83.91,6.0,0,0.0,,,
2025-12-21 01:21:06,"Afternoon Workout",45m,"Squat (Barbell)",3,92.99,6.0,0,0.0,,,
2025-12-21 01:21:06,"Afternoon Workout",45m,"Squat (Barbell)",4,97.52,5.0,0,0.0,,,
2025-12-21 01:21:06,"Afternoon Workout",45m,"Squat (Barbell)",5,102.06,3.0,0,0.0,,,
2025-12-21 01:21:06,"Afternoon Workout",45m,"Squat (Barbell)",D,61.23,7.0,0,0.0,,,
2025-12-21 01:21:06,"Afternoon Workout",45m,"Leg Extension (Machine)",W,38.56,8.0,0,0.0,"",,
2025-12-21 01:21:06,"Afternoon Workout",45m,"Leg Extension (Machine)",1,58.97,8.0,0,0.0,,,
2025-12-21 01:21:06,"Afternoon Workout",45m,"Leg Extension (Machine)",2,68.04,8.0,0,0.0,,,
2025-12-21 01:21:06,"Afternoon Workout",45m,"Leg Extension (Machine)",3,77.11,10.0,0,0.0,,,
2025-12-21 01:21:06,"Afternoon Workout",45m,"Seated Leg Press (Machine)",W,100.0,10.0,0,0.0,"",,
2025-12-21 01:21:06,"Afternoon Workout",45m,"Seated Leg Press (Machine)",1,140.0,8.0,0,0.0,,,
2025-12-21 01:21:06,"Afternoon Workout",45m,"Seated Leg Press (Machine)",2,200.0,8.0,0,0.0,,,
2025-12-21 01:21:06,"Afternoon Workout",45m,"Seated Leg Press (Machine)",3,240.0,10.0,0,0.0,,,
2025-12-21 01:21:06,"Afternoon Workout",45m,"Side Bend (Dumbbell)",1,26.0,10.0,0,0.0,"",,
2025-12-21 01:21:06,"Afternoon Workout",45m,"Side Bend (Dumbbell)",2,26.0,8.0,0,0.0,,,
2025-12-21 01:21:06,"Afternoon Workout",45m,"Side Bend (Dumbbell)",3,26.0,8.0,0,0.0,,,
2025-12-21 01:21:06,"Afternoon Workout",45m,"Kettlebell Swing",1,26.0,8.0,0,0.0,"",,
2025-12-21 01:21:06,"Afternoon Workout",45m,"Kettlebell Swing",2,26.0,8.0,0,0.0,,,
2025-12-21 01:21:06,"Afternoon Workout",45m,"Kettlebell Swing",3,26.0,8.0,0,0.0,,,
2025-12-27 21:56:40,"Midday Workout",44m,"Seated Row (Cable)",W,24.95,8.0,0,0.0,"","",
2025-12-27 21:56:40,"Midday Workout",44m,"Seated Row (Cable)",1,64.86,8.0,0,0.0,,,
2025-12-27 21:56:40,"Midday Workout",44m,"Seated Row (Cable)",F,74.84,5.0,0,0.0,,,
2025-12-27 21:56:40,"Midday Workout",44m,"Seated Row (Cable)",3,64.86,8.0,0,0.0,,,
2025-12-27 21:56:40,"Midday Workout",44m,"Bicep Curl (Cable)",1,49.5,7.0,0,0.0,"",,
2025-12-27 21:56:40,"Midday Workout",44m,"Bicep Curl (Cable)",2,49.5,5.0,0,0.0,,,
2025-12-27 21:56:40,"Midday Workout",44m,"Bicep Curl (Cable)",F,49.5,7.0,0,0.0,,,
2025-12-27 21:56:40,"Midday Workout",44m,"Lat Pulldown (Cable)",W,93.0,8.0,0,0.0,"",,
2025-12-27 21:56:40,"Midday Workout",44m,"Lat Pulldown (Cable)",1,126.0,6.0,0,0.0,,,
2025-12-27 21:56:40,"Midday Workout",44m,"Lat Pulldown (Cable)",2,115.0,8.0,0,0.0,,,
2025-12-27 21:56:40,"Midday Workout",44m,"Lat Pulldown (Cable)",3,115.0,8.0,0,0.0,,,
2025-12-27 21:56:40,"Midday Workout",44m,"Bicep Curl (Barbell)",W,40.0,8.0,0,0.0,"",,
2025-12-27 21:56:40,"Midday Workout",44m,"Bicep Curl (Barbell)",1,50.0,7.0,0,0.0,,,
2025-12-27 21:56:40,"Midday Workout",44m,"Bicep Curl (Barbell)",2,50.0,5.0,0,0.0,,,
2025-12-27 21:56:40,"Midday Workout",44m,"Bicep Curl (Barbell)",F,50.0,5.0,0,0.0,,,
2025-12-29 18:36:38,"Morning Workout",49m,"Squat (Barbell)",W,20.41,8.0,0,0.0,"","",
2025-12-29 18:36:38,"Morning Workout",49m,"Squat (Barbell)",1,61.23,8.0,0,0.0,,,
2025-12-29 18:36:38,"Morning Workout",49m,"Squat (Barbell)",2,83.91,6.0,0,0.0,,,
2025-12-29 18:36:38,"Morning Workout",49m,"Squat (Barbell)",3,92.99,6.0,0,0.0,,,
2025-12-29 18:36:38,"Morning Workout",49m,"Squat (Barbell)",4,102.06,5.0,0,0.0,,,
2025-12-29 18:36:38,"Morning Workout",49m,"Squat (Barbell)",5,111.13,3.0,0,0.0,,,
2025-12-29 18:36:38,"Morning Workout",49m,"Squat (Barbell)",D,61.23,8.0,0,0.0,,,
2025-12-29 18:36:38,"Morning Workout",49m,"Standing Calf Raise (Machine)",W,0.0,8.0,0,0.0,"",,
2025-12-29 18:36:38,"Morning Workout",49m,"Standing Calf Raise (Machine)",1,50.0,8.0,0,0.0,,,
2025-12-29 18:36:38,"Morning Workout",49m,"Leg Press",W,45.36,8.0,0,0.0,"",,
2025-12-29 18:36:38,"Morning Workout",49m,"Leg Press",1,127.01,8.0,0,0.0,,,
2025-12-29 18:36:38,"Morning Workout",49m,"Leg Press",2,167.83,8.0,0,0.0,,,
2025-12-29 18:36:38,"Morning Workout",49m,"Leg Press",3,208.65,8.0,0,0.0,,,
2025-12-29 18:36:38,"Morning Workout",49m,"Leg Press",4,208.65,8.0,0,0.0,,,
2025-12-29 18:36:38,"Morning Workout",49m,"Seated Calf Raise (Machine)",W,0.0,8.0,0,0.0,"",,
2025-12-29 18:36:38,"Morning Workout",49m,"Seated Calf Raise (Machine)",1,45.0,8.0,0,0.0,,,
2025-12-29 18:36:38,"Morning Workout",49m,"Seated Calf Raise (Machine)",2,90.0,6.0,0,0.0,,,
2025-12-29 18:36:38,"Morning Workout",49m,"Seated Calf Raise (Machine)",3,90.0,6.0,0,0.0,,,
2025-12-31 01:36:05,"Afternoon Workout",37m,"Triceps Pushdown (Cable - Straight Bar)",1,19.96,8.0,0,0.0,"","",
2025-12-31 01:36:05,"Afternoon Workout",37m,"Triceps Pushdown (Cable - Straight Bar)",2,24.95,8.0,0,0.0,,,
2025-12-31 01:36:05,"Afternoon Workout",37m,"Triceps Pushdown (Cable - Straight Bar)",3,29.94,8.0,0,0.0,,,
2025-12-31 01:36:05,"Afternoon Workout",37m,"Bench Press (Dumbbell)",1,27.22,8.0,0,0.0,"",,
2025-12-31 01:36:05,"Afternoon Workout",37m,"Bench Press (Dumbbell)",2,27.22,6.0,0,0.0,,,
2025-12-31 01:36:05,"Afternoon Workout",37m,"Bench Press (Dumbbell)",3,27.22,6.0,0,0.0,,,
2025-12-31 01:36:05,"Afternoon Workout",37m,"Bench Press (Dumbbell)",D,18.14,5.0,0,0.0,,,
2025-12-31 01:36:05,"Afternoon Workout",37m,"Triceps Extension (Dumbbell)",1,27.22,5.0,0,0.0,"",,
2025-12-31 01:36:05,"Afternoon Workout",37m,"Triceps Extension (Dumbbell)",2,22.68,6.0,0,0.0,,,
2025-12-31 01:36:05,"Afternoon Workout",37m,"Triceps Extension (Dumbbell)",3,22.68,6.0,0,0.0,,,
2025-12-31 01:36:05,"Afternoon Workout",37m,"Chest Press (Machine)",1,57.15,8.0,0,0.0,"",,
2025-12-31 01:36:05,"Afternoon Workout",37m,"Chest Press (Machine)",2,79.83,5.0,0,0.0,,,
2025-12-31 01:36:05,"Afternoon Workout",37m,"Chest Press (Machine)",3,79.83,6.0,0,0.0,,,
2026-01-01 00:34:55,"Afternoon Workout",36m,"Seated Row (Cable)",W,29.94,10.0,0,0.0,"","",
2026-01-01 00:34:55,"Afternoon Workout",36m,"Seated Row (Cable)",1,64.86,8.0,0,0.0,,,
2026-01-01 00:34:55,"Afternoon Workout",36m,"Seated Row (Cable)",2,64.86,6.0,0,0.0,,,
2026-01-01 00:34:55,"Afternoon Workout",36m,"Seated Row (Cable)",3,64.86,6.0,0,0.0,,,
2026-01-01 00:34:55,"Afternoon Workout",36m,"Pendlay Row (Barbell)",1,50.0,8.0,0,0.0,"",,
2026-01-01 00:34:55,"Afternoon Workout",36m,"Pendlay Row (Barbell)",2,70.0,6.0,0,0.0,,,
2026-01-01 00:34:55,"Afternoon Workout",36m,"Pendlay Row (Barbell)",3,90.0,5.0,0,0.0,,,
2026-01-01 00:34:55,"Afternoon Workout",36m,"Deadlift (Barbell)",W,20.41,8.0,0,0.0,"",,
2026-01-01 00:34:55,"Afternoon Workout",36m,"Deadlift (Barbell)",1,52.16,8.0,0,0.0,,,
2026-01-01 00:34:55,"Afternoon Workout",36m,"Deadlift (Barbell)",2,83.91,5.0,0,0.0,,,
2026-01-01 00:34:55,"Afternoon Workout",36m,"Deadlift (Barbell)",3,83.91,6.0,0,0.0,,,
2026-01-04 02:04:17,"Afternoon Workout",1h 39m,"Incline Bench Press (Barbell)",W,45.0,8.0,0,0.0,"","",
2026-01-04 02:04:17,"Afternoon Workout",1h 39m,"Incline Bench Press (Barbell)",1,95.0,8.0,0,0.0,,,
2026-01-04 02:04:17,"Afternoon Workout",1h 39m,"Incline Bench Press (Barbell)",2,115.0,8.0,0,0.0,,,
2026-01-04 02:04:17,"Afternoon Workout",1h 39m,"Incline Bench Press (Barbell)",3,145.0,3.0,0,0.0,,,
2026-01-04 02:04:17,"Afternoon Workout",1h 39m,"Incline Bench Press (Barbell)",4,145.0,3.0,0,0.0,,,
2026-01-04 02:04:17,"Afternoon Workout",1h 39m,"Bench Press (Barbell)",W,20.41,8.0,0,0.0,"",,
2026-01-04 02:04:17,"Afternoon Workout",1h 39m,"Bench Press (Barbell)",1,61.23,8.0,0,0.0,,,
2026-01-04 02:04:17,"Afternoon Workout",1h 39m,"Bench Press (Barbell)",2,70.31,6.0,0,0.0,,,
2026-01-04 02:04:17,"Afternoon Workout",1h 39m,"Bench Press (Barbell)",F,83.91,4.0,0,0.0,,,
2026-01-04 02:04:17,"Afternoon Workout",1h 39m,"Bench Press (Barbell)",F,102.06,1.0,0,0.0,,,
2026-01-04 02:04:17,"Afternoon Workout",1h 39m,"Pull Up",1,0,5.0,0,0.0,"",,
2026-01-04 02:04:17,"Afternoon Workout",1h 39m,"Pull Up",2,11.34,3.0,0,0.0,,,
2026-01-04 02:04:17,"Afternoon Workout",1h 39m,"Pull Up",3,11.34,2.0,0,0.0,,,
2026-01-04 02:04:17,"Afternoon Workout",1h 39m,"Seated Row (Cable)",W,29.94,10.0,0,0.0,"",,
2026-01-04 02:04:17,"Afternoon Workout",1h 39m,"Seated Row (Cable)",1,54.88,8.0,0,0.0,,,
2026-01-04 02:04:17,"Afternoon Workout",1h 39m,"Seated Row (Cable)",2,57.15,6.0,0,0.0,,,
2026-01-04 02:04:17,"Afternoon Workout",1h 39m,"Seated Row (Cable)",3,63.96,6.0,0,0.0,,,
2026-01-06 00:39:56,"Afternoon Workout",39m,"Romanian Deadlift (Barbell)",W,20.41,8.0,0,0.0,"","",
2026-01-06 00:39:56,"Afternoon Workout",39m,"Romanian Deadlift (Barbell)",1,43.09,10.0,0,0.0,,,
2026-01-06 00:39:56,"Afternoon Workout",39m,"Romanian Deadlift (Barbell)",2,65.77,8.0,0,0.0,,,
2026-01-06 00:39:56,"Afternoon Workout",39m,"Squat (Barbell)",W,20.41,8.0,0,0.0,"",,
2026-01-06 00:39:56,"Afternoon Workout",39m,"Squat (Barbell)",1,61.23,8.0,0,0.0,,,
2026-01-06 00:39:56,"Afternoon Workout",39m,"Squat (Barbell)",2,92.99,5.0,0,0.0,,,
2026-01-06 00:39:56,"Afternoon Workout",39m,"Squat (Barbell)",3,102.06,5.0,0,0.0,,,
2026-01-06 00:39:56,"Afternoon Workout",39m,"Squat (Barbell)",4,115.67,3.0,0,0.0,,,
2026-01-06 00:39:56,"Afternoon Workout",39m,"Leg Press",W,86.18,8.0,0,0.0,"",,
2026-01-06 00:39:56,"Afternoon Workout",39m,"Leg Press",1,127.01,8.0,0,0.0,,,
2026-01-06 00:39:56,"Afternoon Workout",39m,"Leg Press",2,167.83,8.0,0,0.0,,,
2026-01-06 00:39:56,"Afternoon Workout",39m,"Leg Press",3,208.65,4.0,0,0.0,,,
2026-01-06 00:39:56,"Afternoon Workout",39m,"Leg Press",4,167.83,8.0,0,0.0,,,
2026-01-06 00:39:56,"Afternoon Workout",39m,"Seated Leg Curl (Machine)",W,100.0,8.0,0,0.0,"",,
2026-01-06 00:39:56,"Afternoon Workout",39m,"Seated Leg Curl (Machine)",1,160.0,8.0,0,0.0,,,
2026-01-06 00:39:56,"Afternoon Workout",39m,"Seated Leg Curl (Machine)",2,160.0,8.0,0,0.0,,,
2026-01-06 00:39:56,"Afternoon Workout",39m,"Seated Leg Curl (Machine)",3,180.0,8.0,0,0.0,,,
2026-01-14 07:04:20,"Early Morning Workout",1h 1m,"Bench Press (Dumbbell)",W,20.0,8.0,0,0.0,"","",
2026-01-14 07:04:20,"Early Morning Workout",1h 1m,"Bench Press (Dumbbell)",W,20.0,6.0,0,0.0,,,
2026-01-14 07:04:20,"Early Morning Workout",1h 1m,"Bench Press (Dumbbell)",1,24.0,8.0,0,0.0,,,
2026-01-14 07:04:20,"Early Morning Workout",1h 1m,"Bench Press (Dumbbell)",2,24.0,8.0,0,0.0,,,
2026-01-14 07:04:20,"Early Morning Workout",1h 1m,"Triceps Extension (Dumbbell)",W,20.0,8.0,0,0.0,"",,
2026-01-14 07:04:20,"Early Morning Workout",1h 1m,"Triceps Extension (Dumbbell)",1,20.0,8.0,0,0.0,,,
2026-01-14 07:04:20,"Early Morning Workout",1h 1m,"Triceps Extension (Dumbbell)",2,24.0,5.0,0,0.0,,,
2026-01-14 07:04:20,"Early Morning Workout",1h 1m,"Triceps Extension (Dumbbell)",3,24.0,6.0,0,0.0,,,
2026-01-14 07:04:20,"Early Morning Workout",1h 1m,"Incline Bench Press (Dumbbell)",1,20.0,8.0,0,0.0,"",,
2026-01-14 07:04:20,"Early Morning Workout",1h 1m,"Incline Bench Press (Dumbbell)",2,22.0,8.0,0,0.0,,,
2026-01-14 07:04:20,"Early Morning Workout",1h 1m,"Incline Bench Press (Dumbbell)",3,22.0,8.0,0,0.0,,,
2026-01-14 07:04:20,"Early Morning Workout",1h 1m,"Tricep kickback (dumbbell)",1,10.0,8.0,0,0.0,"",,
2026-01-14 07:04:20,"Early Morning Workout",1h 1m,"Tricep kickback (dumbbell)",2,16.0,8.0,0,0.0,,,
2026-01-14 07:04:20,"Early Morning Workout",1h 1m,"Tricep kickback (dumbbell)",3,16.0,8.0,0,0.0,,,
2026-01-14 07:04:20,"Early Morning Workout",1h 1m,"Chest Press (Machine)",1,40.0,8.0,0,0.0,"",,
2026-01-14 07:04:20,"Early Morning Workout",1h 1m,"Chest Press (Machine)",2,80.0,5.0,0,0.0,,,
2026-01-14 07:04:20,"Early Morning Workout",1h 1m,"Chest Press (Machine)",3,80.0,4.0,0,0.0,,,
2026-01-15 06:37:42,"Early Morning Workout",43m,"Romanian Deadlift (Barbell)",W,20.0,8.0,0,0.0,"","",
2026-01-15 06:37:42,"Early Morning Workout",43m,"Romanian Deadlift (Barbell)",1,40.0,8.0,0,0.0,,,
2026-01-15 06:37:42,"Early Morning Workout",43m,"Romanian Deadlift (Barbell)",2,60.0,8.0,0,0.0,,,
2026-01-15 06:37:42,"Early Morning Workout",43m,"Squat (Barbell)",W,20.0,8.0,0,0.0,"",,
2026-01-15 06:37:42,"Early Morning Workout",43m,"Squat (Barbell)",1,60.0,8.0,0,0.0,,,
2026-01-15 06:37:42,"Early Morning Workout",43m,"Squat (Barbell)",2,80.0,6.0,0,0.0,,,
2026-01-15 06:37:42,"Early Morning Workout",43m,"Squat (Barbell)",3,90.0,4.0,0,0.0,,,
2026-01-15 06:37:42,"Early Morning Workout",43m,"Leg Press",W,80.0,8.0,0,0.0,"",,
2026-01-15 06:37:42,"Early Morning Workout",43m,"Leg Press",1,120.0,8.0,0,0.0,,,
2026-01-15 06:37:42,"Early Morning Workout",43m,"Leg Press",2,160.0,8.0,0,0.0,,,
2026-01-15 06:37:42,"Early Morning Workout",43m,"Leg Press",3,160.0,6.0,0,0.0,,,
2026-01-15 06:37:42,"Early Morning Workout",43m,"Calf Press on Leg Press",W,36.29,8.0,0,0.0,"",,
2026-01-15 06:37:42,"Early Morning Workout",43m,"Calf Press on Leg Press",1,54.43,8.0,0,0.0,,,
2026-01-15 06:37:42,"Early Morning Workout",43m,"Calf Press on Leg Press",2,72.57,10.0,0,0.0,,,
2026-01-15 06:37:42,"Early Morning Workout",43m,"Calf Press on Leg Press",3,72.57,10.0,0,0.0,,,
2026-01-16 07:03:15,"Early Morning Workout",34m,"Seated Row (Cable)",W,20.0,8.0,0,0.0,"","",
2026-01-16 07:03:15,"Early Morning Workout",34m,"Seated Row (Cable)",1,55.0,8.0,0,0.0,,,
2026-01-16 07:03:15,"Early Morning Workout",34m,"Seated Row (Cable)",2,60.0,8.0,0,0.0,,,
2026-01-16 07:03:15,"Early Morning Workout",34m,"Seated Row (Cable)",3,60.0,8.0,0,0.0,,,
2026-01-16 07:03:15,"Early Morning Workout",34m,"Pull Up",1,0,3.0,0,0.0,"",,
2026-01-16 07:03:15,"Early Morning Workout",34m,"Pull Up",2,10.0,3.0,0,0.0,,,
2026-01-16 07:03:15,"Early Morning Workout",34m,"Pull Up",F,10.0,3.0,0,0.0,,,
2026-01-16 07:03:15,"Early Morning Workout",34m,"Pull Up",4,0.0,3.0,0,0.0,,,
2026-01-16 07:03:15,"Early Morning Workout",34m,"Preacher Curl (Barbell)",W,15.0,8.0,0,0.0,"",,
2026-01-16 07:03:15,"Early Morning Workout",34m,"Preacher Curl (Barbell)",1,20.0,8.0,0,0.0,,,
2026-01-16 07:03:15,"Early Morning Workout",34m,"Preacher Curl (Barbell)",2,25.0,8.0,0,0.0,,,
2026-01-16 07:03:15,"Early Morning Workout",34m,"Preacher Curl (Barbell)",3,25.0,6.0,0,0.0,,,
2026-01-18 09:34:18,"Morning Workout",58m,"Leg Extension (Machine)",W,35.0,8.0,0,0.0,"","",
2026-01-18 09:34:18,"Morning Workout",58m,"Leg Extension (Machine)",1,60.0,8.0,0,0.0,,,
2026-01-18 09:34:18,"Morning Workout",58m,"Leg Extension (Machine)",2,70.0,10.0,0,0.0,,,
2026-01-18 09:34:18,"Morning Workout",58m,"Leg Extension (Machine)",3,80.0,8.0,0,0.0,,,
2026-01-18 09:34:18,"Morning Workout",58m,"Standing Calf Raise (Dumbbell)",1,0.0,8.0,0,0.0,"",,
2026-01-18 09:34:18,"Morning Workout",58m,"Standing Calf Raise (Dumbbell)",2,5.0,10.0,0,0.0,,,
2026-01-18 09:34:18,"Morning Workout",58m,"Standing Calf Raise (Dumbbell)",3,10.0,10.0,0,0.0,,,
2026-01-18 09:34:18,"Morning Workout",58m,"Romanian Deadlift (Barbell)",W,20.0,8.0,0,0.0,"",,
2026-01-18 09:34:18,"Morning Workout",58m,"Romanian Deadlift (Barbell)",1,40.0,8.0,0,0.0,,,
2026-01-18 09:34:18,"Morning Workout",58m,"Romanian Deadlift (Barbell)",2,60.0,8.0,0,0.0,,,
2026-01-18 09:34:18,"Morning Workout",58m,"Squat (Barbell)",W,20.0,8.0,0,0.0,"",,
2026-01-18 09:34:18,"Morning Workout",58m,"Squat (Barbell)",1,60.0,8.0,0,0.0,,,
2026-01-18 09:34:18,"Morning Workout",58m,"Squat (Barbell)",2,80.0,8.0,0,0.0,,,
2026-01-18 09:34:18,"Morning Workout",58m,"Squat (Barbell)",3,90.0,8.0,0,0.0,,,
2026-01-19 07:23:13,"Early Morning Workout",31m,"Triceps Pushdown (Cable - Straight Bar)",W,25.0,8.0,0,0.0,"","",
2026-01-19 07:23:13,"Early Morning Workout",31m,"Triceps Pushdown (Cable - Straight Bar)",1,30.0,8.0,0,0.0,,,
2026-01-19 07:23:13,"Early Morning Workout",31m,"Triceps Pushdown (Cable - Straight Bar)",2,50.0,8.0,0,0.0,,,
2026-01-19 07:23:13,"Early Morning Workout",31m,"Triceps Pushdown (Cable - Straight Bar)",3,70.0,8.0,0,0.0,,,
2026-01-19 07:23:13,"Early Morning Workout",31m,"Triceps Pushdown (Cable - Straight Bar)",4,70.0,5.0,0,0.0,,,
2026-01-19 07:23:13,"Early Morning Workout",31m,"Bench Press (Barbell)",W,20.0,8.0,0,0.0,"",,
2026-01-19 07:23:13,"Early Morning Workout",31m,"Bench Press (Barbell)",1,60.0,8.0,0,0.0,,,
2026-01-19 07:23:13,"Early Morning Workout",31m,"Bench Press (Barbell)",2,80.0,3.0,0,0.0,,,
2026-01-19 07:23:13,"Early Morning Workout",31m,"Bench Press (Barbell)",3,70.0,5.0,0,0.0,,,
2026-01-19 07:23:13,"Early Morning Workout",31m,"Bench Press (Barbell)",4,70.0,6.0,0,0.0,,,
2026-01-20 06:38:37,"Early Morning Workout",41m,"Seated Row (Cable)",W,40.0,8.0,0,0.0,"","",
2026-01-20 06:38:37,"Early Morning Workout",41m,"Seated Row (Cable)",1,60.0,8.0,0,0.0,,,
2026-01-20 06:38:37,"Early Morning Workout",41m,"Seated Row (Cable)",2,60.0,8.0,0,0.0,,,
2026-01-20 06:38:37,"Early Morning Workout",41m,"Seated Row (Cable)",3,65.0,8.0,0,0.0,,,
2026-01-20 06:38:37,"Early Morning Workout",41m,"Deadlift (Barbell)",W,20.0,8.0,0,0.0,"",,
2026-01-20 06:38:37,"Early Morning Workout",41m,"Deadlift (Barbell)",1,60.0,8.0,0,0.0,,,
2026-01-20 06:38:37,"Early Morning Workout",41m,"Deadlift (Barbell)",2,80.0,8.0,0,0.0,,,
2026-01-20 06:38:37,"Early Morning Workout",41m,"Deadlift (Barbell)",3,80.0,8.0,0,0.0,,,
2026-01-20 06:38:37,"Early Morning Workout",41m,"Deadlift (Barbell)",4,80.0,8.0,0,0.0,,,
2026-01-20 06:38:37,"Early Morning Workout",41m,"Bent Over One Arm Row (Dumbbell)",1,20.0,6.0,0,0.0,"",,
2026-01-20 06:38:37,"Early Morning Workout",41m,"Bent Over One Arm Row (Dumbbell)",2,20.0,8.0,0,0.0,,,
2026-01-20 06:38:37,"Early Morning Workout",41m,"Bent Over One Arm Row (Dumbbell)",3,20.0,8.0,0,0.0,,,
2026-01-22 06:33:18,"Early Morning Workout",1h 6m,"Leg Extension (Machine)",W,35.0,8.0,0,0.0,"","",
2026-01-22 06:33:18,"Early Morning Workout",1h 6m,"Leg Extension (Machine)",1,60.0,8.0,0,0.0,,,
2026-01-22 06:33:18,"Early Morning Workout",1h 6m,"Leg Extension (Machine)",2,70.0,8.0,0,0.0,,,
2026-01-22 06:33:18,"Early Morning Workout",1h 6m,"Leg Extension (Machine)",3,80.0,8.0,0,0.0,,,
2026-01-22 06:33:18,"Early Morning Workout",1h 6m,"Romanian Deadlift (Barbell)",W,20.0,8.0,0,0.0,"",,
2026-01-22 06:33:18,"Early Morning Workout",1h 6m,"Romanian Deadlift (Barbell)",1,60.0,8.0,0,0.0,,,
2026-01-22 06:33:18,"Early Morning Workout",1h 6m,"Romanian Deadlift (Barbell)",2,80.0,8.0,0,0.0,,,
2026-01-22 06:33:18,"Early Morning Workout",1h 6m,"Romanian Deadlift (Barbell)",3,100.0,5.0,0,0.0,,,
2026-01-22 06:33:18,"Early Morning Workout",1h 6m,"Squat (Barbell)",W,20.0,8.0,0,0.0,"",,
2026-01-22 06:33:18,"Early Morning Workout",1h 6m,"Squat (Barbell)",1,60.0,6.0,0,0.0,,,
2026-01-22 06:33:18,"Early Morning Workout",1h 6m,"Squat (Barbell)",2,100.0,5.0,0,0.0,,,
2026-01-22 06:33:18,"Early Morning Workout",1h 6m,"Squat (Barbell)",3,100.0,5.0,0,0.0,,,
2026-01-22 06:33:18,"Early Morning Workout",1h 6m,"Leg Press",W,20.0,8.0,0,0.0,"",,
2026-01-22 06:33:18,"Early Morning Workout",1h 6m,"Leg Press",1,80.0,8.0,0,0.0,,,
2026-01-22 06:33:18,"Early Morning Workout",1h 6m,"Leg Press",2,120.0,8.0,0,0.0,,,
2026-01-22 06:33:18,"Early Morning Workout",1h 6m,"Leg Press",3,160.0,8.0,0,0.0,,,
2026-01-22 06:33:18,"Early Morning Workout",1h 6m,"Calf Press on Leg Press",W,20.0,10.0,0,0.0,"",,
2026-01-22 06:33:18,"Early Morning Workout",1h 6m,"Calf Press on Leg Press",1,80.0,10.0,0,0.0,,,
2026-01-22 06:33:18,"Early Morning Workout",1h 6m,"Calf Press on Leg Press",2,120.0,10.0,0,0.0,,,
2026-01-22 06:33:18,"Early Morning Workout",1h 6m,"Calf Press on Leg Press",3,160.0,8.0,0,0.0,,,
2026-01-25 08:40:52,"Morning Workout",1h,"Hip Abductor (Machine)",1,21.0,8.0,0,0.0,"","",
2026-01-25 08:40:52,"Morning Workout",1h,"Hip Abductor (Machine)",2,37.0,8.0,0,0.0,,,
2026-01-25 08:40:52,"Morning Workout",1h,"Hip Abductor (Machine)",3,53.0,8.0,0,0.0,,,
2026-01-25 08:40:52,"Morning Workout",1h,"Hip Abductor (Machine)",4,77.0,8.0,0,0.0,,,
2026-01-25 08:40:52,"Morning Workout",1h,"Chest Fly",1,50.0,8.0,0,0.0,"",,
2026-01-25 08:40:52,"Morning Workout",1h,"Chest Fly",2,60.0,8.0,0,0.0,,,
2026-01-25 08:40:52,"Morning Workout",1h,"Chest Fly",3,65.0,8.0,0,0.0,,,
2026-01-25 08:40:52,"Morning Workout",1h,"Lying Leg Curl (Machine)",1,30.0,8.0,0,0.0,"",,
2026-01-25 08:40:52,"Morning Workout",1h,"Lying Leg Curl (Machine)",2,40.0,8.0,0,0.0,,,
2026-01-25 08:40:52,"Morning Workout",1h,"Lying Leg Curl (Machine)",3,50.0,8.0,0,0.0,,,
2026-01-25 08:40:52,"Morning Workout",1h,"Cable side pull",1,20.0,8.0,0,0.0,"",,
2026-01-25 08:40:52,"Morning Workout",1h,"Cable side pull",2,20.0,8.0,0,0.0,,,
2026-01-25 08:40:52,"Morning Workout",1h,"Cable side pull",3,25.0,8.0,0,0.0,,,
2026-01-25 08:40:52,"Morning Workout",1h,"Seated Calf Raise (Plate Loaded)",1,20.0,8.0,0,0.0,"",,
2026-01-25 08:40:52,"Morning Workout",1h,"Seated Calf Raise (Plate Loaded)",2,40.0,8.0,0,0.0,,,
2026-01-25 08:40:52,"Morning Workout",1h,"Seated Calf Raise (Plate Loaded)",3,60.0,7.0,0,0.0,,,